GENE_CLEAN	SAMPLES_DETECTED	PREVALENCE_PERCENT	TOTAL_HITS
sul1	64	80.00	64
msr(E)	54	67.50	54
mph(E)	52	65.00	52
aph(3'')-Ib	50	62.50	50
aph(6)-Id	47	58.75	47
sul2	41	51.25	41
erm(B)	37	46.25	38
ant(3'')-Ia	36	45.00	37
tet(W)	35	43.75	35
tet(O)	33	41.25	33
tet(39)	32	40.00	32
blaOXA-4	31	38.75	31
erm(F)	26	32.50	26
tet(C)	26	32.50	26
aadA5	24	30.00	24
tet(40)	23	28.75	23
tet(Q)	23	28.75	31
ant(6)-Ia	22	27.50	26
lnu(C)	22	27.50	22
mph(A)	22	27.50	22
mph(G)	22	27.50	23
blaOXA-10	21	26.25	21
blaOXA-2	21	26.25	21
mef(C)	21	26.25	26
aadA11	20	25.00	22
ant(2'')-Ia	20	25.00	20
tet(X)	18	22.50	18
aadA2	17	21.25	17
blaOXA-205	16	20.00	16
mef(A)	16	20.00	25
msr(D)	16	20.00	21
cfxA6	15	18.75	15
qnrS2	15	18.75	15
cat	14	17.50	14
ere(A)	14	17.50	14
catB3	13	16.25	13
catS	13	16.25	13
cfr(C)	13	16.25	13
aph(3')-III	12	15.00	12
cfxA3	12	15.00	12
tet(A)	12	15.00	12
tet(M)	12	15.00	15
aadA13	11	13.75	11
blaOXA-20	11	13.75	11
cmx	11	13.75	11
lnu(B)	11	13.75	11
aadA6	10	12.50	10
blaBEL-1	10	12.50	10
erm(X)	10	12.50	10
CmlA7	9	11.25	9
aac(3)-Ia	9	11.25	9
aac(6')-IIc	9	11.25	9
aac(6')-Il	9	11.25	9
aadA10	9	11.25	9
blaOXA-211	9	11.25	12
blaOXA-427	9	11.25	10
blaOXA-58	9	11.25	9
qnrB19	9	11.25	9
qnrVC4	9	11.25	9
ARR-3	8	10.00	8
ARR-8	8	10.00	8
aadA1	8	10.00	8
aadA7	8	10.00	8
blaGES-5	8	10.00	8
blaIMP-16	8	10.00	8
dfrA14	8	10.00	8
ere(D)	8	10.00	8
erm(G)	8	10.00	11
qnrVC1	8	10.00	8
aph(3')-Ia	7	8.75	7
blaIMP-33	7	8.75	7
blaOXA-296	7	8.75	14
blaOXA-333	7	8.75	9
dfrA1	7	8.75	7
lsa(E)	7	8.75	7
blaOXA-119	6	7.50	6
blaOXA-129	6	7.50	6
dfrB1	6	7.50	6
lnu(F)	6	7.50	7
mef(B)	6	7.50	6
tet(E)	6	7.50	7
tet(G)	6	7.50	7
CmlA9	5	6.25	5
aac(6')-Ib-cr	5	6.25	5
aadA16	5	6.25	5
blaOXA-101	5	6.25	5
blaOXA-212	5	6.25	5
blaOXA-280	5	6.25	6
blaOXA-347	5	6.25	5
blaOXA-46	5	6.25	5
blaVEB-1	5	6.25	5
catQ	5	6.25	5
tet(32)	5	6.25	5
tet(44)	5	6.25	5
aac(3)-IIa	4	5.00	4
aac(6')-31	4	5.00	4
aac(6')-IIa	4	5.00	4
ampS	4	5.00	5
blaACI-1	4	5.00	4
blaAER-1	4	5.00	5
blaBRO-2	4	5.00	4
blaGES-1	4	5.00	4
blaIMP-5	4	5.00	4
blaOXA-1	4	5.00	4
blaOXA-256	4	5.00	4
blaOXA-373	4	5.00	4
blaOXA-9	4	5.00	4
blaSCO-1	4	5.00	4
blaTEM-1B	4	5.00	4
blaVEB-3	4	5.00	4
catB8	4	5.00	4
catP	4	5.00	4
dfrA12	4	5.00	4
erm(47)	4	5.00	4
lnu(D)	4	5.00	4
mph(N)	4	5.00	4
FloR	3	3.75	3
TOprJ3	3	3.75	3
aac(3)-IId	3	3.75	3
aac(6')-Ib	3	3.75	3
aph(3')-VIb	3	3.75	3
blaPAU-1	3	3.75	3
catB2	3	3.75	3
erm(50)	3	3.75	3
lnu(G)	3	3.75	3
nimA	3	3.75	3
nimD	3	3.75	3
aac(6')-Im	2	2.50	2
aadA17	2	2.50	2
aph(2'')-Ib	2	2.50	2
aph(3')-VI	2	2.50	2
blaCEPH-A3	2	2.50	3
blaFOX-2	2	2.50	2
blaGES-11	2	2.50	2
blaGES-2	2	2.50	2
blaMOX-6	2	2.50	2
blaNPS	2	2.50	2
blaOXA-21	2	2.50	2
blaOXA-224	2	2.50	2
blaOXA-464	2	2.50	2
blaPER-4	2	2.50	2
blaSHV-12	2	2.50	2
blaTEM-104	2	2.50	2
blaTEM-122	2	2.50	2
cfxA	2	2.50	2
cml	2	2.50	2
cphA4	2	2.50	2
dfrA15	2	2.50	2
dfrA21	2	2.50	2
dfrA6	2	2.50	2
dfrA7	2	2.50	2
dfrB4	2	2.50	2
erm(A)	2	2.50	2
fosA	2	2.50	3
mcr-3.17	2	2.50	2
mph(F)	2	2.50	2
qnrD1	2	2.50	2
str	2	2.50	2
tet(B)	2	2.50	2
tmexC3	2	2.50	2
OqxA	1	1.25	1
aac(3)-VIa	1	1.25	1
aac(6')-Ib-Hangzhou	1	1.25	1
aac(6')-Ii	1	1.25	1
aac(6')-aph(2'')	1	1.25	1
aadA8b	1	1.25	1
aadD	1	1.25	1
aph(3')-VIa	1	1.25	1
blaCARB-8	1	1.25	1
blaCMY-48	1	1.25	1
blaCMY-65	1	1.25	1
blaCTX-M-3	1	1.25	1
blaCTX-M-36	1	1.25	1
blaFOX-9	1	1.25	1
blaGES-14	1	1.25	1
blaGES-20	1	1.25	1
blaIMP-1	1	1.25	1
blaIMP-28	1	1.25	1
blaIMP-54	1	1.25	1
blaKLUC-2	1	1.25	1
blaLCR-1	1	1.25	1
blaOXA-13	1	1.25	1
blaOXA-281	1	1.25	1
blaOXA-299	1	1.25	1
blaOXA-334	1	1.25	1
blaOXA-392	1	1.25	1
blaOXA-5	1	1.25	1
blaOXA-72	1	1.25	1
blaPLA1a	1	1.25	1
blaROB-1	1	1.25	1
blaSHV-129	1	1.25	1
blaTEM-116	1	1.25	1
blaTEM-141	1	1.25	1
blaTER-2	1	1.25	1
blaTLA-1	1	1.25	1
cat(pC194)	1	1.25	1
cfxA5	1	1.25	1
cphA1	1	1.25	1
dfrA10	1	1.25	1
dfrA27	1	1.25	1
dfrA3	1	1.25	1
dfrA5	1	1.25	1
dfrD	1	1.25	1
dfrG	1	1.25	1
erm(Q)	1	1.25	1
fosE	1	1.25	1
lnu(A)	1	1.25	1
mcr-3.19	1	1.25	1
mcr-3.33	1	1.25	1
mcr-9.1	1	1.25	1
qnrS10	1	1.25	1
sul4	1	1.25	1
tet(36)	1	1.25	1
tet(O/W)	1	1.25	1
tet(S)	1	1.25	1
tetB(P)	1	1.25	1
tmexC2	1	1.25	1
tmexD2	1	1.25	1
tmexD3	1	1.25	1
