#FILE	NUM_FOUND	ARR-3_4	ARR-8_1	CmlA7_1	CmlA9_1	FloR_4	FloR_9	OqxA_1	OqxB_1	TOprJ3_1	aac(3)-IIa_1	aac(3)-IId_1	aac(3)-Ia_1	aac(3)-VIa_2	aac(6')-31_1	aac(6')-IIa_1	aac(6')-IIc_1	aac(6')-Ib-Hangzhou_1	aac(6')-Ib-cr_1	aac(6')-Ib_1	aac(6')-Ii_1	aac(6')-Il_1	aac(6')-Im_1	aac(6')-Ir_1	aac(6')-aph(2'')_1	aadA10_1	aadA10_2	aadA11_1	aadA11_2	aadA13_1	aadA14_1	aadA16_1	aadA17_1	aadA1_2	aadA1_3	aadA1_5	aadA2_1	aadA5_1	aadA6_1	aadA7_1	aadA8b_1	aadD_1	ampS_1	ant(2'')-Ia_1	ant(2'')-Ia_20	ant(3'')-Ia_1	ant(6)-Ia_1	ant(6)-Ia_2	ant(6)-Ia_3	aph(2'')-Ib_3	aph(3'')-Ib_2	aph(3'')-Ib_5	aph(3')-III_1	aph(3')-Ia_1	aph(3')-Ia_7	aph(3')-VI_1	aph(3')-VIa_1	aph(3')-VIb_1	aph(6)-Id_1	blaACI-1_1	blaACT-4_2	blaADC-25_1	blaAER-1_1	blaBEL-1_1	blaBRO-2_1	blaCARB-8_1	blaCEPH-A3_1	blaCMY-1_1	blaCMY-48_1	blaCMY-65_1	blaCMY-8b_1	blaCTX-M-36_1	blaCTX-M-3_1	blaFOX-1_1	blaFOX-2_1	blaFOX-5_1	blaFOX-9_1	blaGES-11_1	blaGES-14_1	blaGES-1_1	blaGES-20_1	blaGES-2_1	blaGES-5_1	blaIMP-16_1	blaIMP-1_1	blaIMP-28_1	blaIMP-33_1	blaIMP-54_1	blaIMP-5_1	blaKLUC-2_1	blaLCR-1_1	blaMOX-6_1	blaNPS_1	blaOXA-101_1	blaOXA-10_1	blaOXA-1186_1	blaOXA-119_1	blaOXA-129_1	blaOXA-13_1	blaOXA-1_1	blaOXA-205_1	blaOXA-209_1	blaOXA-20_1	blaOXA-20_2	blaOXA-211_1	blaOXA-212_1	blaOXA-21_1	blaOXA-224_1	blaOXA-256_1	blaOXA-280_1	blaOXA-281_1	blaOXA-296_1	blaOXA-299_1	blaOXA-2_1	blaOXA-333_1	blaOXA-334_1	blaOXA-347_1	blaOXA-372_1	blaOXA-373_1	blaOXA-392_1	blaOXA-3_1	blaOXA-427_1	blaOXA-459_1	blaOXA-464_1	blaOXA-46_1	blaOXA-490_1	blaOXA-491_1	blaOXA-4_1	blaOXA-549_1	blaOXA-58_1	blaOXA-5_1	blaOXA-72_1	blaOXA-9_1	blaPAU-1_1	blaPER-4_1	blaPLA1a_1	blaROB-1_1	blaSCO-1_1	blaSHV-129_1	blaSHV-12_1	blaTEM-104_1	blaTEM-116_1	blaTEM-122_1	blaTEM-141_1	blaTEM-1B_1	blaTER-2_1	blaTLA-1_1	blaVEB-1_1	blaVEB-1_3	blaVEB-3_1	cat(pC194)_1	catB2_1	catB3_2	catB8_1	catP_1	catQ_1	catS_1	cat_2	cepA_6	cfr(C)_2	cfxA3_1	cfxA5_1	cfxA6_1	cfxA_1	cmlB1_1	cml_1	cmx_1	cphA1_3	cphA4_1	dfrA10_1	dfrA12_4	dfrA12_8	dfrA14_5	dfrA15_1	dfrA15_2	dfrA1_10	dfrA1_3	dfrA1_8	dfrA21_1	dfrA27_1	dfrA3_1	dfrA5_1	dfrA6_2	dfrA7_5	dfrB1_1	dfrB4_1	dfrB6_1	dfrD_1	dfrG_1	ere(A)_2	ere(A)_6	ere(B)_1	ere(B)_2	ere(D)_1	erm(47)_1	erm(50)_1	erm(A)_2	erm(B)_1	erm(B)_10	erm(B)_12	erm(B)_15	erm(B)_18	erm(F)_1	erm(F)_3	erm(G)_1	erm(Q)_1	erm(X)_1	erm(X)_2	fosA2_1	fosA_2	fosE_1	lnu(A)_1	lnu(B)_2	lnu(C)_1	lnu(D)_1	lnu(F)_1	lnu(F)_2	lnu(F)_3	lnu(G)_1	lsa(E)_1	mcr-3.17_1	mcr-3.19_1	mcr-3.24_1	mcr-3.33_1	mcr-3.6_1	mcr-9.1_1	mef(A)_1	mef(A)_2	mef(A)_3	mef(A)_4	mef(B)_1	mef(C)_1	mph(A)_1	mph(A)_2	mph(E)_1	mph(F)_1	mph(G)_1	mph(N)_1	msr(D)_2	msr(D)_3	msr(E)_1	nimA_1	nimD_1	qnrB19_1	qnrD1_1	qnrS10_1	qnrS2_1	qnrVC1_1	qnrVC4_1	str_1	sul1_14	sul1_15	sul1_2	sul1_5	sul1_9	sul2_1	sul2_11	sul2_12	sul2_14	sul2_2	sul4_1	tet(32)_1	tet(32)_2	tet(36)_1	tet(39)_1	tet(39)_2	tet(40)_1	tet(40)_2	tet(44)_1	tet(44)_2	tet(A)_3	tet(A)_4	tet(A)_6	tet(B)_1	tet(C)_2	tet(C)_3	tet(E)_2	tet(E)_3	tet(G)_1	tet(G)_2	tet(M)_1	tet(M)_12	tet(M)_4	tet(M)_5	tet(M)_7	tet(M)_8	tet(O)_1	tet(O)_2	tet(O)_3	tet(O/W)_4	tet(Q)_1	tet(Q)_3	tet(S)_3	tet(W)_1	tet(W)_3	tet(W)_4	tet(W)_5	tet(X)_1	tet(X)_2	tetA(P)_3	tetB(P)_1	tmexC2_1	tmexC3_1	tmexD2_1	tmexD3_1
/home/user/ww_amr_batch/amr_results/SRR21621033_resfinder.tsv	13	.	.	.	.	.	.	.	.	.	.	.	.	.	.	.	.	.	.	.	.	.	.	.	.	.	.	71.63	.	.	.	.	.	.	.	.	79.85	.	.	.	.	.	.	.	.	83.23	.	.	.	.	71.27	.	.	.	.	.	.	.	96.18	.	.	.	.	.	.	.	.	.	.	.	.	.	.	.	.	.	.	.	.	.	.	.	.	.	.	.	.	.	100.00	.	.	.	.	.	.	.	.	.	.	.	.	.	.	.	.	.	.	.	100.00	.	.	.	.	.	.	.	.	.	.	.	.	.	.	.	.	.	.	100.00	.	.	.	.	.	.	.	.	.	.	.	.	.	.	.	.	.	.	.	.	.	.	.	.	.	.	.	.	.	.	.	.	.	.	.	.	.	.	.	.	.	.	.	.	.	.	.	.	.	.	.	.	.	.	.	.	.	.	.	.	.	.	.	.	.	.	.	.	.	.	.	.	.	.	.	.	.	.	.	.	.	.	.	.	.	.	.	.	.	.	.	.	.	.	.	.	.	.	.	.	.	.	.	.	.	.	100.00	.	.	.	.	.	100.00	.	.	.	.	.	100.00	.	.	.	.	.	.	100.00	.	.	.	.	.	.	.	.	.	.	.	.	.	.	.	.	.	.	.	.	.	66.67	.	.	.	.	.	.	.	.	.	.	.	.	.	.	.	.	.	.	.	.	.	.	.	.	.	.	.	.	.
/home/user/ww_amr_batch/amr_results/SRR21621034_resfinder.tsv	5	.	.	.	.	.	.	.	.	.	.	.	.	.	.	.	.	.	.	.	.	.	.	.	.	.	.	.	.	.	.	.	.	.	.	72.10	.	.	.	.	.	.	.	.	.	.	.	.	.	.	.	.	.	.	.	.	.	.	.	.	.	.	.	.	.	.	.	.	.	.	.	.	.	.	.	.	.	.	.	.	.	.	.	.	.	.	.	.	.	.	.	.	.	.	.	.	.	.	.	.	.	.	.	.	.	.	.	.	.	.	.	.	.	.	.	.	.	.	.	.	.	.	.	.	.	.	.	.	.	.	.	.	.	.	.	.	.	.	.	.	.	.	.	.	.	.	.	.	.	.	.	.	.	.	.	.	.	.	.	.	.	.	.	.	.	.	.	.	.	.	.	.	.	.	.	.	.	.	.	.	.	.	.	.	.	.	.	.	.	.	.	.	.	.	.	.	.	.	.	.	.	.	.	.	.	.	.	.	.	.	.	.	.	.	.	.	.	.	.	.	.	.	.	.	.	.	.	.	.	.	.	.	.	.	78.87	.	.	63.04	.	.	100.00	.	.	.	.	.	.	.	.	.	.	.	.	100.00	.	.	.	.	.	.	.	.	.	.	.	.	.	.	.	.	.	.	.	.	.	.	.	.	.	.	.	.	.	.	.	.	.	.	.	.	.	.	.	.	.	.	.	.	.	.	.	.	.	.	.
/home/user/ww_amr_batch/amr_results/SRR21621035_resfinder.tsv	20	.	.	.	.	.	.	.	.	.	.	.	.	.	.	.	.	.	.	.	.	.	.	.	.	.	.	.	.	84.84	.	.	.	.	.	.	.	.	.	.	.	.	.	.	.	82.82	.	.	.	.	99.88	.	.	.	.	.	.	.	.	.	.	.	.	.	.	.	.	.	.	.	.	.	.	.	.	.	.	.	.	.	.	.	.	80.57	.	.	.	.	.	.	.	.	.	.	78.78	.	.	.	.	.	100.00	.	74.16	.	.	.	.	.	.	.	.	.	.	.	.	.	.	.	.	.	.	.	.	94.88	63.05	.	.	100.00	.	.	.	.	.	.	.	.	.	.	.	.	.	.	.	.	.	.	.	.	.	.	.	.	.	.	.	.	.	.	.	.	.	.	85.54	.	.	.	.	.	.	.	.	.	.	.	.	.	.	.	.	.	.	.	.	.	.	.	.	.	.	.	.	.	.	.	.	.	.	65.18	.	.	.	.	.	90.76	.	.	.	.	.	.	.	.	.	.	.	.	.	.	.	.	.	.	.	.	.	.	.	.	.	.	.	.	97.24	.	100.00	.	.	.	.	.	100.00	.	.	.	.	.	.	.	.	.	.	.	.	100.00	.	.	.	.	.	85.42	.	.	.	.	.	.	.	.	.	.	.	.	.	.	.	.	.	.	.	.	.	.	.	.	.	.	.	.	.	.	73.94	.	.	.	.	.	.	.	65.21	.	.	.	.	.	.
/home/user/ww_amr_batch/amr_results/SRR21621036_resfinder.tsv	27	.	.	.	.	.	.	.	.	.	.	.	.	.	.	.	.	.	.	.	.	.	.	.	.	.	74.10	.	.	.	.	.	.	.	.	.	.	73.51	.	.	.	.	.	.	.	82.51	.	.	.	.	71.02	.	.	.	.	.	.	.	100.00	.	.	.	.	100.00	.	.	.	.	.	.	.	.	.	.	.	.	.	.	.	.	.	.	.	100.00	.	70.04	.	.	.	.	.	.	.	.	100.00	.	76.78	.	.	.	.	.	.	96.50;99.88	.	.	.	.	.	.	.	.	.	.	.	.	.	.	.	.	.	.	.	68.50	.	.	.	100.00	.	.	.	.	.	.	.	.	.	.	.	.	.	.	.	.	.	.	.	.	.	.	.	.	.	.	.	.	.	.	.	.	65.73	.	.	.	.	.	.	.	.	.	.	.	.	.	.	.	.	.	.	.	.	.	.	.	.	.	70.46	.	.	.	.	.	.	.	.	.	.	.	96.75	.	.	.	.	95.01	.	.	.	.	.	.	.	.	.	.	.	.	.	.	.	.	.	.	.	.	.	.	.	.	.	.	.	95.42	65.23	.	100.00	.	60.56	.	.	.	100.00	.	.	.	.	.	100.00	.	.	.	.	.	.	100.00	.	.	.	.	.	100.00	.	.	.	.	.	100.00	.	.	.	.	.	.	.	.	.	.	.	.	.	.	.	.	.	.	.	.	.	.	.	.	100.00	.	.	.	.	.	.	.	.	.	.	.	.	.	.
/home/user/ww_amr_batch/amr_results/SRR21621037_resfinder.tsv	20	.	.	.	.	.	.	.	.	.	.	.	.	.	.	.	.	.	.	.	.	.	.	.	.	.	.	.	.	.	.	.	.	.	.	.	.	.	.	.	.	.	.	.	.	83.23	.	.	.	.	78.11	.	.	.	.	.	.	.	66.31	.	.	.	.	.	.	.	.	.	.	.	.	.	.	.	.	.	.	.	.	.	.	.	.	100.00	.	.	87.85	.	.	.	.	.	.	.	.	.	100.00	.	.	.	.	.	.	77.65;96.50	.	.	.	.	65.79	.	.	.	.	.	.	.	.	.	.	.	.	.	.	92.91	.	.	.	100.00	.	.	.	.	.	.	.	.	.	.	.	.	.	.	.	.	.	.	.	.	.	.	.	.	.	.	.	.	.	.	.	.	.	99.79	.	.	.	.	.	.	.	.	.	.	.	.	.	.	.	.	.	.	.	.	.	.	.	.	.	.	.	.	.	.	.	.	.	.	.	.	.	.	.	.	.	95.26	.	.	.	.	.	.	.	.	.	.	.	.	.	.	.	.	.	.	.	.	.	.	.	.	.	.	67.15	.	81.13	.	100.00	.	70.06	.	.	.	100.00	.	.	.	.	.	.	.	.	.	.	.	.	100.00	.	.	.	.	.	100.00	.	.	.	.	.	.	.	.	.	.	.	.	.	.	.	.	.	.	.	.	.	.	.	.	.	.	.	.	.	.	100.00	.	.	.	.	.	.	.	.	.	.	.	.	.	.
/home/user/ww_amr_batch/amr_results/SRR21621038_resfinder.tsv	22	.	.	.	.	.	.	.	.	.	.	.	.	.	.	.	.	.	.	.	.	.	.	.	.	.	.	84.63	.	.	.	.	.	.	.	.	.	96.58	.	.	.	.	.	.	.	82.61	.	.	.	.	92.91	.	.	.	.	.	.	.	100.00	.	.	.	.	.	.	.	.	.	.	.	.	.	.	.	.	.	.	.	.	.	63.43	.	.	.	.	.	.	.	.	.	.	.	.	.	.	.	.	.	.	.	100.00	.	61.30	96.50	.	.	.	.	100.00	.	.	.	.	.	.	.	.	.	.	.	.	.	.	.	.	.	.	100.00	.	.	.	.	.	.	.	.	.	.	.	.	.	.	.	.	.	.	.	.	.	.	.	.	.	.	.	.	.	.	.	.	.	.	.	.	.	.	.	.	.	.	.	.	.	.	.	.	.	.	.	.	.	.	.	.	.	.	70.46	.	.	.	.	.	.	.	.	.	.	.	.	.	.	.	.	100.00	.	.	.	.	.	.	.	.	.	.	.	.	.	.	.	.	.	.	.	.	.	.	.	.	.	.	.	.	.	.	100.00	.	68.14	.	.	.	100.00	.	.	.	.	.	78.23	.	.	.	.	.	.	100.00	.	.	.	.	.	100.00	.	.	.	.	.	79.97	.	.	.	.	.	.	.	.	.	.	.	.	.	.	.	.	.	.	.	.	.	.	.	.	100.00	.	.	.	.	.	.	.	70.01	.	.	.	.	.	.
/home/user/ww_amr_batch/amr_results/SRR21621039_resfinder.tsv	16	.	.	.	.	.	.	.	.	.	.	.	.	.	.	.	.	.	.	.	.	.	.	.	.	.	.	.	.	.	.	.	.	.	85.23	.	.	71.10	.	.	.	.	.	.	.	.	.	.	.	.	.	.	.	.	.	.	.	.	93.19	.	.	.	.	.	.	.	.	.	.	.	.	.	.	.	.	.	.	.	.	.	.	.	.	.	.	.	100.00	.	.	.	.	.	.	.	88.14	.	.	.	.	.	100.00	.	.	.	.	.	.	.	.	.	.	.	.	.	.	.	.	.	.	.	.	.	.	.	.	.	.	100.00	.	.	71.14	.	.	.	.	.	.	.	.	.	.	.	.	.	.	.	.	.	.	.	.	.	.	.	.	.	.	.	.	.	.	.	.	82.61	.	.	.	.	.	.	.	.	.	.	.	.	.	.	.	.	.	.	.	.	.	.	.	.	.	.	.	.	.	.	.	.	.	60.57	.	.	.	.	.	65.67	.	.	.	.	.	.	.	.	.	.	.	.	.	.	.	.	.	.	.	.	.	.	.	.	.	.	.	.	.	.	100.00	.	.	.	.	.	100.00	.	.	.	.	.	.	.	.	.	.	.	.	100.00	.	.	.	.	.	.	.	.	.	.	66.93	.	.	.	.	.	.	.	.	.	.	.	.	.	.	.	.	.	.	.	.	.	.	.	.	.	76.43	.	.	.	.	.	.	.	.	.	.	.	.	.	.
/home/user/ww_amr_batch/amr_results/SRR21621040_resfinder.tsv	17	.	.	.	.	.	.	.	.	.	.	.	.	.	.	.	.	.	.	.	.	.	.	.	.	.	.	.	82.70	.	.	.	.	.	.	.	.	.	99.29	.	.	.	.	.	.	83.54	.	.	.	.	67.66	.	.	.	.	.	.	.	84.83	.	.	.	.	67.96	.	.	.	.	.	.	.	.	.	.	.	.	.	.	.	.	.	.	.	.	.	.	100.00	.	100.00	.	.	.	.	.	100.00	.	.	.	.	.	100.00	.	.	.	.	.	.	.	.	.	.	.	.	.	.	.	.	.	.	.	.	.	.	.	.	.	.	100.00	.	.	.	.	.	.	.	.	.	.	.	.	.	.	.	.	.	.	.	.	.	.	.	.	.	.	.	.	.	.	.	.	.	.	.	.	.	.	.	.	.	.	.	.	.	.	.	.	.	.	.	.	.	.	.	.	.	.	.	.	.	.	.	.	.	.	.	.	.	65.99	.	.	.	.	.	.	.	.	.	.	.	.	.	.	.	.	.	.	.	.	.	.	.	.	.	.	.	.	.	.	.	.	.	100.00	.	.	100.00	.	91.07	.	.	.	100.00	.	.	.	.	.	.	.	.	.	.	.	.	100.00	.	.	.	.	.	.	.	.	.	.	.	.	.	.	.	.	.	.	.	.	.	.	.	.	.	.	.	.	.	.	.	.	.	.	.	.	.	.	.	.	.	.	.	.	.	.	.	.	.	.	.
/home/user/ww_amr_batch/amr_results/SRR21621041_resfinder.tsv	2	.	.	.	.	.	.	.	.	.	.	.	.	.	.	.	.	.	.	.	.	.	.	.	.	.	.	.	.	.	.	.	.	.	.	.	.	.	.	.	.	.	.	.	.	.	.	.	.	.	.	.	.	.	.	.	.	.	.	.	.	.	.	.	.	.	.	.	.	.	.	.	.	.	.	.	.	.	.	.	.	.	.	.	.	.	.	.	.	.	.	.	.	.	.	.	.	.	.	.	.	.	.	96.50	.	.	.	.	.	.	.	.	.	.	.	.	.	.	.	.	.	.	.	.	.	.	.	.	.	.	.	.	.	.	.	.	.	.	.	.	.	.	.	.	.	.	.	.	.	.	.	.	.	.	.	.	.	.	.	.	.	.	.	.	.	.	.	.	.	.	.	.	.	.	.	.	.	.	.	.	.	.	.	.	.	.	.	.	.	.	.	.	.	.	.	.	.	.	.	.	.	.	.	.	.	.	.	.	.	.	.	.	.	.	.	.	.	.	.	.	.	.	.	.	.	.	.	.	.	.	.	.	.	.	.	.	.	.	.	.	64.16	.	.	.	.	.	.	.	.	.	.	.	.	.	.	.	.	.	.	.	.	.	.	.	.	.	.	.	.	.	.	.	.	.	.	.	.	.	.	.	.	.	.	.	.	.	.	.	.	.	.	.	.	.	.	.	.	.	.	.	.	.	.	.	.
/home/user/ww_amr_batch/amr_results/SRR21621042_resfinder.tsv	0	.	.	.	.	.	.	.	.	.	.	.	.	.	.	.	.	.	.	.	.	.	.	.	.	.	.	.	.	.	.	.	.	.	.	.	.	.	.	.	.	.	.	.	.	.	.	.	.	.	.	.	.	.	.	.	.	.	.	.	.	.	.	.	.	.	.	.	.	.	.	.	.	.	.	.	.	.	.	.	.	.	.	.	.	.	.	.	.	.	.	.	.	.	.	.	.	.	.	.	.	.	.	.	.	.	.	.	.	.	.	.	.	.	.	.	.	.	.	.	.	.	.	.	.	.	.	.	.	.	.	.	.	.	.	.	.	.	.	.	.	.	.	.	.	.	.	.	.	.	.	.	.	.	.	.	.	.	.	.	.	.	.	.	.	.	.	.	.	.	.	.	.	.	.	.	.	.	.	.	.	.	.	.	.	.	.	.	.	.	.	.	.	.	.	.	.	.	.	.	.	.	.	.	.	.	.	.	.	.	.	.	.	.	.	.	.	.	.	.	.	.	.	.	.	.	.	.	.	.	.	.	.	.	.	.	.	.	.	.	.	.	.	.	.	.	.	.	.	.	.	.	.	.	.	.	.	.	.	.	.	.	.	.	.	.	.	.	.	.	.	.	.	.	.	.	.	.	.	.	.	.	.	.	.	.	.	.	.	.	.	.	.	.	.	.	.	.	.	.	.	.	.	.	.
/home/user/ww_amr_batch/amr_results/SRR21621043_resfinder.tsv	5	.	.	.	.	.	.	.	.	.	.	.	.	.	.	.	.	.	.	.	.	.	.	.	.	.	.	.	.	.	.	.	.	.	.	.	.	.	.	.	.	.	.	.	.	.	.	.	.	.	.	.	.	.	.	.	.	.	.	.	.	.	.	.	.	.	.	.	.	.	.	.	.	.	.	.	.	.	.	.	.	.	.	.	.	.	.	.	.	.	.	.	.	.	.	.	.	.	.	.	.	.	.	96.50	.	.	.	.	.	.	.	.	.	.	.	.	.	.	.	.	.	.	.	.	.	.	.	.	.	.	.	.	.	.	.	.	.	.	.	.	.	.	.	.	.	.	.	.	.	.	.	.	.	.	.	.	.	.	.	.	.	.	.	.	.	.	.	.	.	.	.	.	.	.	.	.	.	.	.	.	.	.	.	.	.	.	.	.	.	.	.	.	.	.	.	.	.	.	.	.	.	.	.	.	.	.	.	.	.	.	.	.	.	.	.	.	.	.	.	.	.	.	.	.	.	.	.	.	.	.	.	.	.	.	66.10	.	.	.	.	.	60.98	.	.	.	.	.	.	.	.	.	.	.	.	100.00	.	.	63.24	.	.	.	.	.	.	.	.	.	.	.	.	.	.	.	.	.	.	.	.	.	.	.	.	.	.	.	.	.	.	.	.	.	.	.	.	.	.	.	.	.	.	.	.	.	.	.	.
/home/user/ww_amr_batch/amr_results/SRR21621044_resfinder.tsv	0	.	.	.	.	.	.	.	.	.	.	.	.	.	.	.	.	.	.	.	.	.	.	.	.	.	.	.	.	.	.	.	.	.	.	.	.	.	.	.	.	.	.	.	.	.	.	.	.	.	.	.	.	.	.	.	.	.	.	.	.	.	.	.	.	.	.	.	.	.	.	.	.	.	.	.	.	.	.	.	.	.	.	.	.	.	.	.	.	.	.	.	.	.	.	.	.	.	.	.	.	.	.	.	.	.	.	.	.	.	.	.	.	.	.	.	.	.	.	.	.	.	.	.	.	.	.	.	.	.	.	.	.	.	.	.	.	.	.	.	.	.	.	.	.	.	.	.	.	.	.	.	.	.	.	.	.	.	.	.	.	.	.	.	.	.	.	.	.	.	.	.	.	.	.	.	.	.	.	.	.	.	.	.	.	.	.	.	.	.	.	.	.	.	.	.	.	.	.	.	.	.	.	.	.	.	.	.	.	.	.	.	.	.	.	.	.	.	.	.	.	.	.	.	.	.	.	.	.	.	.	.	.	.	.	.	.	.	.	.	.	.	.	.	.	.	.	.	.	.	.	.	.	.	.	.	.	.	.	.	.	.	.	.	.	.	.	.	.	.	.	.	.	.	.	.	.	.	.	.	.	.	.	.	.	.	.	.	.	.	.	.	.	.	.	.	.	.	.	.	.	.	.	.	.
/home/user/ww_amr_batch/amr_results/SRR21621045_resfinder.tsv	2	.	.	.	.	.	.	.	.	.	.	.	.	.	.	.	.	.	.	.	.	.	.	.	.	.	.	.	.	.	.	.	.	.	.	.	.	.	.	.	.	.	.	.	.	.	.	.	.	.	.	.	.	.	.	.	.	.	.	.	.	.	.	.	.	.	.	.	.	.	.	.	.	.	.	.	.	.	.	.	.	.	.	.	.	.	.	.	100.00	.	.	.	.	.	.	.	.	.	.	.	.	.	.	.	.	.	.	.	.	.	.	.	.	.	.	.	.	.	.	.	.	.	.	.	.	.	.	.	.	.	.	.	.	.	.	.	.	.	.	.	.	.	.	.	.	.	.	.	.	.	.	.	.	.	.	.	.	.	.	.	.	.	.	.	.	.	.	.	.	.	.	.	.	.	.	.	.	.	.	.	.	.	.	.	.	.	.	.	.	.	.	.	.	.	.	.	.	.	.	.	.	.	.	.	.	.	.	.	.	.	.	.	.	.	.	.	.	.	.	.	.	.	.	.	.	.	.	.	.	.	.	.	.	.	.	.	.	.	.	.	.	.	.	.	.	.	.	.	.	.	63.10	.	.	.	.	.	.	.	.	.	.	.	.	.	.	.	.	.	.	.	.	.	.	.	.	.	.	.	.	.	.	.	.	.	.	.	.	.	.	.	.	.	.	.	.	.	.	.	.	.	.	.	.	.	.
/home/user/ww_amr_batch/amr_results/SRR21621046_resfinder.tsv	0	.	.	.	.	.	.	.	.	.	.	.	.	.	.	.	.	.	.	.	.	.	.	.	.	.	.	.	.	.	.	.	.	.	.	.	.	.	.	.	.	.	.	.	.	.	.	.	.	.	.	.	.	.	.	.	.	.	.	.	.	.	.	.	.	.	.	.	.	.	.	.	.	.	.	.	.	.	.	.	.	.	.	.	.	.	.	.	.	.	.	.	.	.	.	.	.	.	.	.	.	.	.	.	.	.	.	.	.	.	.	.	.	.	.	.	.	.	.	.	.	.	.	.	.	.	.	.	.	.	.	.	.	.	.	.	.	.	.	.	.	.	.	.	.	.	.	.	.	.	.	.	.	.	.	.	.	.	.	.	.	.	.	.	.	.	.	.	.	.	.	.	.	.	.	.	.	.	.	.	.	.	.	.	.	.	.	.	.	.	.	.	.	.	.	.	.	.	.	.	.	.	.	.	.	.	.	.	.	.	.	.	.	.	.	.	.	.	.	.	.	.	.	.	.	.	.	.	.	.	.	.	.	.	.	.	.	.	.	.	.	.	.	.	.	.	.	.	.	.	.	.	.	.	.	.	.	.	.	.	.	.	.	.	.	.	.	.	.	.	.	.	.	.	.	.	.	.	.	.	.	.	.	.	.	.	.	.	.	.	.	.	.	.	.	.	.	.	.	.	.	.	.	.	.
/home/user/ww_amr_batch/amr_results/SRR21621047_resfinder.tsv	22	.	.	.	.	.	.	.	.	.	.	.	.	.	.	.	.	.	100.00	.	.	.	.	.	.	.	.	66.19	87.25	.	.	.	.	.	.	.	.	.	.	.	.	.	.	.	.	.	.	.	.	.	99.88	.	.	.	.	.	.	.	100.00	.	.	.	.	.	.	.	.	.	.	.	.	.	.	.	.	.	.	.	.	.	.	.	.	.	.	.	70.04	.	.	.	.	.	.	.	.	.	.	.	.	.	100.00	.	.	.	.	.	.	.	100.00	.	.	.	.	61.35	.	.	.	.	.	.	.	.	.	92.26	.	.	.	100.00	.	.	.	.	.	.	.	.	.	.	.	.	.	.	.	.	.	.	.	.	.	.	.	.	.	.	.	.	.	.	.	.	.	.	.	.	.	.	.	.	.	.	.	.	.	.	.	.	.	.	.	.	.	.	.	.	.	.	.	.	.	.	.	.	.	.	.	.	.	.	.	.	.	100.00	.	98.63	.	.	.	.	.	.	.	.	.	.	.	.	.	.	.	.	.	.	.	.	.	.	.	.	.	.	.	.	.	.	100.00	.	77.06	.	.	.	100.00	.	.	.	.	.	100.00	.	.	.	.	.	.	100.00	.	.	.	.	.	.	.	.	.	.	.	.	.	.	.	.	.	.	.	.	.	63.14	.	.	.	.	.	.	.	.	.	.	.	65.52	.	.	98.60	.	.	.	.	.	.	.	100.00	.	.	.	.	.	.
/home/user/ww_amr_batch/amr_results/SRR21621048_resfinder.tsv	22	.	.	.	.	.	.	.	.	.	.	.	.	.	.	.	.	.	.	.	.	.	.	.	.	.	.	67.14	.	.	.	.	.	.	.	.	.	.	.	.	.	.	.	.	.	83.54	.	.	.	.	99.88	.	.	.	.	.	.	.	67.26	.	.	.	.	75.12	.	.	.	.	.	.	.	.	.	.	.	.	.	.	.	.	.	.	.	.	.	.	91.09	.	100.00	.	.	.	.	100.00	.	.	.	.	.	.	70.29	.	.	.	.	.	.	.	.	.	.	.	.	.	.	.	.	100.00	.	.	.	.	.	98.82	.	.	.	100.00	.	.	.	.	.	.	.	.	.	.	.	.	.	.	.	.	.	.	.	.	.	.	.	.	.	.	.	.	.	.	.	.	100.00	.	.	.	.	.	.	.	.	.	.	.	.	.	.	.	.	.	.	.	.	.	.	.	.	.	.	.	.	.	.	.	.	.	.	.	.	.	.	.	.	.	.	100.00	.	.	.	.	.	.	.	.	.	.	.	.	.	.	.	.	.	.	.	.	.	.	.	.	.	.	.	.	.	.	100.00	.	64.63	.	.	.	100.00	.	.	.	.	.	63.32	.	.	.	.	.	.	100.00	.	.	.	.	.	.	.	.	.	.	99.29	.	.	.	.	.	.	.	.	.	.	.	.	.	.	.	.	.	.	.	.	.	.	.	.	.	92.73	.	.	.	.	.	.	.	70.35	.	.	.	.	.	.
/home/user/ww_amr_batch/amr_results/SRR27639468_resfinder.tsv	3	.	.	.	.	.	.	.	.	.	.	.	.	.	.	.	.	.	.	.	.	.	.	.	.	.	.	.	.	.	.	.	.	.	.	.	.	.	.	.	.	.	.	.	.	.	.	.	.	.	.	.	.	.	.	.	.	.	.	.	.	.	.	.	.	.	.	.	.	.	.	.	.	.	.	.	.	.	.	.	.	.	.	.	.	.	.	.	.	.	.	.	.	.	.	.	.	.	.	.	.	.	.	.	.	.	.	.	.	.	.	.	.	.	.	.	.	.	.	.	.	.	.	.	.	.	.	.	.	.	.	.	.	.	.	.	.	.	.	.	.	.	.	.	.	.	.	.	.	.	.	.	.	.	.	.	.	.	.	.	.	.	.	.	.	.	.	.	.	.	.	.	.	.	.	.	.	.	.	.	.	.	.	.	.	.	.	.	.	.	.	.	.	.	.	.	.	.	.	.	.	.	.	.	.	.	.	.	.	.	.	.	.	.	.	.	.	.	.	.	.	.	.	.	.	.	.	.	.	.	.	.	.	.	100.00	.	.	.	.	.	100.00	.	.	.	.	.	.	.	.	.	.	86.55	.	.	.	.	.	.	.	.	.	.	.	.	.	.	.	.	.	.	.	.	.	.	.	.	.	.	.	.	.	.	.	.	.	.	.	.	.	.	.	.	.	.	.	.	.	.	.	.	.	.	.	.	.
/home/user/ww_amr_batch/amr_results/SRR27639469_resfinder.tsv	8	.	.	.	.	.	.	.	.	.	.	.	.	.	.	.	.	.	.	.	.	.	.	.	.	.	.	.	.	.	.	.	.	.	.	.	.	.	.	.	67.80	.	.	.	.	.	.	.	.	.	78.98	.	.	.	.	.	.	.	72.88	.	.	.	.	.	.	.	.	.	.	.	.	.	.	.	.	.	.	.	.	.	.	.	.	.	.	.	.	.	.	.	.	.	.	.	.	.	.	.	.	.	.	.	.	.	.	.	.	.	.	.	.	.	.	.	.	.	.	.	.	.	.	.	.	.	.	.	.	.	.	84.22	.	.	.	.	.	.	.	.	.	.	.	.	.	.	.	.	.	.	.	.	.	.	.	.	.	.	.	.	.	.	.	.	.	.	.	.	.	.	.	.	.	.	.	.	.	.	.	.	.	.	.	.	.	.	.	.	.	.	.	.	.	.	.	.	.	.	.	.	.	.	.	.	.	.	.	.	.	.	.	.	.	.	.	.	.	.	.	.	.	.	.	.	.	.	.	.	.	.	.	.	.	.	.	.	100.00	.	.	.	.	.	100.00	.	.	.	.	.	.	.	.	.	61.31	.	.	.	.	.	.	.	.	.	.	.	.	.	.	100.00	.	.	.	.	.	.	.	.	.	.	.	.	.	.	.	.	.	.	.	.	.	.	.	.	.	.	.	.	.	.	.	.	.	.	.	.	.	.	.
/home/user/ww_amr_batch/amr_results/SRR27639470_resfinder.tsv	12	.	.	.	.	.	.	.	.	.	.	.	.	.	.	.	.	.	.	.	.	.	.	.	.	.	.	.	.	.	.	.	.	.	.	.	.	.	.	.	.	.	.	.	.	99.28	.	.	.	.	99.88	.	.	.	.	.	.	.	.	.	.	.	.	.	.	.	.	.	.	.	.	.	.	.	.	.	.	.	.	.	.	.	.	76.92	.	.	.	.	.	.	.	.	.	.	100.00	.	.	.	.	.	.	.	.	.	.	.	.	.	.	.	.	.	.	.	.	.	.	.	.	.	.	.	.	98.82	.	.	.	95.31	.	.	.	.	.	.	.	.	.	.	.	.	.	71.78	.	.	.	.	.	.	.	.	.	.	.	.	.	.	.	.	.	.	.	.	.	.	.	.	.	.	.	.	.	.	.	.	.	.	.	.	.	.	.	.	.	.	.	.	.	.	.	.	.	.	.	.	.	.	.	.	.	.	.	.	.	100.00	.	.	.	.	.	.	.	.	.	.	.	.	.	.	.	.	.	.	.	.	.	.	.	.	.	.	.	.	.	.	74.12	.	.	.	.	.	100.00	.	.	.	.	.	.	.	.	.	.	.	.	100.00	.	.	.	.	.	.	.	.	.	.	.	.	.	.	.	.	.	.	.	.	.	.	.	.	.	.	.	.	.	.	.	.	.	.	.	.	100.00	.	.	.	.	.	.	.	.	.	.	.	.	.	.
/home/user/ww_amr_batch/amr_results/SRR27639475_resfinder.tsv	1	.	.	.	.	.	.	.	.	.	.	.	.	.	.	.	.	.	.	.	.	.	.	.	.	.	.	.	.	.	.	.	.	.	.	.	.	.	.	.	.	.	.	.	.	.	.	.	.	.	.	.	.	.	.	.	.	.	.	.	.	.	.	.	.	.	.	.	.	.	.	.	.	.	.	.	.	.	.	.	.	.	.	.	.	.	.	.	.	.	.	.	.	.	.	.	.	.	.	.	.	.	.	.	.	.	.	.	.	.	.	.	.	.	.	.	.	.	.	.	.	.	.	.	.	.	.	.	.	.	.	.	.	.	.	.	.	.	.	.	.	.	.	.	.	.	.	.	.	.	.	.	.	.	.	.	.	.	.	.	.	.	.	.	.	.	.	.	.	.	.	.	.	.	.	.	.	.	.	.	.	.	.	.	.	.	.	.	.	.	.	.	.	.	.	.	.	.	.	.	.	.	.	.	.	.	.	.	.	.	.	.	.	.	.	.	.	.	.	.	.	.	.	.	.	.	.	.	.	.	.	.	.	.	100.00	.	.	.	.	.	.	.	.	.	.	.	.	.	.	.	.	.	.	.	.	.	.	.	.	.	.	.	.	.	.	.	.	.	.	.	.	.	.	.	.	.	.	.	.	.	.	.	.	.	.	.	.	.	.	.	.	.	.	.	.	.	.	.	.	.	.	.	.	.	.
/home/user/ww_amr_batch/amr_results/SRR27639476_resfinder.tsv	3	.	.	.	.	.	.	.	.	.	.	.	.	.	.	.	.	.	.	.	.	.	.	.	.	.	.	.	.	.	.	.	.	.	.	.	.	.	.	.	.	.	.	.	.	.	.	.	.	.	.	.	.	.	.	.	.	.	.	.	.	.	.	.	.	.	.	.	.	.	.	.	.	.	.	.	.	.	.	.	.	.	.	.	.	.	.	.	.	.	.	.	.	.	.	.	.	.	.	.	.	.	.	.	.	.	.	.	.	.	.	.	.	.	.	.	.	.	.	.	.	.	76.69	.	.	.	.	.	.	.	.	.	.	.	.	.	.	.	.	.	.	.	.	.	.	.	.	.	.	.	.	.	.	.	.	.	.	.	.	.	.	.	.	.	.	.	.	.	.	.	.	.	.	.	.	.	.	.	.	.	.	.	.	.	.	.	.	.	.	.	.	.	.	.	.	.	.	.	.	.	.	.	.	.	.	.	.	.	.	.	.	.	.	.	.	.	.	.	.	.	.	.	.	.	.	.	.	.	.	.	.	.	.	.	67.01	.	.	.	.	.	73.31	.	.	.	.	.	.	.	.	.	.	.	.	.	.	.	.	.	.	.	.	.	.	.	.	.	.	.	.	.	.	.	.	.	.	.	.	.	.	.	.	.	.	.	.	.	.	.	.	.	.	.	.	.	.	.	.	.	.	.	.	.	.	.	.
/home/user/ww_amr_batch/amr_results/SRR27639477_resfinder.tsv	1	.	.	.	.	.	.	.	.	.	.	.	.	.	.	.	.	.	.	.	.	.	.	.	.	.	.	.	.	.	.	.	.	.	.	.	.	.	.	.	.	.	.	.	.	.	.	.	.	.	.	.	.	.	.	.	.	.	.	.	.	.	.	.	.	.	.	.	.	.	.	.	.	.	.	.	.	.	.	.	.	.	.	.	.	.	.	.	.	.	.	.	.	.	.	.	.	.	.	.	.	.	.	.	.	.	.	.	.	.	.	.	.	.	.	.	.	.	.	.	.	.	.	.	.	.	.	.	.	.	.	.	.	.	.	.	.	.	.	.	.	.	.	.	.	.	.	.	.	.	.	.	.	.	.	.	.	.	.	.	.	.	.	.	.	.	.	.	.	.	.	.	.	.	.	.	.	.	.	.	.	.	.	.	.	.	.	.	.	.	.	.	.	.	.	.	.	.	.	.	.	.	.	.	.	.	.	.	.	.	.	.	.	.	.	.	.	.	.	.	.	.	.	.	.	.	.	.	.	.	.	.	.	.	.	.	.	.	.	.	.	.	.	.	.	.	.	.	.	.	.	.	.	100.00	.	.	.	.	.	.	.	.	.	.	.	.	.	.	.	.	.	.	.	.	.	.	.	.	.	.	.	.	.	.	.	.	.	.	.	.	.	.	.	.	.	.	.	.	.	.	.	.	.	.	.
/home/user/ww_amr_batch/amr_results/SRR29142450_resfinder.tsv	77	.	.	87.90	.	.	97.70	.	.	66.18	.	76.31	85.77	.	.	94.05	85.40	.	.	.	.	.	.	.	.	96.64	.	95.27	.	.	.	68.20	.	.	.	.	98.29	100.00	.	100.00	.	.	60.88	100.00	.	82.92	.	.	66.67	.	99.88	.	100.00	100.00	.	.	.	.	100.00	.	.	.	100.00;61.09	.	100.00	.	.	.	.	.	.	.	.	.	.	.	.	.	.	100.00	.	.	.	.	.	.	.	.	.	.	.	.	100.00	.	100.00	.	.	.	.	100.00	.	88.00	.	.	.	.	.	.	.	77.54	.	.	.	100.00	.	.	61.58	.	.	.	.	100.00	.	.	70.79	94.88	.	.	.	92.17	.	.	.	.	.	.	.	.	.	.	.	.	.	.	.	.	98.20	.	100.00	.	.	.	100.00	.	.	.	.	.	.	.	100.00	.	.	.	.	.	.	.	.	100.00	.	96.59	100.00	.	100.00	.	.	100.00	.	.	.	.	.	.	.	.	.	.	.	.	100.00	.	.	100.00	.	.	.	.	.	.	.	100.00	.	100.00	.	.	.	.	.	.	.	.	64.93	100.00	.	90.63	.	.	.	.	.	.	.	.	.	.	84.56	.	67.49	100.00	.	100.00	.	100.00	100.00	100.00	67.68;100.00	.	.	70.22;99.25	100.00	.	.	.	.	.	100.00	100.00	100.00	.	.	.	.	100.00	.	.	.	66.05	.	.	60.07	.	.	.	.	100.00	84.19	.	.	.	.	.	97.80	.	.	100.00	.	85.96	.	.	.	.	.	.	.	.	100.00	.	.	.	79.34	.	.	.	.	.	100.00	80.55	.	.	.	.	72.42	.	.
/home/user/ww_amr_batch/amr_results/SRR29142451_resfinder.tsv	58	.	.	.	99.92	.	97.70	.	.	.	.	.	.	.	.	.	.	.	85.17	.	.	.	.	.	.	80.46	.	100.00	.	.	.	.	.	.	.	.	.	100.00	.	100.00	.	.	.	.	.	82.92	100.00	.	100.00	.	99.88	.	100.00	.	.	.	.	.	100.00	.	.	.	.	.	100.00	.	.	.	.	.	.	.	.	.	.	.	.	.	.	.	.	100.00	.	.	.	.	.	.	.	.	.	.	.	.	100.00	.	.	.	.	100.00	91.51	.	.	.	.	.	.	.	.	.	.	.	.	100.00	.	.	.	.	.	.	.	.	.	.	100.00	78.87	.	.	.	.	.	.	.	.	.	.	100.00	.	.	.	.	.	.	.	.	.	.	.	.	.	.	.	100.00	.	.	100.00	.	.	.	100.00	.	.	.	85.82	.	77.56	.	.	.	.	.	.	.	.	.	.	.	.	.	.	.	.	.	.	.	.	.	.	.	.	100.00	.	.	62.75	.	.	.	.	.	.	.	98.43	.	.	.	.	.	.	.	.	.	.	100.00	100.00	60.81	88.81	100.00	.	.	77.37	.	.	.	.	.	.	.	.	68.72	92.12	60.65	100.00	.	100.00	100.00	68.89	67.01;100.00	.	.	.	100.00	.	.	100.00	.	.	99.85	100.00	.	.	.	.	.	100.00	.	.	.	66.05	.	.	.	.	.	.	.	100.00	73.22	.	.	.	.	.	97.80	.	.	100.00	.	.	.	71.60	.	.	.	.	.	.	100.00	.	.	.	.	99.85	.	.	.	.	100.00	.	.	.	.	.	.	.	.
/home/user/ww_amr_batch/amr_results/SRR2938125_resfinder.tsv	1	.	.	.	.	.	.	.	.	.	.	.	.	.	.	.	.	.	.	.	.	.	.	.	.	.	.	.	.	.	.	.	.	.	.	.	.	.	.	.	.	.	.	.	.	.	.	.	.	.	.	.	.	.	.	.	.	.	.	.	.	.	.	.	.	.	.	.	.	.	.	.	.	.	.	.	.	.	.	.	.	.	.	.	.	.	.	.	.	.	.	.	.	.	.	.	.	.	.	.	.	.	.	.	.	.	.	.	.	.	.	.	.	.	.	.	.	.	.	.	.	.	.	.	.	.	.	.	.	.	.	.	.	.	.	.	.	.	.	.	.	.	.	.	.	.	.	.	.	.	.	.	.	.	.	.	.	.	.	.	.	.	.	.	.	.	.	.	.	.	.	.	.	.	.	.	.	.	.	.	.	.	.	.	.	.	.	.	.	.	.	.	.	.	.	.	.	.	.	.	.	.	.	.	.	.	.	.	.	.	.	.	.	.	.	.	.	.	.	.	.	.	.	.	.	.	.	.	.	.	.	.	.	.	.	.	.	.	.	.	77.85	.	.	.	.	.	.	.	.	.	.	.	.	.	.	.	.	.	.	.	.	.	.	.	.	.	.	.	.	.	.	.	.	.	.	.	.	.	.	.	.	.	.	.	.	.	.	.	.	.	.	.	.	.	.	.	.	.	.	.	.	.	.	.	.
/home/user/ww_amr_batch/amr_results/SRR2938126_resfinder.tsv	1	.	.	.	.	.	.	.	.	.	.	.	.	.	.	.	.	.	.	.	.	.	.	.	.	.	.	.	.	.	.	.	.	.	.	.	.	.	.	.	.	.	.	.	.	.	.	.	.	.	.	.	.	.	.	.	.	.	.	.	.	.	.	.	.	.	.	.	.	.	.	.	.	.	.	.	.	.	.	.	.	.	.	.	.	.	.	.	.	.	.	.	.	.	.	.	.	.	.	.	.	.	.	.	.	.	.	.	.	.	.	.	.	.	.	.	.	.	.	.	.	.	.	.	.	.	.	.	.	.	.	.	.	.	.	.	.	.	.	.	.	.	.	.	.	.	.	.	.	.	.	.	.	.	.	.	.	.	.	.	.	.	.	.	.	.	.	.	.	.	.	.	.	.	.	.	.	.	.	.	.	.	.	.	.	.	.	.	.	.	.	.	.	.	.	.	.	.	.	.	.	.	.	.	.	.	.	.	.	.	.	.	.	.	.	.	.	.	.	.	.	.	.	.	.	.	.	.	.	.	.	.	.	.	.	.	.	.	.	.	.	.	.	.	.	.	.	.	.	.	.	.	.	77.28	.	.	.	.	.	.	.	.	.	.	.	.	.	.	.	.	.	.	.	.	.	.	.	.	.	.	.	.	.	.	.	.	.	.	.	.	.	.	.	.	.	.	.	.	.	.	.	.	.	.	.
/home/user/ww_amr_batch/amr_results/SRR2938127_resfinder.tsv	6	.	.	.	.	.	.	.	.	.	.	.	.	.	.	.	.	.	.	.	.	.	.	.	.	.	.	.	.	.	.	.	.	.	.	.	.	.	.	.	.	.	.	.	.	.	.	.	.	.	99.88	.	.	.	.	.	.	.	100.00	.	.	.	.	.	.	.	.	.	.	.	.	.	.	.	.	.	.	.	.	.	.	.	.	.	.	.	.	.	.	.	.	.	.	.	.	.	.	.	.	.	.	.	.	.	.	.	.	.	.	.	.	.	.	.	.	.	.	.	.	.	.	.	.	.	.	.	.	.	.	.	.	.	.	.	.	.	.	.	.	.	.	.	.	.	.	.	.	.	.	.	.	.	.	.	.	.	.	.	.	.	.	.	.	.	.	.	.	.	.	.	.	.	.	.	.	.	.	.	.	.	.	.	.	.	.	.	.	.	.	.	.	.	.	.	.	.	.	.	.	.	.	.	.	.	.	.	.	.	.	.	.	.	.	.	.	.	.	62.77	.	.	.	.	.	.	.	.	.	.	.	.	.	.	.	.	.	.	.	.	.	.	.	.	.	.	.	.	.	.	.	.	.	.	.	100.00	.	.	.	.	.	83.09	.	.	.	.	.	.	.	.	.	.	.	.	.	.	80.19	.	.	.	.	.	.	.	.	.	.	.	.	.	.	.	.	.	.	.	.	.	.	.	.	.	.	.	.	.	.
/home/user/ww_amr_batch/amr_results/SRR2938128_resfinder.tsv	2	.	.	.	.	.	.	.	.	.	.	.	.	.	.	.	.	.	.	.	.	.	.	.	.	.	.	.	.	.	.	.	.	.	.	.	.	.	.	.	.	.	.	.	.	.	.	.	.	.	.	.	.	.	.	.	.	.	.	.	.	.	.	.	.	.	.	.	.	.	.	.	.	.	.	.	.	.	.	.	.	.	.	.	.	.	.	.	.	.	.	.	.	.	.	.	.	.	.	.	.	.	.	.	.	.	.	.	.	.	.	.	.	.	.	.	.	.	.	.	.	.	.	.	.	.	.	.	.	.	.	.	.	.	.	.	.	.	.	.	.	.	.	.	.	.	.	.	.	.	.	.	.	.	.	.	.	.	.	.	.	.	.	.	.	.	.	.	.	.	.	.	.	.	.	.	.	.	.	.	.	.	.	.	.	.	.	.	.	.	.	.	.	.	.	.	.	.	.	.	.	.	.	.	.	.	.	.	.	.	.	.	.	.	.	.	.	.	.	.	.	.	.	.	.	.	.	.	.	.	.	.	.	.	.	.	.	.	.	.	.	.	.	.	.	.	.	.	.	.	.	.	.	100.00	.	.	.	.	.	100.00	.	.	.	.	.	.	.	.	.	.	.	.	.	.	.	.	.	.	.	.	.	.	.	.	.	.	.	.	.	.	.	.	.	.	.	.	.	.	.	.	.	.	.	.	.
/home/user/ww_amr_batch/amr_results/SRR2938129_resfinder.tsv	41	.	.	.	.	.	.	.	.	.	.	.	.	.	.	.	95.02	.	.	.	.	100.00	.	.	.	.	.	.	.	.	.	.	67.17	.	.	.	.	97.85	.	.	.	.	.	100.00	.	61.83	.	.	100.00	.	99.88	.	76.86	.	.	.	.	.	100.00	.	.	.	.	.	.	.	.	.	.	.	.	.	.	.	.	.	.	.	.	.	.	.	100.00	.	.	.	.	.	.	.	.	.	.	.	100.00	.	.	.	.	.	83.15	.	.	.	.	.	.	.	.	.	.	.	.	100.00	.	.	.	.	.	.	.	.	.	.	.	.	.	83.75	.	.	.	.	.	.	.	.	.	.	.	.	.	.	.	.	100.00	.	.	.	.	.	.	.	100.00	.	.	.	.	76.28	.	100.00	.	.	.	.	74.64	.	100.00	.	.	.	.	.	.	.	.	.	.	.	.	.	.	.	.	.	.	.	.	.	.	.	64.21	.	.	.	.	.	.	.	.	.	.	97.51	.	.	.	.	99.88	.	.	.	.	.	.	.	100.00;100.00	.	.	71.78	.	.	.	.	.	.	.	.	.	100.00	.	.	.	.	.	100.00	100.00	.	.	.	.	67.55	100.00	.	.	100.00	.	.	.	65.75	.	.	.	.	.	100.00	.	60.91	.	.	.	.	.	.	.	.	.	100.00	100.00	.	.	.	.	100.00	.	.	.	100.00	.	.	.	.	.	.	.	.	.	.	100.00	.	.	.	.	.	.	100.00	.	.	.	.	.	.	.	.	.	.	.
/home/user/ww_amr_batch/amr_results/SRR2938130_resfinder.tsv	29	.	.	.	.	.	.	.	.	.	.	.	86.14	.	.	.	93.81	.	100.00	.	.	100.00	.	.	.	.	.	98.11	.	.	.	.	.	.	.	.	.	84.79	.	.	.	.	.	100.00	.	.	.	.	88.24	.	99.88	.	.	.	.	.	.	.	100.00	.	.	.	.	.	.	.	.	.	.	.	.	.	.	.	.	.	.	.	.	.	.	.	100.00	.	.	.	.	.	.	.	.	.	.	.	.	.	.	.	.	.	.	.	.	.	.	.	.	70.88	.	.	.	.	.	.	.	.	.	.	.	.	.	.	.	.	.	.	.	.	.	.	.	.	.	.	.	.	.	.	.	.	.	.	.	83.04	.	.	.	.	.	.	.	.	.	.	.	.	.	.	.	99.84	.	.	.	.	.	.	84.69	.	.	.	.	.	.	.	.	.	.	.	.	.	.	.	.	.	.	.	.	.	.	100.00	.	.	.	.	.	.	.	.	.	.	.	.	.	.	.	.	99.88	.	.	.	.	.	.	.	.	.	.	.	.	.	.	.	.	.	.	.	.	.	.	.	.	.	80.46	.	100.00	.	.	.	.	60.66	100.00	.	.	63.57	.	.	.	.	.	.	.	.	.	100.00	.	.	.	63.36	.	.	.	.	.	.	.	100.00	100.00	.	.	.	.	.	.	.	.	100.00	.	.	.	.	.	.	.	.	.	.	100.00	.	.	.	.	.	.	.	.	.	100.00	.	.	.	.	.	.	.	.
/home/user/ww_amr_batch/amr_results/SRR2938131_resfinder.tsv	9	.	.	.	.	.	.	.	.	.	.	.	.	.	.	.	.	.	.	.	.	.	.	.	.	.	.	.	.	.	.	.	.	.	.	.	.	.	.	83.83	.	.	.	.	.	99.28	.	.	.	.	99.88	.	.	.	.	.	.	.	100.00	.	.	.	.	.	.	.	.	.	.	.	.	.	.	.	.	.	.	.	.	.	.	.	.	.	.	.	.	.	.	.	.	.	.	.	.	.	.	.	.	.	.	.	.	.	.	.	.	.	.	.	.	.	.	.	.	.	.	.	.	.	.	.	.	.	.	.	.	.	.	.	.	.	.	.	.	.	.	.	.	.	.	.	.	.	.	.	.	.	.	.	.	.	.	.	.	.	.	.	.	.	.	.	.	.	.	.	.	.	.	.	.	.	.	.	.	.	.	.	.	.	.	.	.	.	.	.	.	.	.	.	100.00	.	.	.	.	.	.	.	.	.	.	.	.	.	.	.	.	.	.	.	.	.	.	.	.	71.17	.	.	.	.	.	.	.	.	.	.	.	.	.	.	75.37	.	.	.	.	.	.	.	.	.	.	.	.	.	.	.	.	.	.	.	.	.	.	100.00	.	.	.	.	.	100.00	.	.	.	.	.	.	.	.	.	.	.	.	.	.	.	.	.	.	.	.	.	.	.	.	.	.	.	.	.	.	.	.	.	.	.	.	.	.	.	.	.	.	.	.	.
/home/user/ww_amr_batch/amr_results/SRR2938132_resfinder.tsv	20	.	.	.	100.00	.	.	.	.	100.00	.	.	.	.	73.03	.	.	.	.	.	.	.	.	.	.	.	.	100.00	.	.	.	.	.	.	.	.	85.35	.	.	.	.	.	.	.	.	.	.	.	.	.	99.88	.	.	.	.	.	.	.	100.00	.	.	.	.	.	.	.	.	.	.	.	.	.	.	.	.	.	.	.	.	.	.	.	.	.	.	.	.	.	.	.	.	.	.	.	100.00	100.00	.	.	.	.	.	.	.	.	.	.	.	.	.	.	.	.	.	100.00	.	.	.	.	.	.	.	.	.	.	.	.	.	100.00	.	.	.	.	.	.	.	.	.	.	.	.	.	.	.	.	.	.	.	.	.	.	.	.	.	.	.	.	.	.	.	.	.	.	.	.	.	.	100.00	.	.	.	.	.	.	.	.	.	.	.	.	.	.	.	.	.	.	.	.	.	.	.	100.00	.	.	.	.	.	.	.	.	.	.	.	.	.	.	.	.	.	.	.	.	.	.	.	.	.	.	.	.	.	.	.	.	.	.	.	.	.	.	.	.	.	.	.	.	.	.	.	.	.	84.55	.	.	.	.	.	.	.	.	.	.	.	.	100.00	.	.	.	.	.	100.00	.	.	.	.	.	.	.	.	.	.	.	.	.	.	.	100.00	.	.	72.45	.	.	.	.	.	.	.	.	.	.	.	.	.	.	.	.	.	.	.	.	.	.	100.00	.	62.87	.
/home/user/ww_amr_batch/amr_results/SRR2938311_resfinder.tsv	19	.	.	.	.	.	.	.	.	.	.	.	.	.	.	.	.	.	.	.	.	.	.	.	.	.	.	.	.	68.05	.	.	.	.	.	.	.	.	.	.	.	.	.	99.25	.	.	.	.	.	.	99.88	.	66.16	.	.	.	.	.	99.16	.	.	.	.	.	.	.	.	.	.	.	.	.	.	.	.	.	.	.	.	.	.	.	.	.	.	.	.	.	.	.	.	.	.	.	.	.	.	.	.	.	.	.	.	.	.	.	.	.	.	.	.	.	.	.	.	.	.	.	.	.	.	.	.	.	.	.	.	.	.	.	.	.	.	.	.	.	.	.	.	.	.	.	.	.	.	.	.	.	.	.	.	.	.	.	.	.	.	.	.	98.08	.	.	.	.	.	.	.	.	.	.	.	.	.	.	.	.	.	.	.	.	.	.	.	.	.	.	.	.	.	.	.	.	.	.	.	.	.	.	.	.	.	99.87	.	.	.	.	.	.	.	.	.	.	.	81.82	100.00	.	.	.	.	.	.	.	.	.	.	.	79.47	.	.	.	.	.	.	.	100.00	.	.	.	.	99.66	100.00	.	.	.	.	.	.	.	.	.	.	.	.	100.00	.	.	.	.	.	100.00	.	.	.	.	.	99.58	.	.	.	.	.	.	.	.	.	100.00	.	.	.	.	.	.	.	.	.	.	100.00	.	.	.	.	.	.	.	.	100.00	.	.	.	.	.	.	.	.	.
/home/user/ww_amr_batch/amr_results/SRR2938312_resfinder.tsv	22	.	.	.	.	.	.	.	.	.	.	.	90.64	.	.	.	.	.	.	95.71	.	100.00	.	.	.	.	.	.	.	.	.	.	.	.	.	.	.	89.86	.	.	.	.	.	100.00	.	82.51	.	.	.	.	99.88	.	.	.	.	.	.	.	94.98	.	.	.	.	.	.	.	.	.	.	.	.	.	.	.	.	.	.	.	.	.	.	.	.	.	.	.	.	.	.	.	.	.	.	.	.	.	.	.	.	70.40	70.66	.	.	.	.	.	.	.	.	.	.	.	.	.	.	.	.	.	.	.	.	.	.	.	.	.	.	.	.	.	.	.	.	.	.	.	.	.	.	.	.	.	.	.	.	.	.	.	.	.	.	.	.	.	.	.	.	.	.	94.72	.	.	.	.	.	.	.	.	.	.	.	.	.	.	.	.	.	.	.	.	.	.	.	.	.	.	.	.	.	.	.	.	.	.	.	.	.	82.66	.	.	.	.	.	.	.	.	.	.	.	.	.	.	.	.	.	.	.	.	.	.	.	.	.	.	.	.	.	.	.	.	.	.	64.02	.	100.00	.	.	.	.	.	100.00	.	.	.	.	.	.	.	.	.	.	.	.	100.00	.	.	.	.	.	100.00	.	.	.	.	.	100.00	99.92	.	.	.	.	.	.	.	.	100.00	.	.	.	.	.	.	.	.	.	.	100.00	.	.	.	.	.	.	.	.	.	100.00	.	.	.	.	.	.	.	.
/home/user/ww_amr_batch/amr_results/SRR2938313_resfinder.tsv	13	.	.	.	.	.	.	.	.	.	.	.	.	.	.	.	.	.	.	.	.	.	.	.	.	.	.	69.98	.	.	.	.	.	.	.	.	.	.	.	.	.	.	.	100.00	.	75.51;71.60	.	.	100.00	.	99.88	.	.	.	.	.	.	.	.	.	.	.	.	.	.	.	.	.	.	.	.	.	.	.	.	.	.	.	.	.	.	.	.	.	.	.	.	.	.	.	.	.	.	.	.	.	.	.	.	.	.	.	.	.	.	.	.	.	.	.	.	.	.	.	.	.	.	.	.	.	.	.	.	.	.	.	.	.	.	.	.	.	.	.	.	.	.	.	.	.	.	.	.	.	.	.	.	.	.	.	.	.	.	.	.	.	.	.	.	.	.	.	.	.	.	.	.	.	.	.	.	.	.	.	.	.	.	.	.	.	.	.	.	.	.	.	.	.	.	.	.	.	.	.	.	.	.	.	.	.	.	.	.	.	.	.	.	.	.	.	.	86.63	.	.	.	.	.	.	.	.	.	.	.	.	.	.	.	.	.	.	.	.	.	.	100.00	.	.	.	.	.	100.00	.	.	.	.	.	.	.	.	.	.	.	.	100.00	.	.	.	.	.	.	.	.	.	.	.	99.92	70.43	.	.	.	.	.	.	.	.	.	.	.	.	.	.	.	.	.	.	.	100.00	.	.	.	.	.	.	.	.	100.00	.	.	.	.	.	.	.	.	.
/home/user/ww_amr_batch/amr_results/SRR2938314_resfinder.tsv	20	.	.	.	60.33	.	.	.	.	.	.	.	.	.	.	.	.	.	.	.	.	.	.	.	.	.	.	.	.	.	.	.	.	.	.	.	.	.	.	.	.	.	.	.	.	.	.	.	100.00	.	.	.	.	.	.	.	.	.	85.30	.	.	.	.	.	.	.	.	.	.	.	.	.	.	.	.	.	.	.	.	.	.	.	.	.	.	.	.	.	.	.	.	.	.	.	.	.	.	.	.	.	.	.	.	.	.	62.67	.	.	.	.	.	.	.	.	.	.	.	.	.	.	.	.	.	.	.	.	.	.	.	.	.	.	.	.	.	.	.	87.20	.	.	.	.	.	.	.	.	.	.	.	.	.	.	.	.	.	.	75.23	89.74	.	94.96	.	.	100.00	.	.	.	.	.	.	.	.	.	.	.	.	.	.	.	.	.	.	.	.	.	.	.	.	.	.	.	.	.	.	.	.	.	.	100.00	.	.	.	.	.	96.50	.	.	.	.	.	.	.	.	.	82.22	.	.	.	.	.	.	.	.	.	.	.	.	.	.	.	.	.	.	.	.	100.00	.	.	.	63.25	.	100.00	.	.	.	.	.	.	.	.	.	.	.	.	98.85	.	.	.	.	.	.	.	.	.	.	68.09	.	68.22	.	.	.	.	.	.	.	.	.	.	.	.	.	.	.	.	.	.	.	.	60.94	.	.	.	.	.	.	.	93.65	.	.	.	.	.	.	.	.	.
/home/user/ww_amr_batch/amr_results/SRR2938315_resfinder.tsv	12	.	.	.	.	.	.	.	.	.	.	.	.	.	.	.	.	.	.	.	.	.	.	.	.	.	.	.	.	.	.	.	.	70.58	.	.	.	89.10	.	.	.	.	.	100.00	.	.	.	.	.	.	99.88	.	.	.	.	.	.	.	100.00	.	.	.	.	.	.	75.25	.	.	.	.	.	.	.	.	.	.	.	.	.	.	.	.	.	.	.	.	.	.	.	.	.	.	.	.	.	.	.	.	.	.	.	.	.	.	.	.	.	.	.	.	.	.	.	.	.	.	.	.	.	.	.	.	.	.	.	.	.	.	.	.	.	.	.	.	.	.	.	.	.	.	.	.	.	.	.	.	.	.	.	.	.	.	.	.	.	.	.	.	.	.	.	.	.	.	.	.	100.00	.	.	.	.	.	.	.	.	.	.	.	.	.	.	.	.	.	.	.	.	.	.	.	.	.	.	.	.	.	.	.	.	.	.	.	.	.	.	.	.	.	.	.	.	.	.	.	.	.	.	.	.	.	.	.	.	.	.	.	.	.	.	.	.	.	.	.	.	.	.	.	.	.	.	.	.	.	.	.	.	.	.	.	.	.	.	.	100.00	.	.	.	.	100.00	.	.	.	.	.	.	.	.	.	.	.	.	.	.	.	.	.	.	100.00	.	.	.	.	.	.	.	.	98.91	.	.	.	.	.	100.00	.	.	.	.	.	.	.	.	.	.	.
/home/user/ww_amr_batch/amr_results/SRR2938316_resfinder.tsv	18	.	.	.	88.97	.	.	.	.	.	.	.	.	.	.	.	.	.	.	.	.	.	.	.	.	.	.	.	.	.	.	.	.	.	.	.	.	.	.	.	.	.	.	.	.	87.24	.	.	100.00	.	99.88	.	.	.	.	.	.	.	100.00	.	.	.	.	.	.	.	.	.	.	.	.	.	.	.	.	.	.	.	.	.	.	.	.	.	.	.	.	.	.	.	.	.	.	.	.	.	.	.	.	.	.	.	.	.	.	.	.	.	.	.	.	.	.	.	.	.	.	.	.	.	.	.	.	.	.	.	.	.	.	.	.	.	.	.	.	.	.	.	.	.	.	.	.	.	.	.	.	.	.	.	.	.	.	.	.	.	89.01	.	.	64.03	.	.	.	.	.	.	.	.	.	.	.	.	.	.	.	.	.	.	.	.	.	.	.	.	.	.	.	.	.	.	.	.	.	.	.	.	.	.	.	100.00	.	.	.	.	.	.	.	82.02	.	.	.	.	.	100.00	.	.	.	.	.	.	.	.	.	.	.	.	.	.	.	.	.	.	.	.	.	.	.	.	.	.	.	.	.	79.22	.	.	.	.	.	.	.	.	.	100.00	.	.	.	.	85.71	.	.	.	.	.	.	.	.	100.00	.	.	.	.	.	.	.	.	.	.	.	100.00	.	.	67.29	.	.	.	73.28	.	.	.	.	.	.	79.11	.	.	.	.	.	.	.	.	.	.	.
/home/user/ww_amr_batch/amr_results/SRR2938317_resfinder.tsv	18	.	.	.	.	.	.	.	.	.	.	.	.	.	.	.	.	.	.	.	.	.	.	.	.	.	.	.	.	.	.	.	.	.	.	.	.	.	.	.	.	.	.	.	.	82.10	.	.	100.00	.	70.52	.	.	.	.	.	.	.	.	.	.	.	.	.	.	.	.	.	.	.	.	.	.	.	.	.	.	65.16	.	.	.	.	.	.	.	.	.	.	.	.	.	.	.	.	.	.	.	.	.	.	.	.	.	.	.	.	.	.	.	.	.	.	.	.	.	.	.	.	.	.	.	.	.	.	.	.	.	.	.	.	.	.	.	.	.	.	.	.	.	.	.	.	.	.	.	.	.	.	.	.	.	.	.	.	.	.	86.22	.	.	87.53	.	.	99.50	.	.	.	.	.	.	.	.	.	.	.	.	.	.	.	.	.	.	.	.	.	.	.	.	.	.	.	.	.	.	.	.	.	.	.	.	100.00	.	.	62.42	.	.	.	.	.	.	.	.	.	.	100.00	.	.	.	.	.	.	.	.	.	.	.	.	.	.	.	.	.	.	.	.	100.00	.	.	.	.	.	100.00	.	.	.	.	.	.	.	.	.	.	.	88.93	.	.	.	.	.	.	100.00	.	.	.	.	.	.	100.00	.	.	.	.	.	.	.	.	.	.	.	.	.	.	.	.	.	.	.	.	60.31	.	.	100.00	.	.	.	.	100.00	.	.	.	.	.	.	.	.	.
/home/user/ww_amr_batch/amr_results/SRR2938318_resfinder.tsv	8	.	.	.	.	.	.	.	.	.	.	.	.	.	.	.	.	.	.	.	.	.	.	.	.	.	.	.	.	.	.	.	.	.	.	.	.	.	73.64	.	.	.	.	.	.	.	.	.	.	.	93.28	.	.	.	.	.	.	.	81.84	.	.	.	.	.	.	.	.	.	.	.	.	.	.	.	.	.	.	.	.	.	.	.	.	.	.	.	.	.	.	.	.	.	.	.	.	.	.	.	.	.	.	.	.	.	.	.	.	.	.	.	.	.	.	.	.	.	.	.	.	.	.	.	.	.	.	.	.	.	.	.	.	.	.	.	.	.	.	.	.	.	.	.	.	.	.	.	.	.	.	.	.	.	.	.	.	.	.	.	.	.	.	.	.	.	.	.	.	.	.	.	.	.	.	.	.	.	.	.	.	.	.	.	.	.	.	.	.	.	.	.	.	.	.	.	.	.	.	.	.	.	.	.	.	.	.	.	.	.	.	.	.	.	.	.	.	.	.	.	.	.	.	.	.	.	.	.	.	.	.	.	.	.	.	.	68.36	.	.	.	.	.	.	.	.	.	.	.	.	.	.	.	.	.	.	100.00	.	.	.	.	.	100.00	.	.	.	.	.	.	.	.	.	.	.	.	.	.	.	.	.	.	.	.	.	.	.	.	.	.	68.07	.	.	.	.	.	.	.	.	.	100.00	.	.	.	.	.	.	.	.
/home/user/ww_amr_batch/amr_results/SRR2938319_resfinder.tsv	12	.	.	.	.	.	.	.	.	.	.	.	.	.	.	.	.	.	.	.	.	.	.	.	.	.	.	.	.	80.20	.	.	.	.	.	.	.	.	.	.	.	.	.	100.00	.	.	.	.	98.04	.	99.88	.	.	.	.	.	.	.	.	.	.	.	.	.	.	.	.	.	.	.	.	.	.	.	.	.	.	.	.	.	.	.	.	.	.	.	.	.	.	.	.	.	.	.	.	.	.	.	.	.	.	.	.	.	.	.	.	.	.	.	.	.	.	.	.	.	.	.	.	.	.	.	.	.	.	.	.	.	.	.	.	.	.	.	.	.	.	.	.	.	.	.	.	.	.	.	.	.	.	.	.	.	.	.	.	.	86.41	.	.	61.63	.	.	.	.	.	.	.	.	.	.	.	.	.	.	.	.	.	.	.	.	.	.	.	.	.	.	.	.	.	.	.	.	.	.	.	.	.	.	.	92.55	.	.	.	.	.	.	.	.	.	.	.	.	.	.	.	.	.	.	.	.	.	.	.	.	.	.	.	.	.	.	.	.	.	.	.	.	.	.	.	.	62.94	.	.	.	.	.	.	.	.	.	.	.	.	.	.	.	.	.	.	.	.	.	.	.	.	.	93.28	.	.	.	.	.	.	.	.	.	.	.	.	.	.	.	.	95.47	.	.	67.19	.	.	.	.	.	.	.	.	.	100.00	.	.	.	.	.	.	.	.
/home/user/ww_amr_batch/amr_results/SRR2938320_resfinder.tsv	12	.	.	.	.	.	.	.	.	.	.	.	.	.	.	.	.	.	.	.	.	.	.	.	.	.	.	.	.	.	.	.	.	.	.	.	.	.	.	.	.	.	.	.	.	71.30	.	.	.	.	99.88	.	99.62	.	.	.	.	.	62.84	.	.	.	.	.	.	.	.	.	.	.	.	.	.	.	.	.	.	.	.	.	.	.	.	.	.	.	.	.	.	.	.	.	.	.	.	.	.	.	.	.	.	.	.	.	.	.	.	.	.	.	.	.	.	.	.	.	.	.	.	.	.	.	.	.	.	.	.	.	.	.	.	.	.	.	.	.	.	.	.	.	.	.	.	.	.	.	.	.	.	.	.	.	.	.	.	.	.	.	.	.	.	.	.	.	.	.	100.00	.	.	.	.	.	.	.	.	.	.	.	.	.	.	.	.	.	.	.	.	.	.	.	.	.	.	.	.	.	.	73.71	.	.	.	.	.	.	.	.	.	.	.	.	.	.	.	.	.	.	.	.	.	.	.	.	.	.	.	.	.	.	.	.	.	.	.	.	91.86	.	.	.	.	.	100.00	.	.	.	.	.	.	.	.	.	.	.	.	100.00	.	.	.	.	.	.	.	.	.	.	.	100.00	.	.	.	.	.	.	.	.	.	.	.	.	.	.	.	.	.	.	.	.	100.00	.	.	.	.	.	.	.	.	100.00	.	.	.	.	.	.	.	.	.
/home/user/ww_amr_batch/amr_results/SRR2938321_resfinder.tsv	14	.	.	.	.	.	.	.	.	.	.	.	.	.	.	.	.	.	.	.	.	.	.	.	.	.	.	.	.	85.46	.	.	.	.	.	.	.	86.69	.	.	.	.	.	.	.	.	.	.	74.86	.	74.00	.	.	.	.	.	.	.	71.45	.	.	.	.	.	.	.	.	.	.	.	.	.	.	.	.	.	.	.	.	.	.	.	.	.	.	.	.	.	.	.	.	.	.	.	.	.	.	.	.	.	.	.	.	.	.	.	.	.	.	.	.	.	.	.	.	88.48	.	.	.	.	.	.	.	.	.	.	.	.	.	.	.	.	.	.	.	.	.	.	.	.	.	.	.	.	.	.	.	.	.	.	.	.	.	.	.	.	.	.	.	.	.	.	.	.	.	.	.	.	.	.	.	.	.	.	.	.	.	.	.	.	.	.	.	.	.	.	.	.	.	.	.	.	.	.	.	.	.	.	.	.	.	97.51	.	.	.	.	.	.	.	.	.	.	.	100.00	.	.	.	.	.	.	.	.	.	.	.	.	.	.	.	.	.	.	.	.	100.00	.	.	.	.	.	100.00	.	.	.	.	.	.	.	.	.	.	.	.	98.62	.	.	.	.	.	.	.	.	.	.	.	98.99	.	.	.	.	.	.	.	.	.	.	.	.	.	.	.	.	.	.	.	.	77.29	.	.	.	.	.	.	.	.	.	96.46	.	.	.	.	.	.	.	.
/home/user/ww_amr_batch/amr_results/SRR2938322_resfinder.tsv	31	.	.	.	.	70.78	.	.	.	.	.	.	.	.	.	.	.	.	.	.	.	100.00	.	.	.	.	.	100.00	.	.	.	.	.	.	.	.	99.27	86.57	.	.	.	.	.	.	.	82.51	.	.	100.00	.	99.88	.	.	.	.	.	.	.	100.00	.	.	.	.	.	.	.	.	.	.	.	.	.	.	.	.	.	.	.	.	.	.	.	.	.	.	.	.	.	.	.	.	.	.	.	.	.	.	.	.	.	.	.	.	.	61.70	.	.	.	.	.	.	.	.	95.41	.	.	.	.	.	.	.	.	.	.	.	.	.	100.00	.	.	.	.	.	.	.	.	.	.	.	.	.	.	.	.	.	.	.	.	.	.	.	.	91.47	.	.	.	.	.	.	100.00	.	.	.	.	.	.	62.24	.	.	.	.	.	.	.	.	.	.	.	.	.	.	.	.	.	.	.	.	.	.	67.73	.	.	.	.	.	.	.	.	.	.	.	97.51	.	.	.	.	.	.	.	.	.	.	.	100.00	100.00;71.52	.	.	.	.	.	.	.	.	.	.	.	.	100.00	.	.	.	.	88.08	.	100.00	.	.	.	.	100.00	100.00	.	.	.	.	.	.	.	.	.	.	.	.	100.00	.	.	.	.	.	100.00	.	.	.	.	.	60.52	100.00	.	.	.	.	.	.	.	.	79.51	.	.	.	.	.	.	.	.	.	.	100.00	.	.	.	.	.	.	.	.	.	100.00	.	.	.	.	.	.	.	.
/home/user/ww_amr_batch/amr_results/SRR2938323_resfinder.tsv	26	.	.	.	.	.	.	.	.	.	.	.	.	.	.	.	.	.	100.00	.	.	94.34	.	.	.	.	.	62.29	.	.	.	.	.	.	.	.	.	94.80	.	.	.	.	.	100.00	.	83.44	.	.	.	.	99.88	.	.	.	.	.	.	.	77.18	.	.	.	.	.	.	.	.	.	.	.	.	.	.	.	.	.	.	.	.	.	.	65.16	.	.	.	.	.	.	.	.	.	.	.	.	.	.	.	.	.	.	.	.	.	.	.	.	.	.	.	.	.	.	.	93.48	.	.	.	.	.	.	.	.	.	.	.	.	.	.	.	.	.	.	.	.	.	.	.	.	.	.	.	.	.	.	.	.	.	.	.	.	.	.	.	.	.	.	.	.	.	68.90	.	.	.	.	.	.	.	.	.	.	.	.	.	.	.	.	.	.	.	.	.	.	.	.	.	.	.	.	.	.	.	.	.	.	.	.	.	.	.	.	.	97.51	.	.	.	.	.	.	.	.	.	.	.	72.12	100.00	.	.	.	.	.	.	.	.	.	.	.	.	100.00	.	.	.	66.83	.	.	100.00	.	.	.	.	100.00	100.00	.	.	.	.	.	.	.	.	.	.	.	.	100.00	.	.	.	.	.	.	.	.	.	.	.	100.00	61.10	.	.	.	.	.	.	.	.	100.00	.	.	.	.	.	.	.	100.00	.	.	100.00	.	.	.	.	.	.	.	.	.	100.00	.	.	.	.	.	.	.	.
/home/user/ww_amr_batch/amr_results/SRR2938324_resfinder.tsv	8	.	.	.	.	.	.	.	.	.	.	.	.	.	.	.	.	.	.	.	.	.	.	.	.	.	.	.	.	.	.	.	.	.	.	.	.	.	.	.	.	.	.	.	.	.	.	.	.	.	.	.	.	.	.	.	.	.	60.93	.	.	.	.	.	.	.	.	.	.	.	.	.	.	.	.	.	.	.	.	.	.	.	.	.	.	.	.	.	.	.	.	.	.	.	.	.	.	.	.	.	.	.	.	.	.	.	.	.	.	.	.	.	.	68.72	.	.	.	.	.	.	.	.	.	.	.	.	.	61.13	.	.	.	.	.	.	.	.	.	.	.	.	.	.	.	.	.	.	.	.	.	.	.	.	.	.	.	.	.	.	.	.	.	.	.	.	.	.	.	.	.	.	.	.	.	.	.	.	.	.	.	.	.	.	.	.	.	.	.	.	.	.	.	.	.	.	.	.	.	.	.	.	.	.	.	.	.	.	.	.	.	.	.	.	.	100.00	.	.	.	.	.	.	.	.	.	.	.	.	.	88.59	.	.	.	.	.	.	100.00	.	.	.	.	.	100.00	.	.	.	.	.	.	.	.	.	.	75.12	.	.	.	.	.	.	.	.	.	.	.	.	.	.	.	.	.	.	.	.	.	.	.	.	.	.	.	.	.	.	.	.	.	.	.	.	.	.	.	.	.	.	.	.	.	.	.	.	.	.	.	.	.
/home/user/ww_amr_batch/amr_results/SRR2938325_resfinder.tsv	6	.	.	.	.	.	.	.	.	.	.	.	.	.	.	.	.	.	.	.	.	.	.	.	.	.	.	.	.	.	.	.	.	.	.	.	.	.	.	.	.	.	.	.	.	.	.	.	.	.	.	.	.	.	.	.	.	.	.	.	.	.	.	.	.	.	.	.	.	.	.	.	.	.	.	.	.	.	.	.	.	.	.	.	.	.	.	.	.	.	.	.	.	.	.	.	.	.	.	.	.	.	.	.	.	.	.	.	.	.	.	.	.	.	.	.	.	.	.	.	.	.	.	.	.	.	.	.	.	.	.	.	.	.	.	.	.	.	.	.	.	.	.	.	.	.	.	.	.	.	.	.	.	.	.	.	.	.	.	.	.	.	.	.	.	.	.	.	.	.	.	.	.	.	.	.	.	.	.	.	.	.	.	.	.	.	.	.	.	.	62.74	.	.	.	.	.	.	.	.	.	.	.	.	.	.	.	.	.	.	.	.	.	.	.	.	64.36	.	.	.	.	.	.	.	.	.	.	.	.	.	.	.	98.37	.	.	.	.	100.00	.	.	.	.	.	.	.	.	.	.	.	.	.	.	.	.	.	100.00	.	.	.	.	100.00	.	.	.	.	.	.	.	.	.	.	.	.	.	.	.	.	.	.	.	.	.	.	.	.	.	.	.	.	.	.	.	.	.	.	.	.	.	.	.	.	.	.	.	.	.
/home/user/ww_amr_batch/amr_results/SRR2938326_resfinder.tsv	48	.	.	.	93.50	.	.	.	.	.	.	.	.	.	.	.	100.00	.	.	.	.	.	.	.	.	.	.	.	.	.	.	.	.	.	.	.	79.85	100.00	.	86.59	.	.	.	.	.	95.88	.	.	100.00;99.19	.	99.88	.	.	.	.	.	.	.	100.00	.	.	.	.	.	.	.	.	.	.	.	.	.	.	.	.	.	.	.	.	.	.	.	.	.	.	.	.	.	.	.	.	.	.	.	71.79	.	.	.	.	.	.	.	.	.	60.61	.	.	.	.	.	.	.	.	.	.	.	.	.	.	.	63.53	.	.	.	79.28	.	.	93.26	.	63.58	.	.	.	.	.	.	.	64.59	.	.	.	.	.	.	.	.	.	.	.	.	.	.	.	.	.	.	100.00	68.27	.	100.00	.	.	100.00	.	.	.	81.12	.	.	.	.	.	.	.	.	.	.	100.00	.	.	.	.	.	.	.	.	.	100.00	100.00	.	.	.	.	.	.	99.87	.	.	.	89.43	.	100.00	.	100.00	.	.	.	.	.	.	.	.	.	100.00	.	.	.	.	.	.	.	.	.	.	.	.	.	70.20	.	.	.	.	.	.	100.00	.	87.57	.	.	.	100.00	.	89.49	.	.	.	.	.	.	.	.	.	.	100.00	.	.	.	66.05	.	.	.	66.82	.	.	.	100.00	100.00	.	70.62	.	.	.	.	100.00	.	.	.	.	64.12	77.89	.	.	60.05	.	.	.	67.97	.	.	.	100.00	.	.	.	.	.	100.00	.	100.00	.	.	.	.	.	.
/home/user/ww_amr_batch/amr_results/SRR2938327_resfinder.tsv	5	.	.	.	.	.	.	.	.	.	.	.	.	.	.	.	.	.	.	.	.	.	.	.	.	.	.	.	.	.	.	.	.	.	.	.	.	.	.	.	.	.	.	.	.	82.00	.	.	.	.	99.88	.	.	.	.	.	.	.	.	.	.	.	.	.	.	.	.	.	.	.	.	.	.	.	.	.	.	.	.	.	.	.	.	.	.	.	.	.	.	.	.	.	.	.	.	.	.	.	.	.	.	.	.	.	.	.	.	.	.	.	.	.	.	.	.	.	.	.	.	.	.	.	.	.	.	.	.	.	.	.	.	.	.	.	.	.	.	.	.	.	.	.	.	.	.	.	.	.	.	.	.	.	.	.	.	.	.	.	.	.	.	.	.	.	.	.	.	.	.	.	.	.	.	.	.	.	.	.	.	.	.	.	.	.	.	.	.	.	.	.	.	.	.	.	.	.	.	.	.	.	.	100.00	.	.	.	.	.	.	.	.	.	.	.	.	.	.	.	.	.	.	.	.	.	.	.	.	.	.	.	.	.	.	.	.	.	.	.	.	.	.	.	.	.	.	.	.	.	.	.	.	.	.	99.76	.	.	.	.	.	.	.	.	.	.	.	.	.	.	.	.	.	.	.	.	.	.	.	.	.	.	.	.	.	.	.	.	.	.	.	.	.	.	.	.	.	.	88.54	.	.	.	.	.	.	.	.	.
/home/user/ww_amr_batch/amr_results/SRR2938328_resfinder.tsv	17	.	.	.	.	.	.	.	.	.	.	.	.	.	.	.	.	.	.	.	.	.	.	.	.	.	77.34	.	.	100.00	.	.	.	.	.	.	.	100.00	.	.	.	.	.	77.90	.	.	.	.	.	.	99.88	.	.	.	.	.	.	.	61.65	.	.	.	.	.	.	.	.	.	.	.	.	.	.	.	.	.	.	.	.	.	.	.	.	.	.	.	.	.	.	.	.	.	.	.	.	.	.	.	.	.	.	.	.	.	.	.	.	.	.	.	.	.	.	100.00	.	.	.	.	.	.	.	.	.	.	.	.	.	100.00	.	.	.	.	.	.	.	.	.	66.09	.	.	.	.	.	.	.	.	.	.	.	.	.	.	.	.	.	.	.	.	.	.	.	.	.	.	.	.	.	.	.	.	.	.	.	.	.	.	.	.	.	.	.	.	.	.	.	.	.	.	.	.	.	.	.	.	.	.	.	.	.	.	.	.	.	.	.	.	.	.	.	.	.	.	.	.	.	.	.	.	.	.	.	.	.	.	.	.	.	.	.	.	.	70.26	.	.	100.00	.	99.44	.	.	.	100.00	.	.	.	.	.	.	.	.	.	.	.	.	100.00	.	.	.	.	.	77.70	.	.	.	.	.	.	.	.	.	.	.	.	.	.	.	.	.	.	.	.	.	.	.	.	.	.	.	.	80.00	.	.	.	.	.	.	91.51	.	.	.	.	.	.	.	.	.
/home/user/ww_amr_batch/amr_results/SRR2938329_resfinder.tsv	28	.	.	.	.	.	.	.	.	.	.	.	.	.	.	.	100.00	.	.	.	.	.	.	.	.	.	.	.	.	.	.	.	.	.	.	.	.	96.58	75.77	.	.	.	.	75.47	.	.	.	.	.	.	99.88	.	.	.	.	.	.	.	100.00	.	.	.	.	.	.	.	.	.	.	.	.	.	.	.	.	.	.	.	.	.	.	.	.	.	.	.	.	.	.	.	.	.	.	.	.	.	.	.	.	.	.	.	.	.	.	80.85	.	.	.	.	.	.	.	66.91	.	.	.	.	.	.	.	.	.	.	.	.	.	100.00	.	.	.	.	.	.	.	.	.	.	.	.	.	.	.	.	.	.	.	.	.	.	.	.	85.78	.	.	.	75.98	85.26	.	.	.	.	.	.	.	.	.	.	.	.	.	.	.	.	.	.	.	.	.	.	.	.	.	.	.	.	.	.	.	.	.	.	.	.	.	.	.	.	.	100.00	.	.	.	.	.	.	.	.	.	.	.	.	.	100.00	.	.	.	.	.	.	.	.	.	.	.	.	.	.	.	.	.	62.42	.	61.67	100.00	.	.	.	.	.	100.00	.	.	62.64	.	.	.	100.00	.	.	.	.	.	100.00	.	.	.	66.05	.	.	.	.	.	.	.	100.00	100.00	.	.	.	.	.	.	.	.	100.00	.	.	.	.	.	.	73.02	.	.	.	100.00	.	.	.	.	.	.	.	.	100.00	.	.	.	.	.	.	.	.	.
/home/user/ww_amr_batch/amr_results/SRR2938330_resfinder.tsv	19	.	.	.	.	.	.	.	.	.	.	.	.	.	.	.	.	.	95.17	.	.	.	.	.	.	.	.	.	.	.	.	.	.	.	.	.	85.84	.	.	.	.	.	.	100.00	.	.	.	.	100.00	.	84.33	.	.	.	.	.	.	.	74.43	.	.	.	.	.	.	.	.	.	.	.	.	.	.	.	.	.	.	.	.	.	.	.	.	.	.	.	.	.	.	.	.	.	.	.	.	.	.	.	.	.	.	.	.	.	.	.	.	.	.	.	.	.	.	.	.	.	.	.	.	.	.	69.69	.	.	.	.	.	.	.	.	.	.	.	.	.	.	.	.	.	.	.	.	.	.	.	.	.	.	.	.	.	.	.	.	.	.	.	.	.	.	.	.	63.65	.	.	.	.	.	.	.	.	.	.	.	.	.	.	.	.	.	.	.	.	.	.	.	.	.	.	.	.	.	.	.	.	.	.	.	.	.	.	100.00	.	.	.	.	99.88	.	.	.	.	.	.	.	.	.	.	.	.	.	.	.	.	.	.	.	.	.	.	.	.	.	.	.	100.00	.	60.00	.	.	.	100.00	.	.	.	.	.	.	.	.	.	.	.	.	100.00	.	.	.	.	.	.	.	.	.	.	.	100.00	100.00	.	.	.	.	.	.	.	.	.	.	.	.	.	.	.	.	.	.	.	.	.	.	71.35	65.84	.	.	.	70.42	.	.	.	.	.	.	.	.	.	.
/home/user/ww_amr_batch/amr_results/SRR2938331_resfinder.tsv	21	.	.	.	.	.	.	.	.	.	.	.	.	.	.	.	.	.	.	.	.	.	.	.	.	.	.	98.70	.	.	.	.	.	.	.	.	84.86	.	.	.	.	.	.	.	.	93.62	.	.	.	.	99.88	.	.	.	.	.	.	.	88.17	.	.	.	.	.	.	.	.	.	.	.	.	.	.	.	.	.	.	.	.	.	.	.	.	.	.	.	.	.	.	.	.	.	.	.	.	.	.	.	.	.	83.65	.	.	.	.	.	.	.	.	.	.	.	.	.	.	.	.	.	.	.	.	.	.	.	.	.	.	82.07	.	.	.	.	.	.	.	.	.	.	.	.	.	.	.	.	.	.	.	.	.	.	.	.	.	.	.	.	.	.	.	.	.	.	.	.	.	.	76.62	.	.	.	.	.	.	.	.	.	.	.	.	.	.	.	.	.	.	.	.	.	.	.	.	.	.	.	.	99.87	.	.	.	100.00	.	.	.	.	.	.	.	76.25	.	.	.	.	100.00	100.00	100.00	.	.	.	.	.	.	.	.	.	.	.	.	.	.	.	.	.	.	.	100.00	.	.	.	.	.	100.00	.	.	.	.	.	.	.	.	.	.	.	.	100.00	.	.	.	.	.	.	.	.	.	.	.	.	.	.	.	.	.	.	.	.	.	100.00	.	.	.	.	.	.	.	.	.	69.69	100.00	.	.	.	.	.	.	.	.	81.46	.	.	.	.	.	.	.	.	.
/home/user/ww_amr_batch/amr_results/SRR2938332_resfinder.tsv	36	.	.	.	.	.	.	.	.	.	.	.	.	61.90	.	.	100.00	.	.	100.00	.	100.00	.	.	.	.	.	100.00	.	.	.	.	.	.	90.78	.	99.27	67.43	.	.	.	.	.	.	100.00	.	.	.	100.00	.	.	100.00	.	.	.	.	.	.	100.00	.	.	.	.	.	.	.	.	.	.	.	.	.	.	.	.	.	.	.	66.67	.	.	.	.	.	.	.	.	.	.	.	.	.	.	.	.	.	.	.	.	.	.	.	.	.	.	71.27	.	.	.	.	.	.	.	.	.	.	.	.	.	.	.	.	.	.	.	.	.	100.00	.	.	.	.	.	.	.	.	.	100.00	.	.	93.26	.	.	.	.	.	.	.	.	.	.	.	100.00	.	.	.	.	100.00	.	.	.	.	.	.	.	.	.	.	.	.	.	.	.	.	.	.	.	.	.	.	.	.	.	.	.	.	.	.	.	.	.	.	.	.	.	.	.	.	.	84.69	.	.	.	.	.	.	82.92	.	.	.	.	.	.	.	.	.	.	.	.	.	.	.	.	.	.	.	.	.	.	.	.	72.63	82.23	.	100.00	.	100.00	.	.	.	100.00	.	.	100.00	.	.	.	100.00	.	.	.	.	.	100.00	.	.	.	66.05	.	.	.	.	.	.	.	98.82	90.99	.	.	.	64.75	.	.	100.00	.	.	.	.	.	.	.	.	.	.	.	.	100.00	.	.	.	.	.	.	.	.	82.92	.	.	.	.	.	.	.	.	.
/home/user/ww_amr_batch/amr_results/SRR2938333_resfinder.tsv	36	.	.	.	.	.	.	.	.	.	.	.	.	.	.	.	.	.	.	.	.	100.00	.	.	.	.	.	94.21	.	.	.	94.92	.	.	.	.	.	.	.	.	.	.	.	100.00	.	82.61	.	.	.	.	99.88	.	.	.	.	.	.	.	100.00	.	.	.	.	.	96.08	.	.	.	.	.	.	.	.	.	.	.	.	.	.	100.00	.	.	.	.	.	.	.	.	.	.	.	.	.	.	.	.	.	.	.	.	.	.	.	.	100.00	.	.	.	.	.	.	.	.	.	.	.	.	.	.	.	.	.	.	.	.	.	.	100.00	.	100.00	.	.	.	.	.	.	.	.	.	.	.	.	.	.	.	.	.	.	.	.	.	.	.	.	.	.	100.00	92.63	.	.	.	.	.	.	81.12	.	100.00	.	.	.	.	.	.	.	.	.	.	.	70.08	.	.	.	100.00	.	.	.	.	.	.	.	.	.	.	.	.	.	.	.	.	.	.	100.00	.	.	.	.	.	.	.	.	.	.	.	100.00	100.00;100.00;100.00	.	.	.	.	.	.	.	.	.	.	.	.	100.00	.	.	.	67.48	80.57	.	100.00	.	95.14	.	.	100.00	100.00	.	.	.	.	.	.	62.71	.	.	.	.	.	100.00	.	.	.	66.05	.	.	.	.	.	.	.	100.00	100.00	.	.	.	.	.	.	.	.	100.00	.	.	.	.	.	.	.	.	.	.	71.15	.	.	.	.	.	.	.	.	100.00	.	.	.	.	.	.	.	.	.
/home/user/ww_amr_batch/amr_results/SRR2938334_resfinder.tsv	5	.	.	.	.	.	.	.	.	.	.	.	.	.	.	.	.	.	.	.	.	.	.	.	.	.	.	.	.	.	.	.	.	.	.	.	.	.	.	.	.	.	.	.	.	99.28	.	.	.	.	.	.	.	.	.	.	.	.	.	.	.	.	.	.	.	.	.	.	.	.	.	.	.	.	.	.	.	.	.	.	.	.	.	.	.	.	.	.	.	.	.	.	.	.	.	.	.	.	.	.	.	.	.	.	.	.	.	.	.	.	.	.	.	74.76	.	.	.	.	.	.	.	.	.	.	.	.	.	.	.	.	.	.	.	.	.	.	.	.	.	.	.	.	.	.	.	.	.	.	.	.	.	.	.	.	.	.	.	.	.	.	.	.	.	.	.	.	.	.	.	.	.	.	.	.	.	.	.	.	.	.	.	.	.	.	.	.	.	.	.	.	.	.	.	.	.	.	.	.	.	.	.	.	.	.	.	.	.	.	.	.	.	.	.	.	.	.	.	.	.	.	.	.	.	.	.	.	.	.	.	.	.	.	.	.	.	.	.	.	.	.	.	.	.	.	.	.	.	.	.	.	.	.	.	100.00	.	.	.	.	.	98.28	.	.	.	.	.	.	.	.	.	.	.	.	.	.	.	100.00	.	.	.	.	.	.	.	.	.	.	.	.	.	.	.	.	.	.	.	.	.	.	.	.	.	.	.	.	.
/home/user/ww_amr_batch/amr_results/SRR2938335_resfinder.tsv	57	69.24	.	98.33	.	.	.	.	.	.	.	.	.	.	.	.	100.00	.	.	95.71	.	100.00	.	.	.	.	.	.	.	100.00	.	67.26	.	.	.	.	81.93	100.00	100.00	83.08	.	.	.	100.00	.	82.51	.	.	100.00	.	99.88	.	69.43	.	.	.	.	.	100.00	.	.	.	.	.	100.00	.	.	.	.	.	.	.	.	.	.	.	.	68.17	.	.	.	.	.	.	.	.	.	.	.	.	.	.	.	.	100.00	.	.	.	.	.	.	.	.	.	100.00	.	.	.	.	.	.	.	.	100.00	.	.	.	.	.	.	.	73.84	.	.	.	.	.	100.00	.	74.38	.	.	.	.	.	.	.	.	.	.	.	.	.	.	.	.	.	.	.	.	.	.	100.00	.	.	.	100.00	100.00	.	61.79	.	.	70.98	.	.	.	100.00	.	.	.	.	.	.	.	.	.	.	.	100.00	.	.	.	100.00	.	.	.	.	.	.	100.00	.	.	.	.	.	.	.	.	.	.	.	91.73	.	.	.	.	.	.	.	.	.	.	100.00	100.00	71.11;100.00;100.00	.	.	.	.	.	.	.	.	.	.	.	64.78	100.00	.	.	.	100.00	.	100.00	100.00	.	100.00	.	.	69.47;100.00	100.00	.	.	100.00	.	.	.	100.00	.	.	.	.	.	100.00	.	.	.	66.05	.	.	.	.	.	.	.	100.00	100.00	.	.	.	.	.	.	.	.	100.00	.	.	.	.	.	.	90.57	.	.	.	100.00	.	.	.	74.82	.	.	100.00	.	.	.	.	.	.	.	.	.	.	.
/home/user/ww_amr_batch/amr_results/SRR2938336_resfinder.tsv	2	.	.	.	.	.	.	.	.	.	.	.	.	.	.	.	.	.	.	.	.	.	.	.	.	.	.	.	.	.	.	.	.	.	.	.	.	.	.	.	.	.	.	.	.	.	.	.	.	.	.	.	.	.	.	.	.	.	.	.	.	.	.	.	.	.	.	.	.	.	.	.	.	.	.	.	.	.	.	.	.	.	.	.	.	.	.	.	.	.	.	.	.	.	.	.	.	.	.	.	.	.	.	.	.	.	.	.	.	.	.	.	.	.	.	.	.	.	.	.	.	.	.	.	.	.	.	.	.	.	.	.	.	.	.	.	.	.	.	.	.	.	.	.	.	.	.	.	.	.	.	.	.	.	.	.	.	.	.	.	.	.	.	.	.	.	.	.	.	.	.	.	.	.	.	.	.	.	.	.	.	.	.	.	.	.	.	.	.	.	.	.	.	.	.	.	.	.	.	.	.	.	.	.	.	.	.	.	.	.	.	.	.	.	.	.	.	.	.	.	.	.	.	.	.	.	.	.	.	.	.	.	.	.	.	.	.	.	.	.	.	.	.	.	.	.	.	.	.	.	.	.	.	.	100.00	.	.	.	.	100.00	.	.	.	.	.	.	.	.	.	.	.	.	.	.	.	.	.	.	.	.	.	.	.	.	.	.	.	.	.	.	.	.	.	.	.	.	.	.	.	.	.	.	.	.	.
/home/user/ww_amr_batch/amr_results/SRR33902036_resfinder.tsv	13	.	.	.	.	.	.	.	.	.	.	.	.	.	100.00	.	.	.	.	.	.	77.56	.	.	.	.	.	.	.	.	.	.	.	.	.	.	.	.	.	.	.	.	.	.	.	96.19	.	.	.	.	.	.	.	.	.	.	.	.	92.95	.	.	.	.	.	.	.	.	.	.	.	.	.	.	.	.	.	.	.	.	.	.	.	100.00	.	100.00	.	.	.	.	.	.	.	.	.	.	.	.	.	.	.	.	.	.	.	.	.	.	.	.	.	.	.	.	61.59	.	.	.	.	.	.	.	.	.	.	.	.	.	.	.	.	.	.	.	.	.	.	.	.	.	.	.	.	.	.	.	.	.	.	.	.	.	.	.	66.67	.	.	.	.	.	.	.	.	.	.	.	.	.	.	.	.	.	.	.	.	.	.	.	.	.	.	.	.	.	.	.	.	.	.	.	64.79	.	.	.	.	.	.	.	.	.	.	.	.	.	.	.	.	.	.	.	.	100.00	.	.	.	.	.	.	.	.	.	.	.	.	.	.	.	.	.	.	.	.	.	.	.	.	.	.	.	.	.	.	.	.	.	.	.	.	.	.	.	.	.	.	100.00	.	.	.	.	.	100.00	.	.	.	.	.	.	.	.	.	.	.	.	.	.	.	100.00	.	.	.	.	.	.	.	.	.	.	.	.	.	.	.	.	.	.	.	.	.	.	.	.	.	.	.	.	.
/home/user/ww_amr_batch/amr_results/SRR33902050_resfinder.tsv	18	.	.	.	.	83.62	.	.	.	.	.	.	.	.	.	.	.	80.92	.	.	.	.	.	.	.	.	.	.	.	.	.	.	.	.	.	.	.	.	.	.	.	.	.	.	.	61.63	.	.	.	.	99.88	.	.	.	.	.	.	.	100.00	.	.	.	.	.	.	.	.	.	.	.	.	.	.	.	.	.	.	.	.	.	.	.	.	.	.	.	.	.	.	.	.	.	.	.	.	.	.	.	.	.	.	.	.	.	.	.	.	62.21	.	.	.	.	.	.	.	.	68.00	.	.	.	.	.	.	.	.	.	.	.	.	.	.	.	.	.	.	.	.	.	.	.	.	.	.	.	.	.	.	.	.	.	.	.	.	.	.	.	.	.	.	.	66.05	.	100.00	.	.	.	.	.	.	.	.	.	.	.	.	.	.	.	.	.	.	.	.	.	.	.	.	.	.	.	.	.	.	.	.	.	.	.	.	.	.	.	.	100.00	72.38	.	.	.	.	.	.	.	100.00	.	.	.	.	.	.	.	.	.	.	.	.	.	.	.	.	.	.	.	.	.	.	.	.	.	.	.	.	.	.	.	.	.	.	.	.	.	.	.	.	100.00	.	.	.	.	.	100.00	.	.	.	.	.	.	.	.	.	.	.	.	97.80	.	.	.	.	.	.	.	.	.	.	.	.	.	.	.	.	.	99.33	.	.	.	67.81	.	.	95.03	.	.	.	.	.	.	.
/home/user/ww_amr_batch/amr_results/SRR35815510_resfinder.tsv	0	.	.	.	.	.	.	.	.	.	.	.	.	.	.	.	.	.	.	.	.	.	.	.	.	.	.	.	.	.	.	.	.	.	.	.	.	.	.	.	.	.	.	.	.	.	.	.	.	.	.	.	.	.	.	.	.	.	.	.	.	.	.	.	.	.	.	.	.	.	.	.	.	.	.	.	.	.	.	.	.	.	.	.	.	.	.	.	.	.	.	.	.	.	.	.	.	.	.	.	.	.	.	.	.	.	.	.	.	.	.	.	.	.	.	.	.	.	.	.	.	.	.	.	.	.	.	.	.	.	.	.	.	.	.	.	.	.	.	.	.	.	.	.	.	.	.	.	.	.	.	.	.	.	.	.	.	.	.	.	.	.	.	.	.	.	.	.	.	.	.	.	.	.	.	.	.	.	.	.	.	.	.	.	.	.	.	.	.	.	.	.	.	.	.	.	.	.	.	.	.	.	.	.	.	.	.	.	.	.	.	.	.	.	.	.	.	.	.	.	.	.	.	.	.	.	.	.	.	.	.	.	.	.	.	.	.	.	.	.	.	.	.	.	.	.	.	.	.	.	.	.	.	.	.	.	.	.	.	.	.	.	.	.	.	.	.	.	.	.	.	.	.	.	.	.	.	.	.	.	.	.	.	.	.	.	.	.	.	.	.	.	.	.	.	.	.	.	.	.	.	.	.	.	.
/home/user/ww_amr_batch/amr_results/SRR35815511_resfinder.tsv	8	.	.	.	.	.	.	.	.	.	.	.	.	.	.	.	.	.	.	.	.	.	.	.	.	.	.	.	.	.	.	.	.	.	.	78.16	.	.	.	.	.	.	.	.	.	.	.	.	.	.	.	.	.	.	.	.	.	.	.	.	.	.	.	.	.	.	.	.	.	.	.	.	.	.	.	.	.	.	.	.	.	.	.	.	.	.	.	.	.	.	.	.	.	.	.	.	.	.	.	.	.	.	.	.	.	.	.	.	.	.	.	.	.	.	.	.	.	.	.	.	.	.	.	.	.	.	.	.	.	.	.	.	.	.	.	.	.	.	.	.	.	.	.	.	.	.	.	.	.	.	.	.	.	.	.	.	.	.	.	.	.	.	.	.	.	.	.	.	.	.	.	.	.	.	.	.	.	.	.	.	.	.	.	.	.	.	.	.	.	.	.	.	.	100.00	.	.	.	.	.	.	.	.	.	100.00	.	.	.	.	.	.	.	.	.	.	.	.	.	.	.	.	.	.	.	.	.	.	.	.	.	.	.	60.13	.	.	100.00	.	90.06;100.00	.	.	.	100.00	.	.	.	.	.	.	.	.	.	.	.	.	.	.	.	.	.	.	.	.	.	.	.	.	.	.	.	.	.	.	.	.	.	.	.	.	.	.	.	.	.	.	.	.	.	.	.	.	.	.	.	.	.	.	.	.	.	68.89	.	.	.	.	.	.
/home/user/ww_amr_batch/amr_results/SRR35815512_resfinder.tsv	0	.	.	.	.	.	.	.	.	.	.	.	.	.	.	.	.	.	.	.	.	.	.	.	.	.	.	.	.	.	.	.	.	.	.	.	.	.	.	.	.	.	.	.	.	.	.	.	.	.	.	.	.	.	.	.	.	.	.	.	.	.	.	.	.	.	.	.	.	.	.	.	.	.	.	.	.	.	.	.	.	.	.	.	.	.	.	.	.	.	.	.	.	.	.	.	.	.	.	.	.	.	.	.	.	.	.	.	.	.	.	.	.	.	.	.	.	.	.	.	.	.	.	.	.	.	.	.	.	.	.	.	.	.	.	.	.	.	.	.	.	.	.	.	.	.	.	.	.	.	.	.	.	.	.	.	.	.	.	.	.	.	.	.	.	.	.	.	.	.	.	.	.	.	.	.	.	.	.	.	.	.	.	.	.	.	.	.	.	.	.	.	.	.	.	.	.	.	.	.	.	.	.	.	.	.	.	.	.	.	.	.	.	.	.	.	.	.	.	.	.	.	.	.	.	.	.	.	.	.	.	.	.	.	.	.	.	.	.	.	.	.	.	.	.	.	.	.	.	.	.	.	.	.	.	.	.	.	.	.	.	.	.	.	.	.	.	.	.	.	.	.	.	.	.	.	.	.	.	.	.	.	.	.	.	.	.	.	.	.	.	.	.	.	.	.	.	.	.	.	.	.	.	.	.
/home/user/ww_amr_batch/amr_results/SRR35815513_resfinder.tsv	4	.	.	.	.	.	.	.	.	.	.	.	.	.	.	.	.	.	.	.	.	.	.	.	.	.	.	.	.	.	.	.	.	.	.	.	.	.	.	.	.	.	.	.	.	.	.	.	.	.	.	.	.	.	.	.	.	.	.	.	.	.	.	.	.	.	.	.	.	.	.	.	.	.	.	.	.	.	.	.	.	.	.	.	.	.	.	.	.	.	.	.	.	.	.	.	.	.	.	.	.	.	.	.	.	.	.	.	.	.	.	.	.	.	.	.	.	.	.	.	.	.	.	.	.	.	.	.	.	.	.	.	.	.	.	.	.	.	.	.	.	.	.	.	.	.	.	.	.	.	.	.	.	.	.	.	.	.	.	.	.	.	.	.	.	.	.	.	.	.	.	.	.	.	.	.	.	.	.	.	.	.	.	.	.	.	.	.	.	.	.	.	.	.	.	.	.	.	.	.	.	.	.	100.00	.	.	.	.	.	.	.	.	.	.	.	.	.	.	.	.	.	.	.	.	.	.	.	.	.	.	.	88.07	.	.	.	.	100.00;100.00	.	.	.	.	.	.	.	.	.	.	.	.	.	.	.	.	.	.	.	.	.	.	.	.	.	.	.	.	.	.	.	.	.	.	.	.	.	.	.	.	.	.	.	.	.	.	.	.	.	.	.	.	.	.	.	.	.	.	.	.	.	100.00	.	.	.	.	.	.
/home/user/ww_amr_batch/amr_results/SRR35815514_resfinder.tsv	79	90.24	100.00	100.00	.	.	.	.	.	.	.	100.00	90.64	.	.	100.00	100.00	.	.	.	.	.	.	.	.	96.64	.	100.00	.	.	.	100.00	.	.	62.75	.	97.92	.	.	.	.	.	74.84;60.63	.	.	76.34	.	.	.	.	99.88	.	.	100.00	.	.	.	100.00	100.00	.	.	.	.	85.09	.	.	79.61;79.61	95.39	.	.	63.45	.	99.89	65.54	98.09;100.00	.	.	.	.	100.00	.	.	.	.	.	.	.	.	.	.	.	99.91	.	.	100.00	.	.	.	60.92	100.00	.	.	.	.	100.00	.	74.28	.	.	76.09	66.18	73.22;99.18;99.77	.	100.00	76.12	.	.	.	.	.	.	100.00;100.00;63.02	.	98.82;87.01	.	84.91;65.09	99.48	.	70.45	.	.	.	.	.	100.00	.	.	.	.	100.00	.	.	.	.	100.00	.	.	.	.	100.00	.	100.00	100.00	99.37	.	.	.	.	.	.	.	.	.	.	.	.	.	97.91	99.35	.	.	.	100.00	100.00	.	100.00	.	.	.	100.00	.	76.37	.	80.18	100.00	100.00	.	.	.	.	.	.	.	.	.	.	.	.	.	.	.	100.00	.	.	.	.	.	.	.	.	.	.	.	.	.	.	.	.	.	.	83.49	67.34;78.35	.	.	.	.	.	.	.	.	.	91.09	.	100.00	100.00	.	.	100.00	73.91	.	100.00	.	.	100.00	100.00	.	100.00	.	100.00	.	.	.	.	100.00	.	.	.	.	.	100.00	.	.	.	.	.	100.00	.	.	.	.	.	.	97.80	.	.	100.00	74.14	100.00	.	.	.	.	.	.	.	.	.	.	.	.	.	.	.	.	.	.	.	.	.	.	.	.	.	.	.
/home/user/ww_amr_batch/amr_results/SRR35815515_resfinder.tsv	0	.	.	.	.	.	.	.	.	.	.	.	.	.	.	.	.	.	.	.	.	.	.	.	.	.	.	.	.	.	.	.	.	.	.	.	.	.	.	.	.	.	.	.	.	.	.	.	.	.	.	.	.	.	.	.	.	.	.	.	.	.	.	.	.	.	.	.	.	.	.	.	.	.	.	.	.	.	.	.	.	.	.	.	.	.	.	.	.	.	.	.	.	.	.	.	.	.	.	.	.	.	.	.	.	.	.	.	.	.	.	.	.	.	.	.	.	.	.	.	.	.	.	.	.	.	.	.	.	.	.	.	.	.	.	.	.	.	.	.	.	.	.	.	.	.	.	.	.	.	.	.	.	.	.	.	.	.	.	.	.	.	.	.	.	.	.	.	.	.	.	.	.	.	.	.	.	.	.	.	.	.	.	.	.	.	.	.	.	.	.	.	.	.	.	.	.	.	.	.	.	.	.	.	.	.	.	.	.	.	.	.	.	.	.	.	.	.	.	.	.	.	.	.	.	.	.	.	.	.	.	.	.	.	.	.	.	.	.	.	.	.	.	.	.	.	.	.	.	.	.	.	.	.	.	.	.	.	.	.	.	.	.	.	.	.	.	.	.	.	.	.	.	.	.	.	.	.	.	.	.	.	.	.	.	.	.	.	.	.	.	.	.	.	.	.	.	.	.	.	.	.	.	.	.
/home/user/ww_amr_batch/amr_results/SRR35815516_resfinder.tsv	36	.	100.00	67.12	.	.	.	.	.	.	.	.	.	.	.	.	.	.	.	.	.	.	.	.	.	.	.	.	.	.	.	.	.	.	.	.	.	.	.	.	.	.	99.75	100.00	.	94.86	.	.	84.54	.	.	100.00	.	.	.	.	.	.	73.12	.	.	.	.	.	.	.	90.46	.	.	.	96.26	.	.	.	.	.	.	.	.	.	.	.	.	.	.	.	.	.	.	.	.	.	.	.	100.00	.	.	.	.	.	.	.	.	.	.	.	.	.	.	.	.	.	.	.	100.00	.	.	.	.	.	.	100.00	.	98.82	.	.	.	.	.	81.02	.	.	.	.	.	.	.	.	.	.	.	.	.	.	.	.	.	.	100.00	.	.	.	.	.	.	.	.	83.33	.	.	100.00	.	99.50;80.82	.	.	.	.	.	.	.	.	.	.	.	.	.	.	.	.	.	.	.	.	.	.	.	.	.	.	.	.	.	.	.	.	.	.	.	.	.	68.66	.	.	100.00	79.05	.	.	.	.	.	.	.	.	.	.	.	.	.	.	.	.	.	.	.	.	.	.	.	.	.	.	.	.	100.00	100.00	.	100.00	.	.	.	100.00	.	.	.	.	.	100.00	.	100.00	.	.	.	.	100.00	.	.	.	.	.	77.82	.	.	.	.	.	100.00	.	.	.	.	.	.	.	.	.	.	.	100.00	.	.	.	.	.	.	.	.	100.00	.	.	.	100.00;71.81	.	.	.	.	.	100.00	.	100.00	.	.	.	.	.	.
/home/user/ww_amr_batch/amr_results/SRR35815517_resfinder.tsv	1	.	.	.	.	.	.	.	.	.	.	.	.	.	.	.	.	.	.	.	.	.	.	.	.	.	.	.	.	.	.	.	.	.	.	.	.	.	.	.	.	.	.	.	.	.	.	.	.	.	.	.	.	.	.	.	.	.	.	.	.	.	.	.	.	.	.	.	.	.	.	.	.	.	.	.	.	.	.	.	.	.	.	.	.	.	.	.	.	.	.	.	.	.	.	.	.	.	.	.	.	.	.	.	.	.	.	.	.	.	.	.	.	.	.	.	.	.	.	.	.	.	.	.	.	.	.	.	.	.	.	.	.	.	.	.	.	.	.	.	.	.	.	.	.	.	.	.	.	.	.	.	.	.	.	.	.	.	.	.	.	.	.	.	.	.	.	.	.	.	.	.	.	.	.	.	100.00	.	.	.	.	.	.	.	.	.	.	.	.	.	.	.	.	.	.	.	.	.	.	.	.	.	.	.	.	.	.	.	.	.	.	.	.	.	.	.	.	.	.	.	.	.	.	.	.	.	.	.	.	.	.	.	.	.	.	.	.	.	.	.	.	.	.	.	.	.	.	.	.	.	.	.	.	.	.	.	.	.	.	.	.	.	.	.	.	.	.	.	.	.	.	.	.	.	.	.	.	.	.	.	.	.	.	.	.	.	.	.	.	.	.	.	.	.	.	.	.	.	.	.	.	.	.	.	.
/home/user/ww_amr_batch/amr_results/SRR35815518_resfinder.tsv	9	.	.	.	.	.	.	.	.	.	.	.	.	.	.	.	.	.	.	.	.	.	.	.	.	.	.	73.29	.	.	.	.	.	.	.	.	.	.	.	.	.	.	.	.	.	70.16	.	.	.	.	.	.	.	.	.	.	.	.	.	.	.	.	.	.	.	.	.	.	.	.	.	.	.	.	.	.	.	.	.	.	.	.	.	65.05	.	.	.	100.00	.	.	.	.	.	.	.	.	82.02	.	.	.	.	.	.	.	.	.	.	.	.	.	.	.	.	.	.	.	.	.	.	.	.	.	.	.	.	.	.	93.86	.	.	.	.	.	.	.	.	.	.	.	.	.	.	.	.	.	.	.	.	.	.	.	.	.	.	.	.	.	.	.	.	.	.	.	.	.	.	.	.	.	.	.	.	.	.	.	.	.	.	.	.	.	.	.	.	.	.	.	.	.	.	.	.	.	.	.	.	.	.	.	.	.	.	.	.	.	.	.	.	.	.	.	.	.	.	.	.	.	.	.	.	.	.	.	.	.	.	.	.	.	.	.	.	.	.	100.00	.	.	.	.	.	100.00	.	.	.	.	.	.	.	.	.	.	.	.	.	100.00	.	.	.	.	.	.	.	.	.	.	.	.	.	.	.	.	.	.	.	.	.	.	.	.	.	.	.	.	.	.	.	.	.	.	.	.	.	.	.	.	.	.	.	.	.	.	.	.	.	.
/home/user/ww_amr_batch/amr_results/SRR35815519_resfinder.tsv	84	90.42	100.00	.	.	.	.	.	.	.	100.00	.	90.64	.	.	.	.	.	.	.	.	.	100.00	.	.	.	.	.	.	100.00	.	.	.	.	.	89.65	61.42	100.00	100.00	.	.	.	.	.	.	.	.	.	100.00	100.00	99.88	.	100.00	73.90	.	.	.	.	100.00	94.39	.	.	.	100.00	.	.	.	.	.	.	96.26	.	.	.	.	.	.	.	.	.	.	.	100.00	.	.	.	.	.	.	.	.	.	.	.	100.00	.	100.00	100.00	.	.	.	.	.	100.00	.	61.45	.	.	.	61.71	.	99.18;68.42;100.00	.	84.78	73.58	.	.	.	.	.	.	64.53;100.00	.	98.82;66.80	99.88	.	.	100.00	.	100.00	.	.	72.61	70.75	.	.	.	.	.	.	.	.	.	.	.	.	.	.	.	100.00	.	.	.	.	100.00	.	100.00	100.00	69.99	.	100.00;76.60	.	80.82;100.00	.	.	81.96	93.96	.	.	.	.	.	100.00	.	.	.	.	.	.	.	.	.	.	.	.	.	.	.	.	.	.	.	.	100.00	96.22	.	68.85	.	.	.	.	89.24	.	100.00	100.00;100.00	67.83	67.95	.	.	.	.	.	100.00	100.00	100.00	.	.	.	100.00	100.00	.	.	.	.	.	.	.	.	.	80.71	.	100.00;100.00	.	100.00	100.00	.	100.00;100.00	.	.	86.61	100.00	100.00	100.00	.	.	.	100.00	.	100.00	.	.	.	.	100.00	.	.	.	.	.	100.00	.	.	100.00	.	.	100.00	100.00	.	.	100.00	.	93.25	.	.	86.31	.	.	.	.	.	100.00	.	.	.	.	80.73	100.00	.	.	.	100.00;100.00	.	.	.	.	100.00	.	.	100.00	.	.	.	.	.	.
/home/user/ww_amr_batch/amr_results/SRR35815520_resfinder.tsv	66	81.58	83.44	85.92	.	.	.	.	.	.	.	.	.	.	.	.	.	.	.	.	.	.	.	.	.	.	.	.	.	.	.	.	.	.	.	.	61.42	95.31	100.00	.	.	.	.	.	.	83.54	.	63.43	.	.	99.88	.	100.00	.	76.10	.	.	.	100.00	.	.	.	.	100.00	.	.	.	.	.	.	96.26	.	.	.	.	.	.	.	.	.	.	.	100.00	100.00	.	.	100.00	.	.	.	.	.	.	100.00	100.00	.	.	99.63;100.00	.	.	100.00	.	69.66	.	.	.	.	.	.	.	.	80.47	.	100.00	.	.	.	100.00	.	.	.	100.00	.	98.82;99.74	.	.	.	100.00	.	.	.	.	.	.	.	.	.	.	81.53	.	.	.	100.00	.	.	.	.	100.00	.	.	.	.	100.00	.	.	100.00	.	.	69.99	.	100.00	.	100.00	.	.	.	.	.	.	.	.	.	100.00	.	.	.	.	.	.	.	.	.	.	.	100.00	.	.	.	.	97.96	.	62.54	.	.	.	.	.	.	.	.	.	100.00	.	100.00	100.00	.	.	.	.	.	.	.	100.00	100.00	64.24	.	.	.	.	72.46	.	.	.	.	.	.	.	.	.	.	85.45	100.00	.	100.00	100.00	.	75.93;100.00	.	.	100.00	100.00	.	.	.	.	.	100.00	.	100.00	.	.	.	.	100.00	.	.	.	.	.	100.00	.	.	.	.	.	100.00	.	.	.	.	65.08	.	.	.	.	100.00	.	.	.	.	.	.	.	.	.	69.79	100.00	.	.	.	100.00;100.00	.	.	.	.	.	100.00	.	100.00	.	.	.	.	.	.
/home/user/ww_amr_batch/amr_results/SRR35815521_resfinder.tsv	102	90.24	100.00	100.00	.	68.07	.	.	.	.	85.60	.	90.64	.	.	100.00	.	.	.	.	.	.	.	.	.	96.64	.	.	.	100.00	.	.	.	.	.	.	79.12	100.00	100.00	65.66	.	.	.	72.10	.	.	.	.	100.00	.	99.88	.	100.00	100.00	.	100.00	.	84.23	100.00	.	.	.	99.89;83.06	100.00	.	.	.	.	.	.	96.26	.	.	.	.	.	.	.	.	.	.	.	100.00	.	.	.	.	.	.	.	.	.	.	100.00	100.00	.	78.78	100.00	.	.	75.91	87.76	.	100.00	94.91;64.00;100.00;61.82	.	.	.	.	.	.	100.00	.	100.00	85.45	.	100.00	.	62.91	.	.	100.00;100.00	.	100.00;68.77;60.50	.	.	.	100.00	.	100.00	.	.	100.00	83.45	.	.	.	.	.	.	.	.	100.00	.	.	.	.	.	.	100.00	63.90	100.00	100.00	.	100.00	77.88	100.00	100.00	.	.	100.00	.	98.59;80.82	.	.	.	.	.	.	.	91.37	.	100.00	.	.	.	.	.	.	.	99.80	.	.	.	100.00	.	.	.	.	64.63	.	.	100.00	100.00	94.20	85.61	100.00	.	.	.	.	100.00	.	100.00	100.00	.	99.88	.	.	90.00	.	.	100.00	100.00	.	.	.	.	100.00	93.13	.	.	.	.	.	.	.	.	70.61	100.00	71.30	100.00;71.32;100.00;100.00	.	100.00	100.00	.	100.00;100.00;76.61;100.00	86.14	.	94.60	100.00	100.00	.	.	.	.	100.00	.	100.00	.	.	.	.	100.00	.	.	.	.	.	100.00	.	.	.	.	.	100.00	100.00	.	.	66.61	.	.	97.80	.	.	100.00	.	100.00	.	68.03	.	.	.	.	.	.	99.79	.	.	.	100.00;100.00	68.55	.	.	.	.	100.00	.	100.00	78.23	.	.	.	.	.
/home/user/ww_amr_batch/amr_results/SRR35815522_resfinder.tsv	146	90.24	100.00	100.00	.	100.00	.	100.00;99.74;99.74	99.27;98.95	100.00	.	100.00	90.64	.	100.00	100.00	100.00	.	.	.	100.00	.	.	.	100.00	86.81	.	100.00	100.00	100.00	100.00	100.00	.	.	.	.	95.73	100.00	.	78.45	.	.	98.87	100.00	.	82.82	.	91.44	100.00	86.56	99.88	.	100.00	100.00	.	.	.	100.00	100.00	79.18	99.30;100.00;99.74	100.00	83.93;68.52	100.00	.	.	.	.	84.73	.	96.26;66.75	100.00	.	.	.	79.11	60.92	.	.	.	.	.	100.00	.	.	.	.	.	.	100.00	100.00	98.61	.	80.15	100.00	.	.	.	.	.	98.00	.	.	100.00	89.82	72.00	62.80	.	.	64.49	.	70.06;63.63	.	100.00	97.33	.	.	.	100.00	63.06	.	100.00;100.00;100.00;100.00	.	73.23;69.42	.	69.42	74.41;99.74	100.00	.	.	100.00	100.00	100.00	.	100.00	100.00	.	.	.	100.00	.	.	.	.	100.00	98.71	.	.	.	100.00	.	100.00	100.00	99.37	60.74	100.00	100.00	100.00	.	.	100.00	.	80.82;100.00	.	.	.	.	.	62.35	.	.	100.00	100.00	.	.	.	.	100.00	.	.	99.80	.	.	100.00	100.00	100.00	.	.	.	83.62	.	.	100.00	91.04	.	.	.	.	.	.	.	100.00	.	100.00	100.00;100.00	.	92.75	.	94.37	100.00;100.00	.	.	100.00	100.00	100.00;100.00;100.00	.	.	.	100.00	100.00	100.00	.	98.28	.	.	100.00	.	61.00	89.82	100.00	.	100.00	.	100.00	100.00	.	100.00;65.31	100.00	.	71.52;98.63;77.66	100.00	87.57	100.00	100.00	100.00	90.11	100.00	100.00	100.00	100.00	.	.	.	100.00	.	.	.	.	.	100.00	.	.	100.00	.	.	100.00	100.00	.	.	100.00	.	.	97.80	.	.	100.00	.	100.00	.	.	.	.	.	.	100.00	100.00	100.00	.	.	.	100.00;100.00	.	.	.	.	.	100.00	.	100.00	.	100.00	.	100.00	.	100.00
/home/user/ww_amr_batch/amr_results/SRR35815523_resfinder.tsv	30	.	.	.	.	.	.	.	.	.	.	.	.	.	.	.	.	.	.	.	.	.	.	.	.	.	.	73.64	.	.	.	.	.	.	.	.	.	.	.	.	.	.	.	.	.	82.51	.	.	.	.	99.88	.	.	.	.	.	.	.	100.00	.	.	.	.	.	.	.	.	.	.	.	.	.	.	.	.	.	.	.	.	.	.	.	.	100.00	.	.	100.00	.	.	.	.	.	.	.	100.00	.	97.00	.	.	.	.	.	.	78.65	.	.	.	.	.	.	.	.	.	100.00	.	.	.	100.00	.	.	.	.	.	.	.	.	.	100.00	.	.	.	.	.	.	.	.	.	.	.	.	.	.	.	.	.	.	.	.	.	.	.	.	63.03	.	.	.	.	72.44	.	.	.	.	98.09	.	.	.	.	.	.	.	.	.	.	.	.	.	.	.	.	.	.	.	.	.	.	.	.	.	.	.	.	.	.	.	.	.	.	.	.	.	.	100.00	.	100.00	.	.	.	.	.	.	.	.	.	76.77	.	.	.	.	.	.	.	.	.	.	.	.	.	71.51	.	.	.	84.31	.	.	100.00	.	70.62	.	.	.	100.00	.	.	.	.	.	.	.	.	.	.	.	.	100.00	.	.	.	.	95.60	.	.	.	.	.	.	.	.	.	.	.	.	.	.	.	.	70.78	.	.	.	.	.	.	.	.	.	.	.	100.00	.	.	100.00	.	.	.	70.26	.	.	.	77.29	.	.	.	.	.	.
/home/user/ww_amr_batch/amr_results/SRR35815524_resfinder.tsv	85	90.42	100.00	100.00	.	.	.	.	.	.	100.00	.	90.64	.	.	.	.	.	.	.	.	.	.	94.10	.	88.61	.	.	.	100.00	.	.	.	.	.	.	60.68	100.00	100.00	.	.	.	.	83.15	.	82.61	100.00	.	100.00	.	99.88	.	100.00	.	.	.	100.00	.	100.00	80.47	.	.	.	100.00	.	.	.	.	.	.	96.26	.	.	.	80.94	.	.	.	.	100.00	.	.	.	.	.	.	.	.	.	.	.	.	.	.	100.00	.	98.00	100.00	.	.	.	.	.	100.00	71.15	.	.	.	.	64.86;63.04	.	100.00;86.43	.	100.00	68.12;73.45	.	100.00	.	72.00	.	.	100.00;100.00	.	98.82	.	.	.	100.00	.	.	.	.	.	.	.	.	.	.	.	.	75.49	.	.	.	.	.	.	100.00	.	.	.	.	.	79.15	.	.	100.00	100.00	.	.	96.17	.	80.82;99.90	.	.	.	.	.	.	.	.	87.75	100.00	.	.	100.00	.	.	.	.	76.28	.	.	.	100.00	.	.	.	.	.	.	.	.	100.00	100.00	.	.	.	.	.	.	90.16	.	100.00	100.00	.	.	.	.	.	.	.	71.52	100.00	.	.	.	.	.	94.88	.	.	.	.	95.93	.	.	81.12	100.00	.	.	100.00;99.75;75.25	.	100.00	100.00	.	100.00;100.00;65.20	.	.	99.39	100.00	.	.	.	.	.	100.00	.	100.00	75.50	.	.	.	100.00	.	.	.	.	.	100.00	.	.	99.95	.	.	100.00	100.00	.	.	.	.	.	97.33	.	.	100.00	.	97.37	.	.	86.09	.	.	.	.	60.16	100.00	.	.	.	100.00;100.00	.	100.00	.	.	.	100.00	.	100.00	.	.	.	.	.	.
/home/user/ww_amr_batch/amr_results/SRR35815525_resfinder.tsv	13	.	.	.	.	.	.	.	.	.	.	.	.	.	.	.	.	.	.	.	.	.	.	.	.	.	.	.	.	.	.	.	.	.	.	.	99.27	.	.	.	.	.	.	.	.	61.63	.	.	.	.	99.88	.	.	.	.	.	.	.	.	.	.	.	.	.	.	.	.	.	.	.	.	.	.	.	.	.	.	.	.	.	.	.	.	95.95	.	.	.	.	.	.	.	.	.	.	.	.	.	.	.	.	89.39	.	.	.	.	.	.	.	.	.	.	.	.	.	.	.	.	.	.	.	.	.	.	.	.	.	.	100.00	.	.	.	.	.	.	.	.	.	.	.	.	.	.	.	.	.	.	.	.	.	.	.	.	.	.	.	.	.	.	.	.	.	.	.	.	.	.	.	.	.	.	.	.	.	.	.	.	.	.	.	.	.	.	.	.	.	.	.	.	.	.	.	.	.	.	.	.	.	.	.	.	.	100.00	.	100.00	.	.	.	.	.	.	.	.	.	.	.	.	.	.	.	.	.	.	.	.	.	.	.	.	.	.	.	.	.	.	100.00	.	.	.	.	.	100.00	.	.	.	.	.	.	.	.	.	.	.	.	100.00	.	.	.	.	.	100.00	.	.	.	.	.	.	.	.	.	.	.	.	.	.	.	.	.	.	.	.	.	.	.	.	.	.	.	.	.	.	.	.	.	.	.	.	.	.	.	.	.	.	.	61.63	.
/home/user/ww_amr_batch/amr_results/SRR35815526_resfinder.tsv	19	.	.	.	.	.	.	.	.	.	.	.	.	.	.	.	.	.	.	.	.	.	.	.	.	.	.	.	.	.	.	.	67.42	.	.	.	.	69.58	63.12	.	.	.	.	.	.	82.72	.	.	.	.	99.88	.	.	.	.	.	.	.	62.49	.	.	.	.	.	.	.	.	.	.	.	.	.	.	.	.	.	.	.	.	.	.	.	.	.	.	.	.	.	.	.	.	.	.	.	100.00	.	.	82.96	.	.	100.00	.	.	89.64	.	.	.	.	.	.	.	.	.	.	.	.	.	.	.	.	.	.	.	.	.	.	.	100.00	.	.	.	.	.	.	.	.	.	.	.	.	.	.	.	.	.	.	.	.	.	.	.	.	.	.	.	.	.	.	.	.	100.00	.	.	.	.	.	.	.	.	.	.	.	.	.	.	.	.	.	.	.	.	.	.	.	.	.	.	.	.	.	.	.	.	.	.	.	.	.	.	.	.	100.00	.	80.65	.	.	.	.	.	.	.	.	.	.	.	.	.	.	.	.	.	.	.	.	.	.	.	.	.	.	.	.	62.25	.	100.00	.	.	.	.	.	100.00	.	.	.	.	.	.	.	.	.	.	.	.	100.00	.	.	.	.	.	.	.	.	.	.	.	99.75	.	.	.	.	.	.	.	.	.	.	.	.	.	.	.	.	.	.	.	.	.	.	.	.	.	.	.	.	.	.	.	.	.	.	.	.	.	.	.
/home/user/ww_amr_batch/amr_results/SRR35815527_resfinder.tsv	102	90.42	100.00	100.00	.	.	.	82.31	.	.	62.83	.	90.64	.	100.00	.	.	.	.	.	.	.	86.59	.	.	96.64	.	.	65.40	100.00	.	.	.	.	.	80.93	99.27	100.00	100.00	63.41	.	87.16	.	96.63	.	.	100.00	.	100.00	.	99.88	.	100.00	99.75	.	100.00	.	.	100.00	74.39	.	.	95.74	100.00	.	.	.	.	.	80.02	96.26	.	.	.	.	.	.	.	.	.	.	.	100.00	.	.	.	.	.	.	.	.	.	64.37	82.52	100.00	.	.	100.00	.	.	100.00	87.88	.	100.00	100.00	.	.	.	.	.	.	99.88;75.91	100.00	100.00	61.94;88.85	.	100.00	.	77.58	.	.	100.00;90.19	.	98.82	.	69.29;69.16;90.81	.	100.00	.	100.00	.	.	100.00	100.00	.	.	.	.	.	.	.	.	.	.	100.00	.	.	100.00	.	.	.	.	100.00	.	75.16	81.82	100.00	100.00	.	.	98.55	.	80.82;80.92	.	95.73	.	.	.	.	.	.	.	100.00	.	.	.	.	100.00	.	.	.	.	.	.	78.06	.	.	.	.	80.60	.	.	.	100.00	79.08	.	.	.	.	.	.	90.16	.	100.00	100.00;87.89	.	99.88	.	.	.	.	.	100.00	100.00	71.52	.	.	.	.	98.38	.	.	.	65.56	.	.	.	.	64.78	100.00	74.31	100.00;100.00	.	100.00	100.00	.	97.40;100.00;100.00	.	.	87.70;87.09	100.00	.	.	.	.	.	100.00	.	100.00	.	.	.	.	100.00	.	.	.	.	.	100.00	.	100.00	.	70.36	.	100.00	100.00	.	100.00	.	.	.	97.80	.	.	100.00	.	.	.	.	.	100.00	.	.	.	.	100.00	.	.	.	82.14;82.14	.	.	.	.	.	100.00	.	100.00	.	.	.	.	.	.
/home/user/ww_amr_batch/amr_results/SRR35815528_resfinder.tsv	0	.	.	.	.	.	.	.	.	.	.	.	.	.	.	.	.	.	.	.	.	.	.	.	.	.	.	.	.	.	.	.	.	.	.	.	.	.	.	.	.	.	.	.	.	.	.	.	.	.	.	.	.	.	.	.	.	.	.	.	.	.	.	.	.	.	.	.	.	.	.	.	.	.	.	.	.	.	.	.	.	.	.	.	.	.	.	.	.	.	.	.	.	.	.	.	.	.	.	.	.	.	.	.	.	.	.	.	.	.	.	.	.	.	.	.	.	.	.	.	.	.	.	.	.	.	.	.	.	.	.	.	.	.	.	.	.	.	.	.	.	.	.	.	.	.	.	.	.	.	.	.	.	.	.	.	.	.	.	.	.	.	.	.	.	.	.	.	.	.	.	.	.	.	.	.	.	.	.	.	.	.	.	.	.	.	.	.	.	.	.	.	.	.	.	.	.	.	.	.	.	.	.	.	.	.	.	.	.	.	.	.	.	.	.	.	.	.	.	.	.	.	.	.	.	.	.	.	.	.	.	.	.	.	.	.	.	.	.	.	.	.	.	.	.	.	.	.	.	.	.	.	.	.	.	.	.	.	.	.	.	.	.	.	.	.	.	.	.	.	.	.	.	.	.	.	.	.	.	.	.	.	.	.	.	.	.	.	.	.	.	.	.	.	.	.	.	.	.	.	.	.	.	.	.
/home/user/ww_amr_batch/amr_results/SRR35815529_resfinder.tsv	3	.	.	.	.	.	.	.	.	.	.	.	.	.	.	.	.	.	.	.	.	.	.	.	.	.	.	.	.	.	.	.	.	.	.	.	.	.	.	.	.	.	.	.	.	.	.	.	.	.	.	.	.	.	.	.	.	.	.	.	.	.	.	.	.	.	.	.	.	.	.	.	.	.	.	.	.	.	.	.	.	.	.	.	.	.	.	.	.	.	.	.	.	.	.	.	.	.	.	.	.	87.88	.	.	.	.	.	.	.	.	.	.	.	.	.	.	.	.	.	.	.	.	.	.	.	.	.	.	.	.	.	.	.	.	.	.	.	.	.	.	.	.	.	.	.	.	.	.	.	.	.	.	.	.	.	.	.	.	.	.	.	.	.	.	.	.	.	.	.	.	.	.	.	.	.	.	.	.	.	.	.	.	.	.	.	.	.	.	.	.	.	.	.	.	.	.	.	.	.	.	.	.	.	100.00	.	.	.	.	.	.	.	.	.	.	.	.	.	.	.	.	.	.	.	.	.	.	.	.	.	.	.	.	.	.	.	.	.	.	.	.	.	.	.	.	.	.	.	.	.	.	.	.	.	.	.	.	.	.	.	.	.	.	.	.	.	.	.	.	.	.	.	.	.	.	.	.	.	.	.	.	.	.	.	.	.	.	.	.	.	.	.	.	.	.	.	.	.	60.24	.	.	.	.	.	.	.
