BIOSAMPLE	BIOSAMPLE_COMMENT	BIOSAMPLE_ORGANISM	BIOSAMPLE_TITLE	ENA-CHECKLIST	ENA_first_public	GUNC_clade_separation_score	GUNC_contamination_score	GUNC_reference_representation_score	GUNC_version	ID	INSDC_center_name	INSDC_status	MAG_coverage_software	SPIRE_genome_cluster	SPIRE_genome_id	Submitter_Id	assembly_quality	assembly_software	binning_parameters	binning_software	collection_date	completeness_score	completeness_software	contamination_score	contig_N50	derived_from_assembly	env_broad_scale	env_medium	geo_loc_name	geographic_location_(latitude)	geographic_location_(longitude)	host	isolation_source	lat_lon	linked_to_SPIRE_sample	linked_to_SPIRE_study	linked_to_analysis_project	local_environmental_context	metagenomic_source	number_of_contigs	project_name	sample_ID	sample_derived_from	sample_name	scientific_name	taxonomic_classification	taxonomic_classification_software	taxonomic_identity_marker
SAMN04262535		Lachnospiraceae bacterium	Metagenome-Assembled Genome spire_mag_01092203 in SPIRE v01 classified as Agathobacter rectalis	ERC000047	2025-10-14	0.29	0.04	0.87	GUNC v1.0.6		EMBL Heidelberg	public	bwa mem	https://spire.embl.de/spire/v1/cluster/specI_v4_00168	https://spire.embl.de/spire/v1/genome/spire_mag_01092203	spire_mag_01092203	Many fragments with little to no review of assembly other than reporting of standard assembly statistics	megahit 1.2.9	tetramer and coverage	metaBAT2 v2.12.1	missing: third party data	93.76	CheckM2 v0.1.3	1.94	15687	ERZ27289542	missing: third party data	missing: third party data	missing: third party data	missing: third party data	missing: third party data		missing: third party data		https://spire.embl.de/spire/v1/sample/75806	https://spire.embl.de/spire/v1/study/501	ERP175227	missing: third party data	metagenomes	236	SPIRE v1: a Searchable Planetary-scale mIcrobiome REsource		SAMN04262535	spire_mag_01092203	Lachnospiraceae bacterium	d__Bacteria;p__Bacillota_A;c__Clostridia;o__Lachnospirales;f__Lachnospiraceae;g__Agathobacter;s__Agathobacter rectalis	GTDBtk v2.3.2_r214	multi-marker approach
SAMN04262537		Bifidobacterium adolescentis	Metagenome-Assembled Genome spire_mag_01092857 in SPIRE v01 classified as Bifidobacterium adolescentis	ERC000047	2025-10-13	0.0	0.0	0.94	GUNC v1.0.6		EMBL Heidelberg	public	bwa mem	https://spire.embl.de/spire/v1/cluster/specI_v4_00075	https://spire.embl.de/spire/v1/genome/spire_mag_01092857	spire_mag_01092857	Many fragments with little to no review of assembly other than reporting of standard assembly statistics	megahit 1.2.9	tetramer and coverage	metaBAT2 v2.12.1	missing: third party data	80.07	CheckM2 v0.1.3	2.22	7286	ERZ27289543	missing: third party data	missing: third party data	missing: third party data	missing: third party data	missing: third party data		missing: third party data		https://spire.embl.de/spire/v1/sample/75770	https://spire.embl.de/spire/v1/study/501	ERP175227	missing: third party data	metagenomes	230	SPIRE v1: a Searchable Planetary-scale mIcrobiome REsource		SAMN04262537	spire_mag_01092857	Bifidobacterium adolescentis	d__Bacteria;p__Actinomycetota;c__Actinomycetia;o__Actinomycetales;f__Bifidobacteriaceae;g__Bifidobacterium;s__Bifidobacterium adolescentis	GTDBtk v2.3.2_r214	multi-marker approach
SAMN04262538		Ligilactobacillus ruminis	Metagenome-Assembled Genome spire_mag_01090444 in SPIRE v01 classified as Ligilactobacillus ruminis	ERC000047	2025-10-14	0.0	0.0	0.91	GUNC v1.0.6		EMBL Heidelberg	public	bwa mem	https://spire.embl.de/spire/v1/cluster/specI_v4_00349	https://spire.embl.de/spire/v1/genome/spire_mag_01090444	spire_mag_01090444	Many fragments with little to no review of assembly other than reporting of standard assembly statistics	megahit 1.2.9	tetramer and coverage	metaBAT2 v2.12.1	missing: third party data	59.71	CheckM2 v0.1.3	0.74	4977	ERZ27289545	missing: third party data	missing: third party data	missing: third party data	missing: third party data	missing: third party data		missing: third party data		https://spire.embl.de/spire/v1/sample/75917	https://spire.embl.de/spire/v1/study/501	ERP175227	missing: third party data	metagenomes	244	SPIRE v1: a Searchable Planetary-scale mIcrobiome REsource		SAMN04262538	spire_mag_01090444	Ligilactobacillus ruminis	d__Bacteria;p__Bacillota;c__Bacilli;o__Lactobacillales;f__Lactobacillaceae;g__Ligilactobacillus;s__Ligilactobacillus ruminis	GTDBtk v2.3.2_r214	multi-marker approach
SAMN04262539		Lachnospiraceae bacterium	Metagenome-Assembled Genome spire_mag_01091901 in SPIRE v01 classified as Agathobacter rectalis	ERC000047	2025-10-14	0.43	0.03	0.86	GUNC v1.0.6		EMBL Heidelberg	public	bwa mem	https://spire.embl.de/spire/v1/cluster/specI_v4_00168	https://spire.embl.de/spire/v1/genome/spire_mag_01091901	spire_mag_01091901	Many fragments with little to no review of assembly other than reporting of standard assembly statistics	megahit 1.2.9	tetramer and coverage	metaBAT2 v2.12.1	missing: third party data	63.28	CheckM2 v0.1.3	2.04	4695	ERZ27289547	missing: third party data	missing: third party data	missing: third party data	missing: third party data	missing: third party data		missing: third party data		https://spire.embl.de/spire/v1/sample/75844	https://spire.embl.de/spire/v1/study/501	ERP175227	missing: third party data	metagenomes	368	SPIRE v1: a Searchable Planetary-scale mIcrobiome REsource		SAMN04262539	spire_mag_01091901	Lachnospiraceae bacterium	d__Bacteria;p__Bacillota_A;c__Clostridia;o__Lachnospirales;f__Lachnospiraceae;g__Agathobacter;s__Agathobacter rectalis	GTDBtk v2.3.2_r214	multi-marker approach
SAMN04262540	SPIRE v01 sample. This is a virtual sample, derived from SAMN04262540.	metagenome	SPIRE v01 sample spire_sample_75816.	ERC000011	2025-09-16						EMBL Heidelberg	public				spire_sample_75816					missing: third party data								missing: third party data															spire_sample_75816	metagenome			
SAMN04262541		Bifidobacterium adolescentis	Metagenome-Assembled Genome spire_mag_01090910 in SPIRE v01 classified as Bifidobacterium adolescentis	ERC000047	2025-10-13	0.0	0.0	0.95	GUNC v1.0.6		EMBL Heidelberg	public	bwa mem	https://spire.embl.de/spire/v1/cluster/specI_v4_00075	https://spire.embl.de/spire/v1/genome/spire_mag_01090910	spire_mag_01090910	Many fragments with little to no review of assembly other than reporting of standard assembly statistics	megahit 1.2.9	tetramer and coverage	metaBAT2 v2.12.1	missing: third party data	81.23	CheckM2 v0.1.3	6.14	8360	ERZ27289546	missing: third party data	missing: third party data	missing: third party data	missing: third party data	missing: third party data		missing: third party data		https://spire.embl.de/spire/v1/sample/75960	https://spire.embl.de/spire/v1/study/501	ERP175227	missing: third party data	metagenomes	227	SPIRE v1: a Searchable Planetary-scale mIcrobiome REsource		SAMN04262541	spire_mag_01090910	Bifidobacterium adolescentis	d__Bacteria;p__Actinomycetota;c__Actinomycetia;o__Actinomycetales;f__Bifidobacteriaceae;g__Bifidobacterium;s__Bifidobacterium adolescentis	GTDBtk v2.3.2_r214	multi-marker approach
SAMN04262542		Eubacteriaceae bacterium	Metagenome-Assembled Genome spire_mag_01092329 in SPIRE v01 classified as UBA7485	ERC000047	2025-10-14	0.28	0.42	0.48	GUNC v1.0.6		EMBL Heidelberg	public	bwa mem	https://spire.embl.de/spire/v1/cluster/spire_v1_095_000231896	https://spire.embl.de/spire/v1/genome/spire_mag_01092329	spire_mag_01092329	Many fragments with little to no review of assembly other than reporting of standard assembly statistics	megahit 1.2.9	tetramer and coverage	metaBAT2 v2.12.1	missing: third party data	96.25	CheckM2 v0.1.3	1.11	15472	ERZ27289548	missing: third party data	missing: third party data	missing: third party data	missing: third party data	missing: third party data		missing: third party data		https://spire.embl.de/spire/v1/sample/75724	https://spire.embl.de/spire/v1/study/501	ERP175227	missing: third party data	metagenomes	229	SPIRE v1: a Searchable Planetary-scale mIcrobiome REsource		SAMN04262542	spire_mag_01092329	Eubacteriaceae bacterium	d__Bacteria;p__Bacillota_A;c__Clostridia;o__Eubacteriales;f__Eubacteriaceae;g__UBA7485;s__	GTDBtk v2.3.2_r214	multi-marker approach
SAMN04262543		Blautia wexlerae	Metagenome-Assembled Genome spire_mag_01090534 in SPIRE v01 classified as Blautia_A wexlerae	ERC000047	2025-10-14	0.28	0.37	0.66	GUNC v1.0.6		EMBL Heidelberg	public	bwa mem	https://spire.embl.de/spire/v1/cluster/specI_v4_00170	https://spire.embl.de/spire/v1/genome/spire_mag_01090534	spire_mag_01090534	Many fragments with little to no review of assembly other than reporting of standard assembly statistics	megahit 1.2.9	tetramer and coverage	metaBAT2 v2.12.1	missing: third party data	84.63	CheckM2 v0.1.3	8.61	10034	ERZ27289550	missing: third party data	missing: third party data	missing: third party data	missing: third party data	missing: third party data		missing: third party data		https://spire.embl.de/spire/v1/sample/75860	https://spire.embl.de/spire/v1/study/501	ERP175227	missing: third party data	metagenomes	381	SPIRE v1: a Searchable Planetary-scale mIcrobiome REsource		SAMN04262543	spire_mag_01090534	Blautia wexlerae	d__Bacteria;p__Bacillota_A;c__Clostridia;o__Lachnospirales;f__Lachnospiraceae;g__Blautia_A;s__Blautia_A wexlerae	GTDBtk v2.3.2_r214	multi-marker approach
SAMN04262544	SPIRE v01 sample. This is a virtual sample, derived from SAMN04262544.	metagenome	SPIRE v01 sample spire_sample_75790.	ERC000011	2025-09-16						EMBL Heidelberg	public				spire_sample_75790					missing: third party data								missing: third party data															spire_sample_75790	metagenome			
SAMN04262546		Uruburuella suis	Metagenome-Assembled Genome spire_mag_01092746 in SPIRE v01 classified as Neisseria suis	ERC000047	2025-10-13	0.21	0.05	0.74	GUNC v1.0.6		EMBL Heidelberg	public	bwa mem	https://spire.embl.de/spire/v1/cluster/specI_v4_35034	https://spire.embl.de/spire/v1/genome/spire_mag_01092746	spire_mag_01092746	Many fragments with little to no review of assembly other than reporting of standard assembly statistics	megahit 1.2.9	tetramer and coverage	metaBAT2 v2.12.1	missing: third party data	78.99	CheckM2 v0.1.3	0.91	5295	ERZ27289551	missing: third party data	missing: third party data	missing: third party data	missing: third party data	missing: third party data		missing: third party data		https://spire.embl.de/spire/v1/sample/75760	https://spire.embl.de/spire/v1/study/501	ERP175227	missing: third party data	metagenomes	386	SPIRE v1: a Searchable Planetary-scale mIcrobiome REsource		SAMN04262546	spire_mag_01092746	Uruburuella suis	d__Bacteria;p__Pseudomonadota;c__Gammaproteobacteria;o__Burkholderiales;f__Neisseriaceae;g__Neisseria;s__Neisseria suis	GTDBtk v2.3.2_r214	multi-marker approach
SAMN04262547		Uruburuella suis	Metagenome-Assembled Genome spire_mag_01090341 in SPIRE v01 classified as Neisseria suis	ERC000047	2025-10-14	0.3	0.02	0.71	GUNC v1.0.6		EMBL Heidelberg	public	bwa mem	https://spire.embl.de/spire/v1/cluster/specI_v4_35034	https://spire.embl.de/spire/v1/genome/spire_mag_01090341	spire_mag_01090341	Many fragments with little to no review of assembly other than reporting of standard assembly statistics	megahit 1.2.9	tetramer and coverage	metaBAT2 v2.12.1	missing: third party data	50.71	CheckM2 v0.1.3	0.58	4238	ERZ27289552	missing: third party data	missing: third party data	missing: third party data	missing: third party data	missing: third party data		missing: third party data		https://spire.embl.de/spire/v1/sample/75903	https://spire.embl.de/spire/v1/study/501	ERP175227	missing: third party data	metagenomes	307	SPIRE v1: a Searchable Planetary-scale mIcrobiome REsource		SAMN04262547	spire_mag_01090341	Uruburuella suis	d__Bacteria;p__Pseudomonadota;c__Gammaproteobacteria;o__Burkholderiales;f__Neisseriaceae;g__Neisseria;s__Neisseria suis	GTDBtk v2.3.2_r214	multi-marker approach
SAMN04262548		Bifidobacterium adolescentis	Metagenome-Assembled Genome spire_mag_01091812 in SPIRE v01 classified as Bifidobacterium adolescentis	ERC000047	2025-10-13	0.0	0.0	0.95	GUNC v1.0.6		EMBL Heidelberg	public	bwa mem	https://spire.embl.de/spire/v1/cluster/specI_v4_00075	https://spire.embl.de/spire/v1/genome/spire_mag_01091812	spire_mag_01091812	Many fragments with little to no review of assembly other than reporting of standard assembly statistics	megahit 1.2.9	tetramer and coverage	metaBAT2 v2.12.1	missing: third party data	84.51	CheckM2 v0.1.3	1.57	7713	ERZ27289553	missing: third party data	missing: third party data	missing: third party data	missing: third party data	missing: third party data		missing: third party data		https://spire.embl.de/spire/v1/sample/75837	https://spire.embl.de/spire/v1/study/501	ERP175227	missing: third party data	metagenomes	255	SPIRE v1: a Searchable Planetary-scale mIcrobiome REsource		SAMN04262548	spire_mag_01091812	Bifidobacterium adolescentis	d__Bacteria;p__Actinomycetota;c__Actinomycetia;o__Actinomycetales;f__Bifidobacteriaceae;g__Bifidobacterium;s__Bifidobacterium adolescentis	GTDBtk v2.3.2_r214	multi-marker approach
SAMN04262549		Ancrocorticia sp.	Metagenome-Assembled Genome spire_mag_01091184 in SPIRE v01 classified as Ancrocorticia	ERC000047	2025-10-13	0.32	0.17	0.52	GUNC v1.0.6		EMBL Heidelberg	public	bwa mem	https://spire.embl.de/spire/v1/cluster/spire_v1_095_000348485	https://spire.embl.de/spire/v1/genome/spire_mag_01091184	spire_mag_01091184	Many fragments with little to no review of assembly other than reporting of standard assembly statistics	megahit 1.2.9	tetramer and coverage	metaBAT2 v2.12.1	missing: third party data	72.82	CheckM2 v0.1.3	2.84	7529	ERZ27289554	missing: third party data	missing: third party data	missing: third party data	missing: third party data	missing: third party data		missing: third party data		https://spire.embl.de/spire/v1/sample/75982	https://spire.embl.de/spire/v1/study/501	ERP175227	missing: third party data	metagenomes	300	SPIRE v1: a Searchable Planetary-scale mIcrobiome REsource		SAMN04262549	spire_mag_01091184	Ancrocorticia sp.	d__Bacteria;p__Actinomycetota;c__Actinomycetia;o__Actinomycetales;f__Actinomycetaceae;g__Ancrocorticia;s__	GTDBtk v2.3.2_r214	multi-marker approach
SAMN04262550		Uruburuella suis	Metagenome-Assembled Genome spire_mag_01091084 in SPIRE v01 classified as Neisseria suis	ERC000047	2025-10-14	0.27	0.03	0.7	GUNC v1.0.6		EMBL Heidelberg	public	bwa mem	https://spire.embl.de/spire/v1/cluster/specI_v4_35034	https://spire.embl.de/spire/v1/genome/spire_mag_01091084	spire_mag_01091084	Many fragments with little to no review of assembly other than reporting of standard assembly statistics	megahit 1.2.9	tetramer and coverage	metaBAT2 v2.12.1	missing: third party data	83.67	CheckM2 v0.1.3	2.56	6363	ERZ27289556	missing: third party data	missing: third party data	missing: third party data	missing: third party data	missing: third party data		missing: third party data		https://spire.embl.de/spire/v1/sample/75973	https://spire.embl.de/spire/v1/study/501	ERP175227	missing: third party data	metagenomes	384	SPIRE v1: a Searchable Planetary-scale mIcrobiome REsource		SAMN04262550	spire_mag_01091084	Uruburuella suis	d__Bacteria;p__Pseudomonadota;c__Gammaproteobacteria;o__Burkholderiales;f__Neisseriaceae;g__Neisseria;s__Neisseria suis	GTDBtk v2.3.2_r214	multi-marker approach
SAMN04262552		Methylocystis sp.	Metagenome-Assembled Genome spire_mag_01090734 in SPIRE v01 classified as Methylocystis	ERC000047	2025-10-14	0.06	0.03	0.61	GUNC v1.0.6		EMBL Heidelberg	public	bwa mem	https://spire.embl.de/spire/v1/cluster/spire_v1_095_000377796	https://spire.embl.de/spire/v1/genome/spire_mag_01090734	spire_mag_01090734	Many fragments with little to no review of assembly other than reporting of standard assembly statistics	megahit 1.2.9	tetramer and coverage	metaBAT2 v2.12.1	missing: third party data	85.09	CheckM2 v0.1.3	1.31	8619	ERZ27289557	missing: third party data	missing: third party data	missing: third party data	missing: third party data	missing: third party data		missing: third party data		https://spire.embl.de/spire/v1/sample/75877	https://spire.embl.de/spire/v1/study/501	ERP175227	missing: third party data	metagenomes	302	SPIRE v1: a Searchable Planetary-scale mIcrobiome REsource		SAMN04262552	spire_mag_01090734	Methylocystis sp.	d__Bacteria;p__Pseudomonadota;c__Alphaproteobacteria;o__Rhizobiales;f__Beijerinckiaceae;g__Methylocystis;s__	GTDBtk v2.3.2_r214	multi-marker approach
SAMN04262553		Rhodocyclaceae bacterium	Metagenome-Assembled Genome spire_mag_01092143 in SPIRE v01 classified as Fluviibacter	ERC000047	2025-10-13	0.15	0.51	0.56	GUNC v1.0.6		EMBL Heidelberg	public	bwa mem	https://spire.embl.de/spire/v1/cluster/spire_v1_095_000573198	https://spire.embl.de/spire/v1/genome/spire_mag_01092143	spire_mag_01092143	Many fragments with little to no review of assembly other than reporting of standard assembly statistics	megahit 1.2.9	tetramer and coverage	metaBAT2 v2.12.1	missing: third party data	74.82	CheckM2 v0.1.3	4.49	7601	ERZ27289559	missing: third party data	missing: third party data	missing: third party data	missing: third party data	missing: third party data		missing: third party data		https://spire.embl.de/spire/v1/sample/75802	https://spire.embl.de/spire/v1/study/501	ERP175227	missing: third party data	metagenomes	251	SPIRE v1: a Searchable Planetary-scale mIcrobiome REsource		SAMN04262553	spire_mag_01092143	Rhodocyclaceae bacterium	d__Bacteria;p__Pseudomonadota;c__Gammaproteobacteria;o__Burkholderiales;f__Rhodocyclaceae;g__Fluviibacter;s__	GTDBtk v2.3.2_r214	multi-marker approach
SAMN04262559		Gammaproteobacteria bacterium	Metagenome-Assembled Genome spire_mag_01092667 in SPIRE v01 classified as M0108 sp009928645	ERC000047	2025-10-13	0.28	0.17	0.59	GUNC v1.0.6		EMBL Heidelberg	public	bwa mem	https://spire.embl.de/spire/v1/cluster/specI_v4_30374	https://spire.embl.de/spire/v1/genome/spire_mag_01092667	spire_mag_01092667	Many fragments with little to no review of assembly other than reporting of standard assembly statistics	megahit 1.2.9	tetramer and coverage	metaBAT2 v2.12.1	missing: third party data	79.23	CheckM2 v0.1.3	3.02	5599	ERZ27289560	missing: third party data	missing: third party data	missing: third party data	missing: third party data	missing: third party data		missing: third party data		https://spire.embl.de/spire/v1/sample/75719	https://spire.embl.de/spire/v1/study/501	ERP175227	missing: third party data	metagenomes	513	SPIRE v1: a Searchable Planetary-scale mIcrobiome REsource		SAMN04262559	spire_mag_01092667	Gammaproteobacteria bacterium	d__Bacteria;p__Pseudomonadota;c__Gammaproteobacteria;o__Chromatiales;f__Chromatiaceae;g__M0108;s__M0108 sp009928645	GTDBtk v2.3.2_r214	multi-marker approach
SAMN04262560		Thiothrix unzii	Metagenome-Assembled Genome spire_mag_01092370 in SPIRE v01 classified as Thiothrix unzii	ERC000047	2025-10-14	0.0	0.0	0.74	GUNC v1.0.6		EMBL Heidelberg	public	bwa mem	https://spire.embl.de/spire/v1/cluster/spire_v1_095_000393943	https://spire.embl.de/spire/v1/genome/spire_mag_01092370	spire_mag_01092370	Many fragments with little to no review of assembly other than reporting of standard assembly statistics	megahit 1.2.9	tetramer and coverage	metaBAT2 v2.12.1	missing: third party data	56.58	CheckM2 v0.1.3	1.40	4320	ERZ27289566	missing: third party data	missing: third party data	missing: third party data	missing: third party data	missing: third party data		missing: third party data		https://spire.embl.de/spire/v1/sample/75729	https://spire.embl.de/spire/v1/study/501	ERP175227	missing: third party data	metagenomes	365	SPIRE v1: a Searchable Planetary-scale mIcrobiome REsource		SAMN04262560	spire_mag_01092370	Thiothrix unzii	d__Bacteria;p__Pseudomonadota;c__Gammaproteobacteria;o__Thiotrichales;f__Thiotrichaceae;g__Thiothrix;s__Thiothrix unzii	GTDBtk v2.3.2_r214	multi-marker approach
SAMN04262562		uncultured bacterium	Metagenome-Assembled Genome spire_mag_01091986 in SPIRE v01 classified as VGCC01	ERC000047	2025-10-13	0.15	0.03	0.52	GUNC v1.0.6		EMBL Heidelberg	public	bwa mem	https://spire.embl.de/spire/v1/cluster/spire_v1_095_000329285	https://spire.embl.de/spire/v1/genome/spire_mag_01091986	spire_mag_01091986	Many fragments with little to no review of assembly other than reporting of standard assembly statistics	megahit 1.2.9	tetramer and coverage	metaBAT2 v2.12.1	missing: third party data	77.73	CheckM2 v0.1.3	1.70	9384	ERZ27289567	missing: third party data	missing: third party data	missing: third party data	missing: third party data	missing: third party data		missing: third party data		https://spire.embl.de/spire/v1/sample/75796	https://spire.embl.de/spire/v1/study/501	ERP175227	missing: third party data	metagenomes	233	SPIRE v1: a Searchable Planetary-scale mIcrobiome REsource		SAMN04262562	spire_mag_01091986	uncultured bacterium	d__Bacteria;p__Actinomycetota;c__Actinomycetia;o__Nanopelagicales;f__S36-B12;g__VGCC01;s__	GTDBtk v2.3.2_r214	multi-marker approach
SAMN04262563		uncultured bacterium	Metagenome-Assembled Genome spire_mag_01091343 in SPIRE v01 classified as Mxb001	ERC000047	2025-10-14	0.16	0.03	0.48	GUNC v1.0.6		EMBL Heidelberg	public	bwa mem	https://spire.embl.de/spire/v1/cluster/spire_v1_095_000382708	https://spire.embl.de/spire/v1/genome/spire_mag_01091343	spire_mag_01091343	Many fragments with little to no review of assembly other than reporting of standard assembly statistics	megahit 1.2.9	tetramer and coverage	metaBAT2 v2.12.1	missing: third party data	50.82	CheckM2 v0.1.3	1.39	4429	ERZ27289562	missing: third party data	missing: third party data	missing: third party data	missing: third party data	missing: third party data		missing: third party data		https://spire.embl.de/spire/v1/sample/75946	https://spire.embl.de/spire/v1/study/501	ERP175227	missing: third party data	metagenomes	359	SPIRE v1: a Searchable Planetary-scale mIcrobiome REsource		SAMN04262563	spire_mag_01091343	uncultured bacterium	d__Bacteria;p__Actinomycetota;c__Actinomycetia;o__Nanopelagicales;f__S36-B12;g__Mxb001;s__	GTDBtk v2.3.2_r214	multi-marker approach
SAMN04262564		uncultured bacterium	Metagenome-Assembled Genome spire_mag_01092763 in SPIRE v01 classified as Mxb001	ERC000047	2025-10-14	0.09	0.06	0.47	GUNC v1.0.6		EMBL Heidelberg	public	bwa mem	https://spire.embl.de/spire/v1/cluster/spire_v1_095_000325171	https://spire.embl.de/spire/v1/genome/spire_mag_01092763	spire_mag_01092763	Many fragments with little to no review of assembly other than reporting of standard assembly statistics	megahit 1.2.9	tetramer and coverage	metaBAT2 v2.12.1	missing: third party data	60.81	CheckM2 v0.1.3	6.64	6267	ERZ27289565	missing: third party data	missing: third party data	missing: third party data	missing: third party data	missing: third party data		missing: third party data		https://spire.embl.de/spire/v1/sample/75763	https://spire.embl.de/spire/v1/study/501	ERP175227	missing: third party data	metagenomes	422	SPIRE v1: a Searchable Planetary-scale mIcrobiome REsource		SAMN04262564	spire_mag_01092763	uncultured bacterium	d__Bacteria;p__Actinomycetota;c__Actinomycetia;o__Nanopelagicales;f__S36-B12;g__Mxb001;s__	GTDBtk v2.3.2_r214	multi-marker approach
SAMN04262565	SPIRE v01 sample. This is a virtual sample, derived from SAMN04262565.	metagenome	SPIRE v01 sample spire_sample_75908.	ERC000011	2025-09-16						EMBL Heidelberg	public				spire_sample_75908					missing: third party data								missing: third party data															spire_sample_75908	metagenome			
SAMN04262566	SPIRE v01 sample. This is a virtual sample, derived from SAMN04262566.	metagenome	SPIRE v01 sample spire_sample_75840.	ERC000011	2025-09-16						EMBL Heidelberg	public				spire_sample_75840					missing: third party data								missing: third party data															spire_sample_75840	metagenome			
SAMN04262567	SPIRE v01 sample. This is a virtual sample, derived from SAMN04262567.	metagenome	SPIRE v01 sample spire_sample_75986.	ERC000011	2025-09-16						EMBL Heidelberg	public				spire_sample_75986					missing: third party data								missing: third party data															spire_sample_75986	metagenome			
SAMN04262568	SPIRE v01 sample. This is a virtual sample, derived from SAMN04262568.	metagenome	SPIRE v01 sample spire_sample_75717.	ERC000011	2025-09-16						EMBL Heidelberg	public				spire_sample_75717					missing: third party data								missing: third party data															spire_sample_75717	metagenome			
SAMN04262569	SPIRE v01 sample. This is a virtual sample, derived from SAMN04262569.	metagenome	SPIRE v01 sample spire_sample_75855.	ERC000011	2025-09-16						EMBL Heidelberg	public				spire_sample_75855					missing: third party data								missing: third party data															spire_sample_75855	metagenome			
SAMN04262570	SPIRE v01 sample. This is a virtual sample, derived from SAMN04262570.	metagenome	SPIRE v01 sample spire_sample_75884.	ERC000011	2025-09-16						EMBL Heidelberg	public				spire_sample_75884					missing: third party data								missing: third party data															spire_sample_75884	metagenome			
SAMN04262572	SPIRE v01 sample. This is a virtual sample, derived from SAMN04262572.	metagenome	SPIRE v01 sample spire_sample_75954.	ERC000011	2025-09-16						EMBL Heidelberg	public				spire_sample_75954					missing: third party data								missing: third party data															spire_sample_75954	metagenome			
SAMN04262573	SPIRE v01 sample. This is a virtual sample, derived from SAMN04262573.	metagenome	SPIRE v01 sample spire_sample_75772.	ERC000011	2025-09-16						EMBL Heidelberg	public				spire_sample_75772					missing: third party data								missing: third party data															spire_sample_75772	metagenome			
SAMN04262574		Bifidobacterium adolescentis	Metagenome-Assembled Genome spire_mag_01090478 in SPIRE v01 classified as Bifidobacterium adolescentis	ERC000047	2025-10-14	0.0	0.0	0.95	GUNC v1.0.6		EMBL Heidelberg	public	bwa mem	https://spire.embl.de/spire/v1/cluster/specI_v4_00075	https://spire.embl.de/spire/v1/genome/spire_mag_01090478	spire_mag_01090478	Many fragments with little to no review of assembly other than reporting of standard assembly statistics	megahit 1.2.9	tetramer and coverage	metaBAT2 v2.12.1	missing: third party data	81.18	CheckM2 v0.1.3	2.97	8509	ERZ27289576	missing: third party data	missing: third party data	missing: third party data	missing: third party data	missing: third party data		missing: third party data		https://spire.embl.de/spire/v1/sample/75918	https://spire.embl.de/spire/v1/study/501	ERP175227	missing: third party data	metagenomes	234	SPIRE v1: a Searchable Planetary-scale mIcrobiome REsource		SAMN04262574	spire_mag_01090478	Bifidobacterium adolescentis	d__Bacteria;p__Actinomycetota;c__Actinomycetia;o__Actinomycetales;f__Bifidobacteriaceae;g__Bifidobacterium;s__Bifidobacterium adolescentis	GTDBtk v2.3.2_r214	multi-marker approach
SAMN04262575		Bifidobacterium adolescentis	Metagenome-Assembled Genome spire_mag_01091896 in SPIRE v01 classified as Bifidobacterium adolescentis	ERC000047	2025-10-13	0.0	0.0	0.94	GUNC v1.0.6		EMBL Heidelberg	public	bwa mem	https://spire.embl.de/spire/v1/cluster/specI_v4_33593	https://spire.embl.de/spire/v1/genome/spire_mag_01091896	spire_mag_01091896	Many fragments with little to no review of assembly other than reporting of standard assembly statistics	megahit 1.2.9	tetramer and coverage	metaBAT2 v2.12.1	missing: third party data	64.11	CheckM2 v0.1.3	1.40	6037	ERZ27289577	missing: third party data	missing: third party data	missing: third party data	missing: third party data	missing: third party data		missing: third party data		https://spire.embl.de/spire/v1/sample/75845	https://spire.embl.de/spire/v1/study/501	ERP175227	missing: third party data	metagenomes	262	SPIRE v1: a Searchable Planetary-scale mIcrobiome REsource		SAMN04262575	spire_mag_01091896	Bifidobacterium adolescentis	d__Bacteria;p__Actinomycetota;c__Actinomycetia;o__Actinomycetales;f__Bifidobacteriaceae;g__Bifidobacterium;s__Bifidobacterium adolescentis	GTDBtk v2.3.2_r214	multi-marker approach
SAMN04262576	SPIRE v01 sample. This is a virtual sample, derived from SAMN04262576.	metagenome	SPIRE v01 sample spire_sample_75989.	ERC000011	2025-09-16						EMBL Heidelberg	public				spire_sample_75989					missing: third party data								missing: third party data															spire_sample_75989	metagenome			
SAMN04262577		Acinetobacter johnsonii	Metagenome-Assembled Genome spire_mag_01092679 in SPIRE v01 classified as Acinetobacter johnsonii	ERC000047	2025-10-13	0.0	0.0	0.93	GUNC v1.0.6		EMBL Heidelberg	public	bwa mem	https://spire.embl.de/spire/v1/cluster/spire_v1_095_000023669	https://spire.embl.de/spire/v1/genome/spire_mag_01092679	spire_mag_01092679	Many fragments with little to no review of assembly other than reporting of standard assembly statistics	megahit 1.2.9	tetramer and coverage	metaBAT2 v2.12.1	missing: third party data	59.88	CheckM2 v0.1.3	2.06	4542	ERZ27289578	missing: third party data	missing: third party data	missing: third party data	missing: third party data	missing: third party data		missing: third party data		https://spire.embl.de/spire/v1/sample/75720	https://spire.embl.de/spire/v1/study/501	ERP175227	missing: third party data	metagenomes	442	SPIRE v1: a Searchable Planetary-scale mIcrobiome REsource		SAMN04262577	spire_mag_01092679	Acinetobacter johnsonii	d__Bacteria;p__Pseudomonadota;c__Gammaproteobacteria;o__Pseudomonadales;f__Moraxellaceae;g__Acinetobacter;s__Acinetobacter johnsonii	GTDBtk v2.3.2_r214	multi-marker approach
SAMN04262578		Acinetobacter sp.	Metagenome-Assembled Genome spire_mag_01090839 in SPIRE v01 classified as Acinetobacter towneri	ERC000047	2025-10-14	0.0	0.0	0.93	GUNC v1.0.6		EMBL Heidelberg	public	bwa mem	https://spire.embl.de/spire/v1/cluster/specI_v4_00392	https://spire.embl.de/spire/v1/genome/spire_mag_01090839	spire_mag_01090839	Many fragments with little to no review of assembly other than reporting of standard assembly statistics	megahit 1.2.9	tetramer and coverage	metaBAT2 v2.12.1	missing: third party data	53.57	CheckM2 v0.1.3	6.43	3801	ERZ27289581	missing: third party data	missing: third party data	missing: third party data	missing: third party data	missing: third party data		missing: third party data		https://spire.embl.de/spire/v1/sample/75856	https://spire.embl.de/spire/v1/study/501	ERP175227	missing: third party data	metagenomes	437	SPIRE v1: a Searchable Planetary-scale mIcrobiome REsource		SAMN04262578	spire_mag_01090839	Acinetobacter sp.	d__Bacteria;p__Pseudomonadota;c__Gammaproteobacteria;o__Pseudomonadales;f__Moraxellaceae;g__Acinetobacter;s__Acinetobacter towneri	GTDBtk v2.3.2_r214	multi-marker approach
SAMN30917063		metagenome	Metagenome or environmental sample from metagenome																		2021-11-29								Italy: Verbania				wastewater	45.9356 N 8.5591 E								I_VB_pre_a						
SAMN30917064		metagenome	Metagenome or environmental sample from metagenome																		2021-11-29								Italy: Verbania				wastewater	45.9356 N 8.5591 E								I_VB_post_a						
SAMN30917065		metagenome	Metagenome or environmental sample from metagenome																		2021-12-06								Italy: Verbania				wastewater	45.9356 N 8.5591 E								I_VB_pre_b						
SAMN30917066		metagenome	Metagenome or environmental sample from metagenome																		2021-12-06								Italy: Verbania				wastewater	45.9356 N 8.5591 E								I_VB_post_b						
SAMN30917067		metagenome	Metagenome or environmental sample from metagenome																		2021-12-14								Italy: Cannobio				wastewater	46.0661 N 8.6920 E								I_CB_pre_c						
SAMN30917068		metagenome	Metagenome or environmental sample from metagenome																		2021-12-14								Italy: Cannobio				wastewater	46.0661 N 8.6920 E								I_CB_post_c						
SAMN30917069		metagenome	Metagenome or environmental sample from metagenome																		2021-12-21								Italy: Cannobio				wastewater	46.0661 N 8.6920 E								I_CB_pre_d						
SAMN30917070		metagenome	Metagenome or environmental sample from metagenome																		2021-12-21								Italy: Cannobio				wastewater	46.0661 N 8.6920 E								I_CB_post_d						
SAMN30917071		metagenome	Metagenome or environmental sample from metagenome																		2021-11-29								Italy: Verbania				wastewater	45.9356 N 8.5591 E								E_VB_pre_a						
SAMN30917072		metagenome	Metagenome or environmental sample from metagenome																		2021-11-29								Italy: Verbania				wastewater	45.9356 N 8.5591 E								E_VB_post_a						
SAMN30917073		metagenome	Metagenome or environmental sample from metagenome																		2021-12-06								Italy: Verbania				wastewater	45.9356 N 8.5591 E								E_VB_pre_b						
SAMN30917074		metagenome	Metagenome or environmental sample from metagenome																		2021-12-06								Italy: Verbania				wastewater	45.9356 N 8.5591 E								E_VB_post_b						
SAMN30917075		metagenome	Metagenome or environmental sample from metagenome																		2021-12-14								Italy: Cannobio				wastewater	46.0661 N 8.6920 E								E_CB_pre_c						
SAMN30917076		metagenome	Metagenome or environmental sample from metagenome																		2021-12-14								Italy: Cannobio				wastewater	46.0661 N 8.6920 E								E_CB_post_c						
SAMN30917077		metagenome	Metagenome or environmental sample from metagenome																		2021-12-21								Italy: Cannobio				wastewater	46.0661 N 8.6920 E								E_CB_pre_d						
SAMN30917078		metagenome	Metagenome or environmental sample from metagenome																		2021-12-21								Italy: Cannobio				wastewater	46.0661 N 8.6920 E								E_CB_post_d						
SAMN39496523		metagenome	Metagenome or environmental sample from metagenome							I_WWVB											2022-05-03								Italy: Verbania (WWTP)				wastewater	45.93612 N 8.55951 E														
SAMN39496524		metagenome	Metagenome or environmental sample from metagenome							I_WWGV											2022-05-03								Italy: Gravellona Toce (WWTP)				wastewater	45.93618 N 8.43244 E														
SAMN39496525		metagenome	Metagenome or environmental sample from metagenome							I_WWCB											2022-05-10								Italy: Cannobio (WWTP)				wastewater	46.07493 N 8.69253 E														
SAMN39496532		metagenome	Metagenome or environmental sample from metagenome							E_WWVB											2022-05-03								Italy: Verbania (WWTP)				wastewater	45.93612 N 8.55951 E														
SAMN39496533		metagenome	Metagenome or environmental sample from metagenome							E_WWGV											2022-05-03								Italy: Gravellona Toce (WWTP)				wastewater	45.93618 N 8.43244 E														
SAMN39496534		metagenome	Metagenome or environmental sample from metagenome							E_WWCB											2022-05-10								Italy: Cannobio (WWTP)				wastewater	46.07493 N 8.69253 E														
SAMN41509952	Sample from wastewater. Extracellular DNA	metagenome	Metagenome or environmental sample from metagenome																		2022-03-25								Mexico:Queretaro			missing	wastewater metagenome	20.7034 N 100.4459 W														
SAMN41509953	Sample from wastewater. Intracellular DNA	metagenome	Metagenome or environmental sample from metagenome																		2022-03-25								Mexico:Queretaro			missing	wastewater metagenome	20.7034 N 100.4459 W														
SAMN48974001		wastewater metagenome	Metagenome or environmental sample from wastewater metagenome																		2023-06								South Korea: Chungcheongnam-do, Geumsan			Environmental sample	Influent wastewater from sewage plant	36.10 N 127.48 E														
SAMN48974007		wastewater metagenome	Metagenome or environmental sample from wastewater metagenome																		2023-06								South Korea: Chungcheongnam-do, Geumsan			Environmental sample	Effluent wastewater from sewage plant	36.10 N 127.54 E														
SAMN52834520		metagenome	Metagenome or environmental sample from metagenome							e_POST-CB											2023-12-13								Italy: Cannobio				wastewater	46.0708 N 8.6930 E														
SAMN52834521		metagenome	Metagenome or environmental sample from metagenome							e_POST-GV											2023-11-29								Italy: Gravellona Toce				wastewater	45.9383 N 8.4326 E														
SAMN52834522		metagenome	Metagenome or environmental sample from metagenome							e_POST-MZ											2024-01-24								Italy: Mergozzo				wastewater	45.9675 N 8.4342 E														
SAMN52834523		metagenome	Metagenome or environmental sample from metagenome							e_POST-NO											2024-01-11								Italy: Novara				wastewater	45.5700 N 8.4604 E														
SAMN52834524		metagenome	Metagenome or environmental sample from metagenome							e_POST-VB											2024-01-17								Italy: Verbania				wastewater	45.9403 N 8.5611 E														
SAMN52834525		metagenome	Metagenome or environmental sample from metagenome							e_PRE-CB											2023-12-13								Italy: Cannobio				wastewater	46.0708 N 8.6930 E														
SAMN52834526		metagenome	Metagenome or environmental sample from metagenome							e_PRE-GV											2023-11-29								Italy: Gravellona Toce				wastewater	45.9383 N 8.4326 E														
SAMN52834527		metagenome	Metagenome or environmental sample from metagenome							e_PRE-MZ											2024-01-24								Italy: Mergozzo				wastewater	45.9675 N 8.4342 E														
SAMN52834528		metagenome	Metagenome or environmental sample from metagenome							e_PRE-NO											2024-01-11								Italy: Novara				wastewater	45.5700 N 8.4604 E														
SAMN52834529		metagenome	Metagenome or environmental sample from metagenome							e_PRE-VB											2024-01-17								Italy: Verbania				wastewater	45.9403 N 8.5611 E														
SAMN52834530		metagenome	Metagenome or environmental sample from metagenome							i_POST-CB											2023-12-13								Italy: Cannobio				wastewater	46.0708 N 8.6930 E														
SAMN52834531		metagenome	Metagenome or environmental sample from metagenome							i_POST-GV											2023-11-29								Italy: Gravellona Toce				wastewater	45.9383 N 8.4326 E														
SAMN52834532		metagenome	Metagenome or environmental sample from metagenome							i_POST-MZ											2024-01-24								Italy: Mergozzo				wastewater	45.9675 N 8.4342 E														
SAMN52834533		metagenome	Metagenome or environmental sample from metagenome							i_POST-NO											2024-01-11								Italy: Novara				wastewater	45.5700 N 8.4604 E														
SAMN52834534		metagenome	Metagenome or environmental sample from metagenome							i_POST-VB											2024-01-17								Italy: Verbania				wastewater	45.9403 N 8.5611 E														
SAMN52834535		metagenome	Metagenome or environmental sample from metagenome							i_PRE-CB											2023-12-13								Italy: Cannobio				wastewater	46.0708 N 8.6930 E														
SAMN52834536		metagenome	Metagenome or environmental sample from metagenome							i_PRE-GV											2023-11-29								Italy: Gravellona Toce				wastewater	45.9383 N 8.4326 E														
SAMN52834537		metagenome	Metagenome or environmental sample from metagenome							i_PRE-MZ											2024-01-24								Italy: Mergozzo				wastewater	45.9675 N 8.4342 E														
SAMN52834538		metagenome	Metagenome or environmental sample from metagenome							i_PRE-NO											2024-01-11								Italy: Novara				wastewater	45.5700 N 8.4604 E														
SAMN52834539		metagenome	Metagenome or environmental sample from metagenome							i_PRE-VB											2024-01-17								Italy: Verbania				wastewater	45.9403 N 8.5611 E														
