Run	ReleaseDate	LoadDate	spots	bases	spots_with_mates	avgLength	size_MB	AssemblyName	download_path	Experiment	LibraryName	LibraryStrategy	LibrarySelection	LibrarySource	LibraryLayout	InsertSize	InsertDev	Platform	Model	SRAStudy	BioProject	Study_Pubmed_id	ProjectID	Sample	BioSample	SampleType	TaxID	ScientificName	SampleName	g1k_pop_code	source	g1k_analysis_group	Subject_ID	Sex	Disease	Tumor	Affection_Status	Analyte_Type	Histological_Type	Body_Site	CenterName	Submission	dbgap_study_accession	Consent	RunHash	ReadHash	BS_BIOSAMPLE_TITLE	BS_BIOSAMPLE_ORGANISM	BS_isolation_source	BS_collection_date	BS_geo_loc_name	BS_lat_lon	BS_sample_ID	ARG_TOTAL_HITS	ARG_UNIQUE_NORMALIZED_LABELS	ARG_STATUS	BS_ID	BS_BIOSAMPLE_COMMENT	BS_host	BS_ENA_first_public	BS_ENA-CHECKLIST	BS_INSDC_center_name	BS_INSDC_status	BS_Submitter_Id	BS_sample_name	BS_scientific_name	BS_GUNC_clade_separation_score	BS_GUNC_contamination_score	BS_GUNC_reference_representation_score	BS_GUNC_version	BS_MAG_coverage_software	BS_SPIRE_genome_cluster	BS_SPIRE_genome_id	BS_assembly_quality	BS_assembly_software	BS_binning_parameters	BS_binning_software	BS_env_broad_scale	BS_completeness_score	BS_completeness_software	BS_contamination_score	BS_contig_N50	BS_derived_from_assembly	BS_env_medium	BS_geographic_location_(latitude)	BS_geographic_location_(longitude)	BS_linked_to_SPIRE_sample	BS_linked_to_SPIRE_study	BS_linked_to_analysis_project	BS_local_environmental_context	BS_metagenomic_source	BS_number_of_contigs	BS_project_name	BS_sample_derived_from	BS_taxonomic_classification	BS_taxonomic_classification_software	BS_taxonomic_identity_marker
SRR21621033	2023-02-23 03:54:48	2022-09-19 06:50:07	60505963	18151788900	60505963	300	5876		https://sra-downloadb.be-md.ncbi.nlm.nih.gov/sos1/sra-pub-zq-38/SRR021/21621/SRR21621033/SRR21621033.lite.1	SRX17621920	E_VB_post_a	WGS	RANDOM PCR	METAGENOMIC	PAIRED	0	0	ILLUMINA	Illumina NovaSeq 6000	SRP397973	PRJNA881852		881852	SRS15157449	SAMN30917072	simple	256318	metagenome	10_EVB							no					CNR	SRA1500350		public	552A31EC8618529BEB19E21A25388F37	878A96DEB5C6E3F6CC0CB2A75C14D41B	Metagenome or environmental sample from metagenome	metagenome	wastewater	2021-11-29	Italy: Verbania	45.9356 N 8.5591 E	E_VB_post_a	13	13	Detected																																									
SRR21621034	2023-02-23 03:54:48	2022-09-19 06:52:57	47431509	14229452700	47431509	300	4621		https://sra-downloadb.be-md.ncbi.nlm.nih.gov/sos1/sra-pub-zq-38/SRR021/21621/SRR21621034/SRR21621034.lite.1	SRX17621919	E_VB_pre_a	WGS	RANDOM PCR	METAGENOMIC	PAIRED	0	0	ILLUMINA	Illumina NovaSeq 6000	SRP397973	PRJNA881852		881852	SRS15157448	SAMN30917071	simple	256318	metagenome	9_EVB							no					CNR	SRA1500350		public	27F771C0DEDC9600B7F671EB916DCBDB	7EC2FF50A4385E90F98E11B6FC4247EE	Metagenome or environmental sample from metagenome	metagenome	wastewater	2021-11-29	Italy: Verbania	45.9356 N 8.5591 E	E_VB_pre_a	5	5	Detected																																									
SRR21621035	2023-02-23 03:54:49	2022-09-19 06:56:38	46349829	13904948700	46349829	300	4566		https://sra-downloadb.be-md.ncbi.nlm.nih.gov/sos8/sra-pub-zq-820/SRR021/21621/SRR21621035/SRR21621035.lite.1	SRX17621918	I_CB_post_d	WGS	RANDOM PCR	METAGENOMIC	PAIRED	0	0	ILLUMINA	Illumina NovaSeq 6000	SRP397973	PRJNA881852		881852	SRS15157447	SAMN30917070	simple	256318	metagenome	8_ICB							no					CNR	SRA1500350		public	E0E94E5A7019206C4C35CE0159DA2692	B4B9E68BC8A6E016F8329DBBD53CD251	Metagenome or environmental sample from metagenome	metagenome	wastewater	2021-12-21	Italy: Cannobio	46.0661 N 8.6920 E	I_CB_post_d	19	19	Detected																																									
SRR21621036	2023-02-23 03:54:49	2022-09-19 06:56:51	48957609	14687282700	48957609	300	4797		https://sra-downloadb.be-md.ncbi.nlm.nih.gov/sos1/sra-pub-zq-38/SRR021/21621/SRR21621036/SRR21621036.lite.1	SRX17621917	I_CB_pre_d	WGS	RANDOM PCR	METAGENOMIC	PAIRED	0	0	ILLUMINA	Illumina NovaSeq 6000	SRP397973	PRJNA881852		881852	SRS15157446	SAMN30917069	simple	256318	metagenome	7_ICB							no					CNR	SRA1500350		public	3E1081E701BD72B96512D0A8A9A155D9	EA58F427C12B2EC00855EAC98DD4F99C	Metagenome or environmental sample from metagenome	metagenome	wastewater	2021-12-21	Italy: Cannobio	46.0661 N 8.6920 E	I_CB_pre_d	25	25	Detected																																									
SRR21621037	2023-02-23 03:54:49	2022-09-19 06:52:26	50092846	15027853800	50092846	300	4912		https://sra-downloadb.be-md.ncbi.nlm.nih.gov/sos1/sra-pub-zq-38/SRR021/21621/SRR21621037/SRR21621037.lite.1	SRX17621916	I_CB_post_c	WGS	RANDOM PCR	METAGENOMIC	PAIRED	0	0	ILLUMINA	Illumina NovaSeq 6000	SRP397973	PRJNA881852		881852	SRS15157445	SAMN30917068	simple	256318	metagenome	6_ICB							no					CNR	SRA1500350		public	97D973967345EF12B6714ECD9AF7A0B2	4B0865542860D189EB4C61E44AE42A65	Metagenome or environmental sample from metagenome	metagenome	wastewater	2021-12-14	Italy: Cannobio	46.0661 N 8.6920 E	I_CB_post_c	18	18	Detected																																									
SRR21621038	2023-02-23 03:54:49	2022-09-19 06:52:30	51128606	15338581800	51128606	300	5006		https://sra-downloadb.be-md.ncbi.nlm.nih.gov/sos1/sra-pub-zq-38/SRR021/21621/SRR21621038/SRR21621038.lite.1	SRX17621915	I_CB_pre_c	WGS	RANDOM PCR	METAGENOMIC	PAIRED	0	0	ILLUMINA	Illumina NovaSeq 6000	SRP397973	PRJNA881852		881852	SRS15157444	SAMN30917067	simple	256318	metagenome	5_ICB							no					CNR	SRA1500350		public	D60A810CEC82A491C8158671AC2D8F9F	909A84F134C3E38B18BD683B0B5BE1CF	Metagenome or environmental sample from metagenome	metagenome	wastewater	2021-12-14	Italy: Cannobio	46.0661 N 8.6920 E	I_CB_pre_c	20	20	Detected																																									
SRR21621039	2023-02-23 03:54:49	2022-09-19 06:58:40	56665846	16999753800	0	300	5500		https://sra-downloadb.be-md.ncbi.nlm.nih.gov/sos1/sra-pub-zq-38/SRR021/21621/SRR21621039/SRR21621039.lite.1	SRX17621914	I_VB_post_b	WGS	RANDOM PCR	METAGENOMIC	PAIRED	0	0	ILLUMINA	Illumina NovaSeq 6000	SRP397973	PRJNA881852		881852	SRS15157443	SAMN30917066	simple	256318	metagenome	4_IVB							no					CNR	SRA1500350		public	C280F66CCE72E421D93A745D9AA8D048	B56801014B69621D63E0089313D8ABA6	Metagenome or environmental sample from metagenome	metagenome	wastewater	2021-12-06	Italy: Verbania	45.9356 N 8.5591 E	I_VB_post_b	15	15	Detected																																									
SRR21621040	2023-02-23 03:54:49	2022-09-19 06:59:26	57645743	17293722900	57645743	300	5609		https://sra-downloadb.be-md.ncbi.nlm.nih.gov/sos1/sra-pub-zq-38/SRR021/21621/SRR21621040/SRR21621040.lite.1	SRX17621913	I_VB_pre_b	WGS	RANDOM PCR	METAGENOMIC	PAIRED	0	0	ILLUMINA	Illumina NovaSeq 6000	SRP397973	PRJNA881852		881852	SRS15157442	SAMN30917065	simple	256318	metagenome	3_IVB							no					CNR	SRA1500350		public	C478A353CF35B7E33C16F70B2EEA9847	C7A199E235D0FAF0FBED47F9C5F5BD2D	Metagenome or environmental sample from metagenome	metagenome	wastewater	2021-12-06	Italy: Verbania	45.9356 N 8.5591 E	I_VB_pre_b	16	16	Detected																																									
SRR21621041	2023-02-23 03:54:49	2022-09-19 06:53:23	46600557	13980167100	46600557	300	4581		https://sra-downloadb.be-md.ncbi.nlm.nih.gov/sos1/sra-pub-zq-38/SRR021/21621/SRR21621041/SRR21621041.lite.1	SRX17621912	E_CB_post_d	WGS	RANDOM PCR	METAGENOMIC	PAIRED	0	0	ILLUMINA	Illumina NovaSeq 6000	SRP397973	PRJNA881852		881852	SRS15157441	SAMN30917078	simple	256318	metagenome	16_ECB							no					CNR	SRA1500350		public	552591AD84667E0BEC219BBC9390D611	20C2526092E45718F3F0174A60B30A2B	Metagenome or environmental sample from metagenome	metagenome	wastewater	2021-12-21	Italy: Cannobio	46.0661 N 8.6920 E	E_CB_post_d	1	1	Detected																																									
SRR21621042	2023-02-23 03:54:49	2022-09-19 07:02:32	49180197	14754059100	49180197	300	4809		https://sra-downloadb.be-md.ncbi.nlm.nih.gov/sos1/sra-pub-zq-38/SRR021/21621/SRR21621042/SRR21621042.lite.1	SRX17621911	E_CB_pre_d	WGS	RANDOM PCR	METAGENOMIC	PAIRED	0	0	ILLUMINA	Illumina NovaSeq 6000	SRP397973	PRJNA881852		881852	SRS15157440	SAMN30917077	simple	256318	metagenome	15_ECB							no					CNR	SRA1500350		public	8E8FB6E6BEB822509AAAADE41655C89C	10237E4D6C3EBFC4848BB3112B312585	Metagenome or environmental sample from metagenome	metagenome	wastewater	2021-12-21	Italy: Cannobio	46.0661 N 8.6920 E	E_CB_pre_d	0	0	No hit at threshold																																									
SRR21621043	2023-02-23 03:54:49	2022-09-19 06:52:16	49272901	14781870300	49272901	300	4829		https://sra-downloadb.be-md.ncbi.nlm.nih.gov/sos1/sra-pub-zq-38/SRR021/21621/SRR21621043/SRR21621043.lite.1	SRX17621910	E_CB_post_c	WGS	RANDOM PCR	METAGENOMIC	PAIRED	0	0	ILLUMINA	Illumina NovaSeq 6000	SRP397973	PRJNA881852		881852	SRS15157439	SAMN30917076	simple	256318	metagenome	14_ECB							no					CNR	SRA1500350		public	C07DE626EB4904F9997379BBF9A0B5BF	62BCEE58B731D278DD0F6FD2A1C8C163	Metagenome or environmental sample from metagenome	metagenome	wastewater	2021-12-14	Italy: Cannobio	46.0661 N 8.6920 E	E_CB_post_c	4	4	Detected																																									
SRR21621044	2023-02-23 03:54:49	2022-09-19 06:55:59	48449673	14534901900	48449673	300	4746		https://sra-downloadb.be-md.ncbi.nlm.nih.gov/sos1/sra-pub-zq-38/SRR021/21621/SRR21621044/SRR21621044.lite.1	SRX17621909	E_CB_pre_c	WGS	RANDOM PCR	METAGENOMIC	PAIRED	0	0	ILLUMINA	Illumina NovaSeq 6000	SRP397973	PRJNA881852		881852	SRS15157438	SAMN30917075	simple	256318	metagenome	13_ECB							no					CNR	SRA1500350		public	4809915197DFA7FDD01B5DE6BA1992AD	1EF6D63B46D635A2866C3CE34362B472	Metagenome or environmental sample from metagenome	metagenome	wastewater	2021-12-14	Italy: Cannobio	46.0661 N 8.6920 E	E_CB_pre_c	0	0	No hit at threshold																																									
SRR21621045	2023-02-23 03:54:49	2022-09-19 07:01:16	54459191	16337757300	54459191	300	5279		https://sra-downloadb.be-md.ncbi.nlm.nih.gov/sos1/sra-pub-zq-38/SRR021/21621/SRR21621045/SRR21621045.lite.1	SRX17621908	E_VB_post_b	WGS	RANDOM PCR	METAGENOMIC	PAIRED	0	0	ILLUMINA	Illumina NovaSeq 6000	SRP397973	PRJNA881852		881852	SRS15157437	SAMN30917074	simple	256318	metagenome	12_EVB							no					CNR	SRA1500350		public	6DAD1991A1FDF0CF44BBE797B49C2D13	8A47469DB4571F1D74D9258D4EF8D348	Metagenome or environmental sample from metagenome	metagenome	wastewater	2021-12-06	Italy: Verbania	45.9356 N 8.5591 E	E_VB_post_b	2	2	Detected																																									
SRR21621046	2023-02-23 03:54:49	2022-09-19 06:54:26	40075212	12022563600	40075212	300	3898		https://sra-downloadb.be-md.ncbi.nlm.nih.gov/sos1/sra-pub-zq-38/SRR021/21621/SRR21621046/SRR21621046.lite.1	SRX17621907	E_VB_pre_b	WGS	RANDOM PCR	METAGENOMIC	PAIRED	0	0	ILLUMINA	Illumina NovaSeq 6000	SRP397973	PRJNA881852		881852	SRS15157436	SAMN30917073	simple	256318	metagenome	11_EVB							no					CNR	SRA1500350		public	D720A15A7412E15A126AA3122B3EC96D	57F9CBAA0511246342C09CD8AC267AC1	Metagenome or environmental sample from metagenome	metagenome	wastewater	2021-12-06	Italy: Verbania	45.9356 N 8.5591 E	E_VB_pre_b	0	0	No hit at threshold																																									
SRR21621047	2023-02-23 03:54:49	2022-09-19 06:59:08	46053494	13816048200	0	300	4486		https://sra-downloadb.be-md.ncbi.nlm.nih.gov/sos1/sra-pub-zq-38/SRR021/21621/SRR21621047/SRR21621047.lite.1	SRX17621906	I_VB_post_a	WGS	RANDOM PCR	METAGENOMIC	PAIRED	0	0	ILLUMINA	Illumina NovaSeq 6000	SRP397973	PRJNA881852		881852	SRS15157435	SAMN30917064	simple	256318	metagenome	2_IVB							no					CNR	SRA1500350		public	A9BAC19B0461AD2D258DB63EA2AC69F2	498BD4C62F03C30861CFC45EAD459BA9	Metagenome or environmental sample from metagenome	metagenome	wastewater	2021-11-29	Italy: Verbania	45.9356 N 8.5591 E	I_VB_post_a	21	20	Detected																																									
SRR21621048	2023-02-23 03:54:49	2022-09-19 06:54:19	39397436	11819230800	39397436	300	3830		https://sra-downloadb.be-md.ncbi.nlm.nih.gov/sos1/sra-pub-zq-38/SRR021/21621/SRR21621048/SRR21621048.lite.1	SRX17621905	I_VB_pre_a	WGS	RANDOM PCR	METAGENOMIC	PAIRED	0	0	ILLUMINA	Illumina NovaSeq 6000	SRP397973	PRJNA881852		881852	SRS15157434	SAMN30917063	simple	256318	metagenome	1_IVB							no					CNR	SRA1500350		public	6136B9D5F0561D37C5141BBD7C4C339E	D8D5B54E795FB0B69203ADF31B3A0553	Metagenome or environmental sample from metagenome	metagenome	wastewater	2021-11-29	Italy: Verbania	45.9356 N 8.5591 E	I_VB_pre_a	19	19	Detected																																									
SRR27639468	2024-06-12 06:42:33	2024-01-19 04:53:44	24883393	7465017900	24883393	300	2508		https://sra-downloadb.be-md.ncbi.nlm.nih.gov/sos11/sra-pub-zq-1140/SRR027/27639/SRR27639468/SRR27639468.lite.1	SRX23307606	I_WWCB	WGS	RANDOM PCR	METAGENOMIC	PAIRED	0	0	ILLUMINA	Illumina NovaSeq 6000	SRP484662	PRJNA1066593		1066593	SRS20184083	SAMN39496525	simple	256318	metagenome	I_WWCB							no					CNR	SRA1788149		public	8840E32BA78CD2154966A663C64CC0B3	C5AF0E008BF5176A4E4973F1256159A3	Metagenome or environmental sample from metagenome	metagenome	wastewater	2022-05-10	Italy: Cannobio (WWTP)	46.07493 N 8.69253 E		3	3	Detected	I_WWCB																																								
SRR27639469	2024-06-12 06:42:33	2024-01-19 04:54:47	28436236	8530870800	28436236	300	2784		https://sra-downloadb.be-md.ncbi.nlm.nih.gov/sos11/sra-pub-zq-1140/SRR027/27639/SRR27639469/SRR27639469.lite.1	SRX23307605	I_WWGV	WGS	RANDOM PCR	METAGENOMIC	PAIRED	0	0	ILLUMINA	Illumina NovaSeq 6000	SRP484662	PRJNA1066593		1066593	SRS20184081	SAMN39496524	simple	256318	metagenome	I_WWGV							no					CNR	SRA1788149		public	565589E6F7CD5633E74828480271F731	0D348976C7198CF2328BDCDBA941BB6A	Metagenome or environmental sample from metagenome	metagenome	wastewater	2022-05-03	Italy: Gravellona Toce (WWTP)	45.93618 N 8.43244 E		8	8	Detected	I_WWGV																																								
SRR27639470	2024-06-12 06:42:33	2024-01-19 04:55:56	31017230	9305169000	31017230	300	3130		https://sra-downloadb.be-md.ncbi.nlm.nih.gov/sos11/sra-pub-zq-1140/SRR027/27639/SRR27639470/SRR27639470.lite.1	SRX23307604	I_WWVB	WGS	RANDOM PCR	METAGENOMIC	PAIRED	0	0	ILLUMINA	Illumina NovaSeq 6000	SRP484662	PRJNA1066593		1066593	SRS20184074	SAMN39496523	simple	256318	metagenome	I_WWVB							no					CNR	SRA1788149		public	F8737A672BFCD2E5103CD12DF45776C9	600C073CBE4A5B2697B2383C942A05BC	Metagenome or environmental sample from metagenome	metagenome	wastewater	2022-05-03	Italy: Verbania (WWTP)	45.93612 N 8.55951 E		11	11	Detected	I_WWVB																																								
SRR27639475	2024-06-12 06:42:33	2024-01-19 04:58:14	24086464	7225939200	24086464	300	2433		https://sra-downloadb.be-md.ncbi.nlm.nih.gov/sos11/sra-pub-zq-1140/SRR027/27639/SRR27639475/SRR27639475.lite.1	SRX23307599	E_WWCB	WGS	RANDOM PCR	METAGENOMIC	PAIRED	0	0	ILLUMINA	Illumina NovaSeq 6000	SRP484662	PRJNA1066593		1066593	SRS20184075	SAMN39496534	simple	256318	metagenome	E_WWCB							no					CNR	SRA1788149		public	8BA93BC60D7C25F749C895BE266B88ED	8008D4876B491840D7C0ECC837983B4C	Metagenome or environmental sample from metagenome	metagenome	wastewater	2022-05-10	Italy: Cannobio (WWTP)	46.07493 N 8.69253 E		1	1	Detected	E_WWCB																																								
SRR27639476	2024-06-12 06:42:33	2024-01-19 05:01:49	46015835	13804750500	46015835	300	4611		https://sra-downloadb.be-md.ncbi.nlm.nih.gov/sos11/sra-pub-zq-1140/SRR027/27639/SRR27639476/SRR27639476.lite.1	SRX23307598	E_WWGV	WGS	RANDOM PCR	METAGENOMIC	PAIRED	0	0	ILLUMINA	Illumina NovaSeq 6000	SRP484662	PRJNA1066593		1066593	SRS20184077	SAMN39496533	simple	256318	metagenome	E_WWGV							no					CNR	SRA1788149		public	E3406DB045AEB81FB2FC421B58E8C156	90C2311D604DC1C8F60BE0DF6F2889DC	Metagenome or environmental sample from metagenome	metagenome	wastewater	2022-05-03	Italy: Gravellona Toce (WWTP)	45.93618 N 8.43244 E		2	2	Detected	E_WWGV																																								
SRR27639477	2024-06-12 06:42:33	2024-01-19 04:57:58	33792814	10137844200	33792814	300	3360		https://sra-downloadb.be-md.ncbi.nlm.nih.gov/sos11/sra-pub-zq-1140/SRR027/27639/SRR27639477/SRR27639477.lite.1	SRX23307597	E_WWVB	WGS	RANDOM PCR	METAGENOMIC	PAIRED	0	0	ILLUMINA	Illumina NovaSeq 6000	SRP484662	PRJNA1066593		1066593	SRS20184079	SAMN39496532	simple	256318	metagenome	E_WWVB							no					CNR	SRA1788149		public	09BFDF60C44E286CADA4D00193E9118B	7324413870E6E9E8E3E3463F6CC9037A	Metagenome or environmental sample from metagenome	metagenome	wastewater	2022-05-03	Italy: Verbania (WWTP)	45.93612 N 8.55951 E		1	1	Detected	E_WWVB																																								
SRR29142450	2024-05-23 11:18:39	2024-05-23 11:15:10	10378110	3045466564	10378110	293	1022		https://sra-downloadb.be-md.ncbi.nlm.nih.gov/sos11/sra-pub-zq-1140/SRR029/29142/SRR29142450/SRR29142450.lite.1	SRX24664010	JOOS_17	WGS	RANDOM	METAGENOMIC	PAIRED	0	0	ILLUMINA	Illumina NovaSeq 6000	SRP509418	PRJNA1115109		1115109	SRS21399307	SAMN41509953	simple	256318	metagenome	WW-Intracellular							no					INSTITUTO DE INGENIERIA, UNIVERSIDAD NACIONAL AUTONOMA DE MEXICO	SRA1875624		public	4662387D2F6B4C83673911416F2B4C23	ED10274AE673E1E0AB2EB91A964E4DD7	Metagenome or environmental sample from metagenome	metagenome	wastewater metagenome	2022-03-25	Mexico:Queretaro	20.7034 N 100.4459 W		74	71	Detected		Sample from wastewater. Intracellular DNA	missing																																						
SRR29142451	2024-05-23 11:18:39	2024-05-23 11:15:22	12077566	3529769541	12077566	292	1207		https://sra-downloadb.be-md.ncbi.nlm.nih.gov/sos11/sra-pub-zq-1140/SRR029/29142/SRR29142451/SRR29142451.lite.1	SRX24664009	JOOS_16	WGS	RANDOM	METAGENOMIC	PAIRED	0	0	ILLUMINA	Illumina NovaSeq 6000	SRP509418	PRJNA1115109		1115109	SRS21399306	SAMN41509952	simple	256318	metagenome	WW-Extracellular							no					INSTITUTO DE INGENIERIA, UNIVERSIDAD NACIONAL AUTONOMA DE MEXICO	SRA1875624		public	CAC4727FD61F20A0F9C24481D58A4450	E7DF0196DEC2C55DABDCBA778C6CCF96	Metagenome or environmental sample from metagenome	metagenome	wastewater metagenome	2022-03-25	Mexico:Queretaro	20.7034 N 100.4459 W		55	52	Detected		Sample from wastewater. Extracellular DNA	missing																																						
SRR2938125	2016-03-11 16:31:32	2015-12-13 11:20:56	651704	90675497	0	139	48		https://sra-downloadb.be-md.ncbi.nlm.nih.gov/sos5/sra-pub-zq-11/SRR002/938/SRR2938125/SRR2938125.sralite.1	SRX1440791	WGS_paired_SW001	WGS	RANDOM	METAGENOMIC	PAIRED	0	0	ILLUMINA	Illumina HiSeq 2500	SRP066479	PRJNA300541	2	300541	SRS1170838	SAMN04262565	simple	527639	wastewater metagenome	SW001							no					WASHINGTON UNIVERSITY IN ST. LOUIS	SRA312534		public	C8DD0F79F411B4ADC62B8175063C7EC1	CEA2520A4647F2B46C4833496318C175	SPIRE v01 sample spire_sample_75908.	metagenome		missing: third party data	missing: third party data			1	1	Detected		SPIRE v01 sample. This is a virtual sample, derived from SAMN04262565.		2025-09-16	ERC000011	EMBL Heidelberg	public	spire_sample_75908	spire_sample_75908	metagenome																															
SRR2938126	2016-03-11 16:31:32	2015-12-13 11:20:55	644292	89527402	0	138	47		https://sra-downloadb.be-md.ncbi.nlm.nih.gov/sos5/sra-pub-zq-11/SRR002/938/SRR2938126/SRR2938126.sralite.1	SRX1440792	WGS_paired_SW003	WGS	RANDOM	METAGENOMIC	PAIRED	0	0	ILLUMINA	Illumina HiSeq 2500	SRP066479	PRJNA300541	2	300541	SRS1170837	SAMN04262566	simple	527639	wastewater metagenome	SW003							no					WASHINGTON UNIVERSITY IN ST. LOUIS	SRA312534		public	A3DA190FDA40FCE6AF2D328E1C75189E	4484F662ED07EB41D5144E559D7252C5	SPIRE v01 sample spire_sample_75840.	metagenome		missing: third party data	missing: third party data			1	1	Detected		SPIRE v01 sample. This is a virtual sample, derived from SAMN04262566.		2025-09-16	ERC000011	EMBL Heidelberg	public	spire_sample_75840	spire_sample_75840	metagenome																															
SRR2938127	2016-03-11 16:31:32	2015-12-13 11:23:01	4744887	656516551	0	138	352		https://sra-downloadb.be-md.ncbi.nlm.nih.gov/sos5/sra-pub-zq-11/SRR002/938/SRR2938127/SRR2938127.sralite.1	SRX1440793	WGS_paired_SW004	WGS	RANDOM	METAGENOMIC	PAIRED	0	0	ILLUMINA	Illumina HiSeq 2500	SRP066479	PRJNA300541	2	300541	SRS1170836	SAMN04262552	simple	527639	wastewater metagenome	SW004							no					WASHINGTON UNIVERSITY IN ST. LOUIS	SRA312534		public	5904D5054FEBF89A906011BA21BE7B99	214251F46D73974172C46E42BC228C50	Metagenome-Assembled Genome spire_mag_01090734 in SPIRE v01 classified as Methylocystis	Methylocystis sp.	missing: third party data	missing: third party data	missing: third party data			6	6	Detected				2025-10-14	ERC000047	EMBL Heidelberg	public	spire_mag_01090734	spire_mag_01090734	Methylocystis sp.	0.06	0.03	0.61	GUNC v1.0.6	bwa mem	https://spire.embl.de/spire/v1/cluster/spire_v1_095_000377796	https://spire.embl.de/spire/v1/genome/spire_mag_01090734	Many fragments with little to no review of assembly other than reporting of standard assembly statistics	megahit 1.2.9	tetramer and coverage	metaBAT2 v2.12.1	missing: third party data	85.09	CheckM2 v0.1.3	1.31	8619	ERZ27289557	missing: third party data	missing: third party data	missing: third party data	https://spire.embl.de/spire/v1/sample/75877	https://spire.embl.de/spire/v1/study/501	ERP175227	missing: third party data	metagenomes	302	SPIRE v1: a Searchable Planetary-scale mIcrobiome REsource	SAMN04262552	d__Bacteria;p__Pseudomonadota;c__Alphaproteobacteria;o__Rhizobiales;f__Beijerinckiaceae;g__Methylocystis;s__	GTDBtk v2.3.2_r214	multi-marker approach
SRR2938128	2016-03-11 16:31:32	2015-12-13 11:31:05	5031708	698581308	0	138	362		https://sra-downloadb.be-md.ncbi.nlm.nih.gov/sos5/sra-pub-zq-11/SRR002/938/SRR2938128/SRR2938128.sralite.1	SRX1440794	WGS_paired_SW013	WGS	RANDOM	METAGENOMIC	PAIRED	0	0	ILLUMINA	Illumina HiSeq 2500	SRP066479	PRJNA300541	2	300541	SRS1170835	SAMN04262553	simple	527639	wastewater metagenome	SW013							no					WASHINGTON UNIVERSITY IN ST. LOUIS	SRA312534		public	AC0FFBD6FBEF16D78E6C9467AD7A45A3	A47F303FC312D05CA67522CEC42BBE8F	Metagenome-Assembled Genome spire_mag_01092143 in SPIRE v01 classified as Fluviibacter	Rhodocyclaceae bacterium	missing: third party data	missing: third party data	missing: third party data			2	2	Detected				2025-10-13	ERC000047	EMBL Heidelberg	public	spire_mag_01092143	spire_mag_01092143	Rhodocyclaceae bacterium	0.15	0.51	0.56	GUNC v1.0.6	bwa mem	https://spire.embl.de/spire/v1/cluster/spire_v1_095_000573198	https://spire.embl.de/spire/v1/genome/spire_mag_01092143	Many fragments with little to no review of assembly other than reporting of standard assembly statistics	megahit 1.2.9	tetramer and coverage	metaBAT2 v2.12.1	missing: third party data	74.82	CheckM2 v0.1.3	4.49	7601	ERZ27289559	missing: third party data	missing: third party data	missing: third party data	https://spire.embl.de/spire/v1/sample/75802	https://spire.embl.de/spire/v1/study/501	ERP175227	missing: third party data	metagenomes	251	SPIRE v1: a Searchable Planetary-scale mIcrobiome REsource	SAMN04262553	d__Bacteria;p__Pseudomonadota;c__Gammaproteobacteria;o__Burkholderiales;f__Rhodocyclaceae;g__Fluviibacter;s__	GTDBtk v2.3.2_r214	multi-marker approach
SRR2938129	2016-03-11 16:31:32	2015-12-13 11:29:38	9803828	1365564336	0	139	718		https://sra-downloadb.be-md.ncbi.nlm.nih.gov/sos5/sra-pub-zq-11/SRR002/938/SRR2938129/SRR2938129.sralite.1	SRX1440795	WGS_paired_SW014	WGS	RANDOM	METAGENOMIC	PAIRED	0	0	ILLUMINA	Illumina HiSeq 2500	SRP066479	PRJNA300541	2	300541	SRS1170833	SAMN04262568	simple	527639	wastewater metagenome	SW014							no					WASHINGTON UNIVERSITY IN ST. LOUIS	SRA312534		public	6092604311BFE31C0E65CB5B29C75FF1	6CF69D9E0B36688BF2F21AA9551C2527	SPIRE v01 sample spire_sample_75717.	metagenome		missing: third party data	missing: third party data			40	40	Detected		SPIRE v01 sample. This is a virtual sample, derived from SAMN04262568.		2025-09-16	ERC000011	EMBL Heidelberg	public	spire_sample_75717	spire_sample_75717	metagenome																															
SRR2938130	2016-03-11 16:31:32	2015-12-13 12:30:51	6309979	879096905	0	139	453		https://sra-downloadb.be-md.ncbi.nlm.nih.gov/sos5/sra-pub-zq-11/SRR002/938/SRR2938130/SRR2938130.sralite.1	SRX1440796	WGS_paired_SW166	WGS	RANDOM	METAGENOMIC	PAIRED	0	0	ILLUMINA	Illumina HiSeq 2500	SRP066479	PRJNA300541	2	300541	SRS1170834	SAMN04262573	simple	527639	wastewater metagenome	SW166							no					WASHINGTON UNIVERSITY IN ST. LOUIS	SRA312534		public	F87119978924CE817FC2C8DEC7C3F5A4	350685D8CC5C55DD5F357EE5142AF2BE	SPIRE v01 sample spire_sample_75772.	metagenome		missing: third party data	missing: third party data			29	29	Detected		SPIRE v01 sample. This is a virtual sample, derived from SAMN04262573.		2025-09-16	ERC000011	EMBL Heidelberg	public	spire_sample_75772	spire_sample_75772	metagenome																															
SRR2938131	2016-03-11 16:31:32	2015-12-13 12:30:55	11254902	1560641609	0	138	835		https://sra-downloadb.be-md.ncbi.nlm.nih.gov/sos5/sra-pub-zq-11/SRR002/938/SRR2938131/SRR2938131.sralite.1	SRX1440797	WGS_paired_SW167	WGS	RANDOM	METAGENOMIC	PAIRED	0	0	ILLUMINA	Illumina HiSeq 2500	SRP066479	PRJNA300541	2	300541	SRS1170832	SAMN04262559	simple	527639	wastewater metagenome	SW167							no					WASHINGTON UNIVERSITY IN ST. LOUIS	SRA312534		public	7A551C3182E39B5E7392D9C234F5B088	0086EEF94D10956052B3559CB2D5C2BF	Metagenome-Assembled Genome spire_mag_01092667 in SPIRE v01 classified as M0108 sp009928645	Gammaproteobacteria bacterium	missing: third party data	missing: third party data	missing: third party data			9	9	Detected				2025-10-13	ERC000047	EMBL Heidelberg	public	spire_mag_01092667	spire_mag_01092667	Gammaproteobacteria bacterium	0.28	0.17	0.59	GUNC v1.0.6	bwa mem	https://spire.embl.de/spire/v1/cluster/specI_v4_30374	https://spire.embl.de/spire/v1/genome/spire_mag_01092667	Many fragments with little to no review of assembly other than reporting of standard assembly statistics	megahit 1.2.9	tetramer and coverage	metaBAT2 v2.12.1	missing: third party data	79.23	CheckM2 v0.1.3	3.02	5599	ERZ27289560	missing: third party data	missing: third party data	missing: third party data	https://spire.embl.de/spire/v1/sample/75719	https://spire.embl.de/spire/v1/study/501	ERP175227	missing: third party data	metagenomes	513	SPIRE v1: a Searchable Planetary-scale mIcrobiome REsource	SAMN04262559	d__Bacteria;p__Pseudomonadota;c__Gammaproteobacteria;o__Chromatiales;f__Chromatiaceae;g__M0108;s__M0108 sp009928645	GTDBtk v2.3.2_r214	multi-marker approach
SRR2938132	2016-03-11 16:31:32	2015-12-13 12:32:01	14085485	1943557109	0	137	1048		https://sra-downloadb.be-md.ncbi.nlm.nih.gov/sos5/sra-pub-zq-11/SRR002/938/SRR2938132/SRR2938132.sralite.1	SRX1440798	WGS_paired_SW169	WGS	RANDOM	METAGENOMIC	PAIRED	0	0	ILLUMINA	Illumina HiSeq 2500	SRP066479	PRJNA300541	2	300541	SRS1170831	SAMN04262560	simple	527639	wastewater metagenome	SW169							no					WASHINGTON UNIVERSITY IN ST. LOUIS	SRA312534		public	F44C1D54AAD8219FAC3E0ED8D2B93179	A5B9FCCC61FB6D7378E8FE9677BF2ED5	Metagenome-Assembled Genome spire_mag_01092370 in SPIRE v01 classified as Thiothrix unzii	Thiothrix unzii	missing: third party data	missing: third party data	missing: third party data			19	19	Detected				2025-10-14	ERC000047	EMBL Heidelberg	public	spire_mag_01092370	spire_mag_01092370	Thiothrix unzii	0.0	0.0	0.74	GUNC v1.0.6	bwa mem	https://spire.embl.de/spire/v1/cluster/spire_v1_095_000393943	https://spire.embl.de/spire/v1/genome/spire_mag_01092370	Many fragments with little to no review of assembly other than reporting of standard assembly statistics	megahit 1.2.9	tetramer and coverage	metaBAT2 v2.12.1	missing: third party data	56.58	CheckM2 v0.1.3	1.40	4320	ERZ27289566	missing: third party data	missing: third party data	missing: third party data	https://spire.embl.de/spire/v1/sample/75729	https://spire.embl.de/spire/v1/study/501	ERP175227	missing: third party data	metagenomes	365	SPIRE v1: a Searchable Planetary-scale mIcrobiome REsource	SAMN04262560	d__Bacteria;p__Pseudomonadota;c__Gammaproteobacteria;o__Thiotrichales;f__Thiotrichaceae;g__Thiothrix;s__Thiothrix unzii	GTDBtk v2.3.2_r214	multi-marker approach
SRR2938311	2016-03-11 16:31:32	2015-12-13 11:21:01	1602205	455025652	1602205	283	208		https://sra-downloadb.be-md.ncbi.nlm.nih.gov/sos5/sra-pub-zq-11/SRR002/938/SRR2938311/SRR2938311.sralite.1	SRX1440984	WGS_paired_SW012	WGS	RANDOM	METAGENOMIC	PAIRED	0	0	ILLUMINA	NextSeq 500	SRP066479	PRJNA300541	2	300541	SRS1170646	SAMN04262567	simple	527639	wastewater metagenome	SW012							no					WASHINGTON UNIVERSITY IN ST. LOUIS	SRA312534		public	7C0FE7409E19CC605B6BA1AA87AD778C	DF63AE4ABA61BB477A749C1E7CC93488	SPIRE v01 sample spire_sample_75986.	metagenome		missing: third party data	missing: third party data			18	18	Detected		SPIRE v01 sample. This is a virtual sample, derived from SAMN04262567.		2025-09-16	ERC000011	EMBL Heidelberg	public	spire_sample_75986	spire_sample_75986	metagenome																															
SRR2938312	2016-03-11 16:31:32	2015-12-13 12:21:06	1781450	505930765	1781450	283	232		https://sra-downloadb.be-md.ncbi.nlm.nih.gov/sos5/sra-pub-zq-11/SRR002/938/SRR2938312/SRR2938312.sralite.1	SRX1440985	WGS_paired_SW076	WGS	RANDOM	METAGENOMIC	PAIRED	0	0	ILLUMINA	NextSeq 500	SRP066479	PRJNA300541	2	300541	SRS1170645	SAMN04262569	simple	527639	wastewater metagenome	SW076							no					WASHINGTON UNIVERSITY IN ST. LOUIS	SRA312534		public	F596EEC367BC6C6CA64FBCEBA1CB6C6B	A59DE97736306684C2D2DD7AA1656CC6	SPIRE v01 sample spire_sample_75855.	metagenome		missing: third party data	missing: third party data			22	22	Detected		SPIRE v01 sample. This is a virtual sample, derived from SAMN04262569.		2025-09-16	ERC000011	EMBL Heidelberg	public	spire_sample_75855	spire_sample_75855	metagenome																															
SRR2938313	2016-03-11 16:31:32	2015-12-13 12:21:00	1422299	403931977	1422299	283	183		https://sra-downloadb.be-md.ncbi.nlm.nih.gov/sos5/sra-pub-zq-11/SRR002/938/SRR2938313/SRR2938313.sralite.1	SRX1440986	WGS_paired_SW078	WGS	RANDOM	METAGENOMIC	PAIRED	0	0	ILLUMINA	NextSeq 500	SRP066479	PRJNA300541	2	300541	SRS1170644	SAMN04262570	simple	527639	wastewater metagenome	SW078							no					WASHINGTON UNIVERSITY IN ST. LOUIS	SRA312534		public	CA019F62F7F908210AEA33DD53C7D103	FC6837EAFDB8206EDF25572A77911062	SPIRE v01 sample spire_sample_75884.	metagenome		missing: third party data	missing: third party data			14	13	Detected		SPIRE v01 sample. This is a virtual sample, derived from SAMN04262570.		2025-09-16	ERC000011	EMBL Heidelberg	public	spire_sample_75884	spire_sample_75884	metagenome																															
SRR2938314	2016-03-11 16:31:32	2015-12-13 12:22:23	2941306	835329349	2941306	283	387		https://sra-downloadb.be-md.ncbi.nlm.nih.gov/sos5/sra-pub-zq-11/SRR002/938/SRR2938314/SRR2938314.sralite.1	SRX1440987	WGS_paired_SW081	WGS	RANDOM	METAGENOMIC	PAIRED	0	0	ILLUMINA	NextSeq 500	SRP066479	PRJNA300541	2	300541	SRS1170643	SAMN04262535	simple	527639	wastewater metagenome	SW081							no					WASHINGTON UNIVERSITY IN ST. LOUIS	SRA312534		public	466046405BFF1A7C4FC98B6A9861F055	EDE6203A0BAB2CC164E83B5C7A0B4A20	Metagenome-Assembled Genome spire_mag_01092203 in SPIRE v01 classified as Agathobacter rectalis	Lachnospiraceae bacterium	missing: third party data	missing: third party data	missing: third party data			20	20	Detected				2025-10-14	ERC000047	EMBL Heidelberg	public	spire_mag_01092203	spire_mag_01092203	Lachnospiraceae bacterium	0.29	0.04	0.87	GUNC v1.0.6	bwa mem	https://spire.embl.de/spire/v1/cluster/specI_v4_00168	https://spire.embl.de/spire/v1/genome/spire_mag_01092203	Many fragments with little to no review of assembly other than reporting of standard assembly statistics	megahit 1.2.9	tetramer and coverage	metaBAT2 v2.12.1	missing: third party data	93.76	CheckM2 v0.1.3	1.94	15687	ERZ27289542	missing: third party data	missing: third party data	missing: third party data	https://spire.embl.de/spire/v1/sample/75806	https://spire.embl.de/spire/v1/study/501	ERP175227	missing: third party data	metagenomes	236	SPIRE v1: a Searchable Planetary-scale mIcrobiome REsource	SAMN04262535	d__Bacteria;p__Bacillota_A;c__Clostridia;o__Lachnospirales;f__Lachnospiraceae;g__Agathobacter;s__Agathobacter rectalis	GTDBtk v2.3.2_r214	multi-marker approach
SRR2938315	2016-03-11 16:31:32	2015-12-13 12:22:23	2919857	829238156	2919857	283	394		https://sra-downloadb.be-md.ncbi.nlm.nih.gov/sos5/sra-pub-zq-11/SRR002/938/SRR2938315/SRR2938315.sralite.1	SRX1440988	WGS_paired_SW083	WGS	RANDOM	METAGENOMIC	PAIRED	0	0	ILLUMINA	NextSeq 500	SRP066479	PRJNA300541	2	300541	SRS1170642	SAMN04262537	simple	527639	wastewater metagenome	SW083							no					WASHINGTON UNIVERSITY IN ST. LOUIS	SRA312534		public	B2F78003CFA1778783FE22F5C19018F9	E7CB551A8B2BD27B09F3B9157E133761	Metagenome-Assembled Genome spire_mag_01092857 in SPIRE v01 classified as Bifidobacterium adolescentis	Bifidobacterium adolescentis	missing: third party data	missing: third party data	missing: third party data			12	12	Detected				2025-10-13	ERC000047	EMBL Heidelberg	public	spire_mag_01092857	spire_mag_01092857	Bifidobacterium adolescentis	0.0	0.0	0.94	GUNC v1.0.6	bwa mem	https://spire.embl.de/spire/v1/cluster/specI_v4_00075	https://spire.embl.de/spire/v1/genome/spire_mag_01092857	Many fragments with little to no review of assembly other than reporting of standard assembly statistics	megahit 1.2.9	tetramer and coverage	metaBAT2 v2.12.1	missing: third party data	80.07	CheckM2 v0.1.3	2.22	7286	ERZ27289543	missing: third party data	missing: third party data	missing: third party data	https://spire.embl.de/spire/v1/sample/75770	https://spire.embl.de/spire/v1/study/501	ERP175227	missing: third party data	metagenomes	230	SPIRE v1: a Searchable Planetary-scale mIcrobiome REsource	SAMN04262537	d__Bacteria;p__Actinomycetota;c__Actinomycetia;o__Actinomycetales;f__Bifidobacteriaceae;g__Bifidobacterium;s__Bifidobacterium adolescentis	GTDBtk v2.3.2_r214	multi-marker approach
SRR2938316	2016-03-11 16:31:32	2015-12-13 12:23:22	4468721	1269114524	4468721	283	572		https://sra-downloadb.be-md.ncbi.nlm.nih.gov/sos5/sra-pub-zq-11/SRR002/938/SRR2938316/SRR2938316.sralite.1	SRX1440989	WGS_paired_SW084	WGS	RANDOM	METAGENOMIC	PAIRED	0	0	ILLUMINA	NextSeq 500	SRP066479	PRJNA300541	2	300541	SRS1170641	SAMN04262538	simple	527639	wastewater metagenome	SW084							no					WASHINGTON UNIVERSITY IN ST. LOUIS	SRA312534		public	CB771F8944063D7BF622F77115F09230	E7559843757F7A6EEF126E5C93684F17	Metagenome-Assembled Genome spire_mag_01090444 in SPIRE v01 classified as Ligilactobacillus ruminis	Ligilactobacillus ruminis	missing: third party data	missing: third party data	missing: third party data			18	18	Detected				2025-10-14	ERC000047	EMBL Heidelberg	public	spire_mag_01090444	spire_mag_01090444	Ligilactobacillus ruminis	0.0	0.0	0.91	GUNC v1.0.6	bwa mem	https://spire.embl.de/spire/v1/cluster/specI_v4_00349	https://spire.embl.de/spire/v1/genome/spire_mag_01090444	Many fragments with little to no review of assembly other than reporting of standard assembly statistics	megahit 1.2.9	tetramer and coverage	metaBAT2 v2.12.1	missing: third party data	59.71	CheckM2 v0.1.3	0.74	4977	ERZ27289545	missing: third party data	missing: third party data	missing: third party data	https://spire.embl.de/spire/v1/sample/75917	https://spire.embl.de/spire/v1/study/501	ERP175227	missing: third party data	metagenomes	244	SPIRE v1: a Searchable Planetary-scale mIcrobiome REsource	SAMN04262538	d__Bacteria;p__Bacillota;c__Bacilli;o__Lactobacillales;f__Lactobacillaceae;g__Ligilactobacillus;s__Ligilactobacillus ruminis	GTDBtk v2.3.2_r214	multi-marker approach
SRR2938317	2016-03-11 16:31:32	2015-12-13 12:23:27	3266963	927815326	3266963	283	419		https://sra-downloadb.be-md.ncbi.nlm.nih.gov/sos5/sra-pub-zq-11/SRR002/938/SRR2938317/SRR2938317.sralite.1	SRX1440990	WGS_paired_SW085	WGS	RANDOM	METAGENOMIC	PAIRED	0	0	ILLUMINA	NextSeq 500	SRP066479	PRJNA300541	2	300541	SRS1170640	SAMN04262539	simple	527639	wastewater metagenome	SW085							no					WASHINGTON UNIVERSITY IN ST. LOUIS	SRA312534		public	FD7E6D69A44E7DF29AB954A7D3FB26F3	B9F8DB981F613AEC0819B1679B698393	Metagenome-Assembled Genome spire_mag_01091901 in SPIRE v01 classified as Agathobacter rectalis	Lachnospiraceae bacterium	missing: third party data	missing: third party data	missing: third party data			18	18	Detected				2025-10-14	ERC000047	EMBL Heidelberg	public	spire_mag_01091901	spire_mag_01091901	Lachnospiraceae bacterium	0.43	0.03	0.86	GUNC v1.0.6	bwa mem	https://spire.embl.de/spire/v1/cluster/specI_v4_00168	https://spire.embl.de/spire/v1/genome/spire_mag_01091901	Many fragments with little to no review of assembly other than reporting of standard assembly statistics	megahit 1.2.9	tetramer and coverage	metaBAT2 v2.12.1	missing: third party data	63.28	CheckM2 v0.1.3	2.04	4695	ERZ27289547	missing: third party data	missing: third party data	missing: third party data	https://spire.embl.de/spire/v1/sample/75844	https://spire.embl.de/spire/v1/study/501	ERP175227	missing: third party data	metagenomes	368	SPIRE v1: a Searchable Planetary-scale mIcrobiome REsource	SAMN04262539	d__Bacteria;p__Bacillota_A;c__Clostridia;o__Lachnospirales;f__Lachnospiraceae;g__Agathobacter;s__Agathobacter rectalis	GTDBtk v2.3.2_r214	multi-marker approach
SRR2938318	2016-03-11 16:31:32	2015-12-13 12:22:07	1112853	316049955	1112853	283	145		https://sra-downloadb.be-md.ncbi.nlm.nih.gov/sos5/sra-pub-zq-11/SRR002/938/SRR2938318/SRR2938318.sralite.1	SRX1440991	WGS_paired_SW086	WGS	RANDOM	METAGENOMIC	PAIRED	0	0	ILLUMINA	NextSeq 500	SRP066479	PRJNA300541	2	300541	SRS1170639	SAMN04262540	simple	527639	wastewater metagenome	SW086							no					WASHINGTON UNIVERSITY IN ST. LOUIS	SRA312534		public	7D26B060F625A16E1EA298D8663BFD3E	0EB7C9D906483E5A0E4E59B3232DF27D	SPIRE v01 sample spire_sample_75816.	metagenome		missing: third party data	missing: third party data			8	8	Detected		SPIRE v01 sample. This is a virtual sample, derived from SAMN04262540.		2025-09-16	ERC000011	EMBL Heidelberg	public	spire_sample_75816	spire_sample_75816	metagenome																															
SRR2938319	2016-03-11 16:31:32	2015-12-13 12:23:19	2117439	601351634	2117439	283	274		https://sra-downloadb.be-md.ncbi.nlm.nih.gov/sos5/sra-pub-zq-11/SRR002/938/SRR2938319/SRR2938319.sralite.1	SRX1440992	WGS_paired_SW087	WGS	RANDOM	METAGENOMIC	PAIRED	0	0	ILLUMINA	NextSeq 500	SRP066479	PRJNA300541	2	300541	SRS1170638	SAMN04262541	simple	527639	wastewater metagenome	SW087							no					WASHINGTON UNIVERSITY IN ST. LOUIS	SRA312534		public	8D7A2DD8850443F2D19DEF79AB1DB6B1	21B6E19342695AC6734BBB5F8A7E8954	Metagenome-Assembled Genome spire_mag_01090910 in SPIRE v01 classified as Bifidobacterium adolescentis	Bifidobacterium adolescentis	missing: third party data	missing: third party data	missing: third party data			12	12	Detected				2025-10-13	ERC000047	EMBL Heidelberg	public	spire_mag_01090910	spire_mag_01090910	Bifidobacterium adolescentis	0.0	0.0	0.95	GUNC v1.0.6	bwa mem	https://spire.embl.de/spire/v1/cluster/specI_v4_00075	https://spire.embl.de/spire/v1/genome/spire_mag_01090910	Many fragments with little to no review of assembly other than reporting of standard assembly statistics	megahit 1.2.9	tetramer and coverage	metaBAT2 v2.12.1	missing: third party data	81.23	CheckM2 v0.1.3	6.14	8360	ERZ27289546	missing: third party data	missing: third party data	missing: third party data	https://spire.embl.de/spire/v1/sample/75960	https://spire.embl.de/spire/v1/study/501	ERP175227	missing: third party data	metagenomes	227	SPIRE v1: a Searchable Planetary-scale mIcrobiome REsource	SAMN04262541	d__Bacteria;p__Actinomycetota;c__Actinomycetia;o__Actinomycetales;f__Bifidobacteriaceae;g__Bifidobacterium;s__Bifidobacterium adolescentis	GTDBtk v2.3.2_r214	multi-marker approach
SRR2938320	2016-03-11 16:31:32	2015-12-13 12:27:00	1911151	542766014	1911151	283	254		https://sra-downloadb.be-md.ncbi.nlm.nih.gov/sos5/sra-pub-zq-11/SRR002/938/SRR2938320/SRR2938320.sralite.1	SRX1440993	WGS_paired_SW088	WGS	RANDOM	METAGENOMIC	PAIRED	0	0	ILLUMINA	NextSeq 500	SRP066479	PRJNA300541	2	300541	SRS1170636	SAMN04262542	simple	527639	wastewater metagenome	SW088							no					WASHINGTON UNIVERSITY IN ST. LOUIS	SRA312534		public	B5DD821A586BB237791591F89AB27374	276E47E8C5BFEF2F462BC59AECA1B2EF	Metagenome-Assembled Genome spire_mag_01092329 in SPIRE v01 classified as UBA7485	Eubacteriaceae bacterium	missing: third party data	missing: third party data	missing: third party data			12	12	Detected				2025-10-14	ERC000047	EMBL Heidelberg	public	spire_mag_01092329	spire_mag_01092329	Eubacteriaceae bacterium	0.28	0.42	0.48	GUNC v1.0.6	bwa mem	https://spire.embl.de/spire/v1/cluster/spire_v1_095_000231896	https://spire.embl.de/spire/v1/genome/spire_mag_01092329	Many fragments with little to no review of assembly other than reporting of standard assembly statistics	megahit 1.2.9	tetramer and coverage	metaBAT2 v2.12.1	missing: third party data	96.25	CheckM2 v0.1.3	1.11	15472	ERZ27289548	missing: third party data	missing: third party data	missing: third party data	https://spire.embl.de/spire/v1/sample/75724	https://spire.embl.de/spire/v1/study/501	ERP175227	missing: third party data	metagenomes	229	SPIRE v1: a Searchable Planetary-scale mIcrobiome REsource	SAMN04262542	d__Bacteria;p__Bacillota_A;c__Clostridia;o__Eubacteriales;f__Eubacteriaceae;g__UBA7485;s__	GTDBtk v2.3.2_r214	multi-marker approach
SRR2938321	2016-03-11 16:31:32	2015-12-13 12:23:03	1356946	385372169	1356946	283	177		https://sra-downloadb.be-md.ncbi.nlm.nih.gov/sos5/sra-pub-zq-11/SRR002/938/SRR2938321/SRR2938321.sralite.1	SRX1440994	WGS_paired_SW091	WGS	RANDOM	METAGENOMIC	PAIRED	0	0	ILLUMINA	NextSeq 500	SRP066479	PRJNA300541	2	300541	SRS1170637	SAMN04262572	simple	527639	wastewater metagenome	SW091							no					WASHINGTON UNIVERSITY IN ST. LOUIS	SRA312534		public	AD9B0DABDE8B4F623ADF8957338C0E84	CDEB19CE9FC02FC910F9B97F34A46E76	SPIRE v01 sample spire_sample_75954.	metagenome		missing: third party data	missing: third party data			14	14	Detected		SPIRE v01 sample. This is a virtual sample, derived from SAMN04262572.		2025-09-16	ERC000011	EMBL Heidelberg	public	spire_sample_75954	spire_sample_75954	metagenome																															
SRR2938322	2016-03-11 16:31:32	2015-12-13 12:23:31	3095848	879219356	3095848	283	404		https://sra-downloadb.be-md.ncbi.nlm.nih.gov/sos5/sra-pub-zq-11/SRR002/938/SRR2938322/SRR2938322.sralite.1	SRX1440995	WGS_paired_SW168	WGS	RANDOM	METAGENOMIC	PAIRED	0	0	ILLUMINA	NextSeq 500	SRP066479	PRJNA300541	2	300541	SRS1170635	SAMN04262574	simple	527639	wastewater metagenome	SW168							no					WASHINGTON UNIVERSITY IN ST. LOUIS	SRA312534		public	02C1F7D718400CDD1F072C889E9FC693	00BE6ED8429628E60B5FA54AFF240D0E	Metagenome-Assembled Genome spire_mag_01090478 in SPIRE v01 classified as Bifidobacterium adolescentis	Bifidobacterium adolescentis	missing: third party data	missing: third party data	missing: third party data			30	30	Detected				2025-10-14	ERC000047	EMBL Heidelberg	public	spire_mag_01090478	spire_mag_01090478	Bifidobacterium adolescentis	0.0	0.0	0.95	GUNC v1.0.6	bwa mem	https://spire.embl.de/spire/v1/cluster/specI_v4_00075	https://spire.embl.de/spire/v1/genome/spire_mag_01090478	Many fragments with little to no review of assembly other than reporting of standard assembly statistics	megahit 1.2.9	tetramer and coverage	metaBAT2 v2.12.1	missing: third party data	81.18	CheckM2 v0.1.3	2.97	8509	ERZ27289576	missing: third party data	missing: third party data	missing: third party data	https://spire.embl.de/spire/v1/sample/75918	https://spire.embl.de/spire/v1/study/501	ERP175227	missing: third party data	metagenomes	234	SPIRE v1: a Searchable Planetary-scale mIcrobiome REsource	SAMN04262574	d__Bacteria;p__Actinomycetota;c__Actinomycetia;o__Actinomycetales;f__Bifidobacteriaceae;g__Bifidobacterium;s__Bifidobacterium adolescentis	GTDBtk v2.3.2_r214	multi-marker approach
SRR2938323	2016-03-11 16:31:32	2015-12-13 12:23:16	2574856	731257741	2574856	283	338		https://sra-downloadb.be-md.ncbi.nlm.nih.gov/sos5/sra-pub-zq-11/SRR002/938/SRR2938323/SRR2938323.sralite.1	SRX1440996	WGS_paired_SW178	WGS	RANDOM	METAGENOMIC	PAIRED	0	0	ILLUMINA	NextSeq 500	SRP066479	PRJNA300541	2	300541	SRS1170633	SAMN04262575	simple	527639	wastewater metagenome	SW178							no					WASHINGTON UNIVERSITY IN ST. LOUIS	SRA312534		public	A605005EF7E7B8932A0D109AEB81A042	6A540E5EDE6F7F639968A7977286C253	Metagenome-Assembled Genome spire_mag_01091896 in SPIRE v01 classified as Bifidobacterium adolescentis	Bifidobacterium adolescentis	missing: third party data	missing: third party data	missing: third party data			25	25	Detected				2025-10-13	ERC000047	EMBL Heidelberg	public	spire_mag_01091896	spire_mag_01091896	Bifidobacterium adolescentis	0.0	0.0	0.94	GUNC v1.0.6	bwa mem	https://spire.embl.de/spire/v1/cluster/specI_v4_33593	https://spire.embl.de/spire/v1/genome/spire_mag_01091896	Many fragments with little to no review of assembly other than reporting of standard assembly statistics	megahit 1.2.9	tetramer and coverage	metaBAT2 v2.12.1	missing: third party data	64.11	CheckM2 v0.1.3	1.40	6037	ERZ27289577	missing: third party data	missing: third party data	missing: third party data	https://spire.embl.de/spire/v1/sample/75845	https://spire.embl.de/spire/v1/study/501	ERP175227	missing: third party data	metagenomes	262	SPIRE v1: a Searchable Planetary-scale mIcrobiome REsource	SAMN04262575	d__Bacteria;p__Actinomycetota;c__Actinomycetia;o__Actinomycetales;f__Bifidobacteriaceae;g__Bifidobacterium;s__Bifidobacterium adolescentis	GTDBtk v2.3.2_r214	multi-marker approach
SRR2938324	2016-03-11 16:31:32	2015-12-13 12:22:50	742877	210976643	742877	283	96		https://sra-downloadb.be-md.ncbi.nlm.nih.gov/sos5/sra-pub-zq-11/SRR002/938/SRR2938324/SRR2938324.sralite.1	SRX1440997	WGS_paired_SW180	WGS	RANDOM	METAGENOMIC	PAIRED	0	0	ILLUMINA	NextSeq 500	SRP066479	PRJNA300541	2	300541	SRS1170634	SAMN04262576	simple	527639	wastewater metagenome	SW180							no					WASHINGTON UNIVERSITY IN ST. LOUIS	SRA312534		public	C3913FAF96BA73758E538D792C3E6583	6C80D126F094F64E070D30D9FFA15286	SPIRE v01 sample spire_sample_75989.	metagenome		missing: third party data	missing: third party data			8	8	Detected		SPIRE v01 sample. This is a virtual sample, derived from SAMN04262576.		2025-09-16	ERC000011	EMBL Heidelberg	public	spire_sample_75989	spire_sample_75989	metagenome																															
SRR2938325	2016-03-11 16:31:32	2015-12-13 13:22:56	5060531	1437187912	5060531	283	660		https://sra-downloadb.be-md.ncbi.nlm.nih.gov/sos5/sra-pub-zq-11/SRR002/938/SRR2938325/SRR2938325.sralite.1	SRX1440998	WGS_paired_SW181	WGS	RANDOM	METAGENOMIC	PAIRED	0	0	ILLUMINA	NextSeq 500	SRP066479	PRJNA300541	2	300541	SRS1170631	SAMN04262562	simple	527639	wastewater metagenome	SW181							no					WASHINGTON UNIVERSITY IN ST. LOUIS	SRA312534		public	BE0CAF3839BEF9CC928E987719611BE1	0DE486BAB0D557AF6077E37EA3B2A483	Metagenome-Assembled Genome spire_mag_01091986 in SPIRE v01 classified as VGCC01	uncultured bacterium	missing: third party data	missing: third party data	missing: third party data			6	6	Detected				2025-10-13	ERC000047	EMBL Heidelberg	public	spire_mag_01091986	spire_mag_01091986	uncultured bacterium	0.15	0.03	0.52	GUNC v1.0.6	bwa mem	https://spire.embl.de/spire/v1/cluster/spire_v1_095_000329285	https://spire.embl.de/spire/v1/genome/spire_mag_01091986	Many fragments with little to no review of assembly other than reporting of standard assembly statistics	megahit 1.2.9	tetramer and coverage	metaBAT2 v2.12.1	missing: third party data	77.73	CheckM2 v0.1.3	1.70	9384	ERZ27289567	missing: third party data	missing: third party data	missing: third party data	https://spire.embl.de/spire/v1/sample/75796	https://spire.embl.de/spire/v1/study/501	ERP175227	missing: third party data	metagenomes	233	SPIRE v1: a Searchable Planetary-scale mIcrobiome REsource	SAMN04262562	d__Bacteria;p__Actinomycetota;c__Actinomycetia;o__Nanopelagicales;f__S36-B12;g__VGCC01;s__	GTDBtk v2.3.2_r214	multi-marker approach
SRR2938326	2016-03-11 16:31:32	2015-12-13 13:27:45	7257088	2061009312	7257088	283	929		https://sra-downloadb.be-md.ncbi.nlm.nih.gov/sos5/sra-pub-zq-11/SRR002/938/SRR2938326/SRR2938326.sralite.1	SRX1440999	WGS_paired_SW183	WGS	RANDOM	METAGENOMIC	PAIRED	0	0	ILLUMINA	NextSeq 500	SRP066479	PRJNA300541	2	300541	SRS1170632	SAMN04262543	simple	527639	wastewater metagenome	SW183							no					WASHINGTON UNIVERSITY IN ST. LOUIS	SRA312534		public	12FE204C66E1CBF401CEB54A1033058D	3C4A935BBBAA6B83E0F2A17EC92F6BA5	Metagenome-Assembled Genome spire_mag_01090534 in SPIRE v01 classified as Blautia_A wexlerae	Blautia wexlerae	missing: third party data	missing: third party data	missing: third party data			47	45	Detected				2025-10-14	ERC000047	EMBL Heidelberg	public	spire_mag_01090534	spire_mag_01090534	Blautia wexlerae	0.28	0.37	0.66	GUNC v1.0.6	bwa mem	https://spire.embl.de/spire/v1/cluster/specI_v4_00170	https://spire.embl.de/spire/v1/genome/spire_mag_01090534	Many fragments with little to no review of assembly other than reporting of standard assembly statistics	megahit 1.2.9	tetramer and coverage	metaBAT2 v2.12.1	missing: third party data	84.63	CheckM2 v0.1.3	8.61	10034	ERZ27289550	missing: third party data	missing: third party data	missing: third party data	https://spire.embl.de/spire/v1/sample/75860	https://spire.embl.de/spire/v1/study/501	ERP175227	missing: third party data	metagenomes	381	SPIRE v1: a Searchable Planetary-scale mIcrobiome REsource	SAMN04262543	d__Bacteria;p__Bacillota_A;c__Clostridia;o__Lachnospirales;f__Lachnospiraceae;g__Blautia_A;s__Blautia_A wexlerae	GTDBtk v2.3.2_r214	multi-marker approach
SRR2938327	2016-03-11 16:31:32	2015-12-13 13:24:58	1094083	310719061	1094083	283	148		https://sra-downloadb.be-md.ncbi.nlm.nih.gov/sos5/sra-pub-zq-11/SRR002/938/SRR2938327/SRR2938327.sralite.1	SRX1441000	WGS_paired_SW184	WGS	RANDOM	METAGENOMIC	PAIRED	0	0	ILLUMINA	NextSeq 500	SRP066479	PRJNA300541	2	300541	SRS1170630	SAMN04262544	simple	527639	wastewater metagenome	SW184							no					WASHINGTON UNIVERSITY IN ST. LOUIS	SRA312534		public	55CDD67F5649E77094A8E577DB861233	9E1D2DB08A8C71D0231F2040B4685481	SPIRE v01 sample spire_sample_75790.	metagenome		missing: third party data	missing: third party data			5	5	Detected		SPIRE v01 sample. This is a virtual sample, derived from SAMN04262544.		2025-09-16	ERC000011	EMBL Heidelberg	public	spire_sample_75790	spire_sample_75790	metagenome																															
SRR2938328	2016-03-11 16:31:32	2015-12-13 13:25:01	1618990	459792585	1618990	283	217		https://sra-downloadb.be-md.ncbi.nlm.nih.gov/sos5/sra-pub-zq-11/SRR002/938/SRR2938328/SRR2938328.sralite.1	SRX1441001	WGS_paired_SW186	WGS	RANDOM	METAGENOMIC	PAIRED	0	0	ILLUMINA	NextSeq 500	SRP066479	PRJNA300541	2	300541	SRS1170629	SAMN04262546	simple	527639	wastewater metagenome	SW186							no					WASHINGTON UNIVERSITY IN ST. LOUIS	SRA312534		public	A8444F5AF041D44D23EE9CB91C6E9DF2	C4D3DBD15FFCCCDB747BC0ECF5A7525A	Metagenome-Assembled Genome spire_mag_01092746 in SPIRE v01 classified as Neisseria suis	Uruburuella suis	missing: third party data	missing: third party data	missing: third party data			17	17	Detected				2025-10-13	ERC000047	EMBL Heidelberg	public	spire_mag_01092746	spire_mag_01092746	Uruburuella suis	0.21	0.05	0.74	GUNC v1.0.6	bwa mem	https://spire.embl.de/spire/v1/cluster/specI_v4_35034	https://spire.embl.de/spire/v1/genome/spire_mag_01092746	Many fragments with little to no review of assembly other than reporting of standard assembly statistics	megahit 1.2.9	tetramer and coverage	metaBAT2 v2.12.1	missing: third party data	78.99	CheckM2 v0.1.3	0.91	5295	ERZ27289551	missing: third party data	missing: third party data	missing: third party data	https://spire.embl.de/spire/v1/sample/75760	https://spire.embl.de/spire/v1/study/501	ERP175227	missing: third party data	metagenomes	386	SPIRE v1: a Searchable Planetary-scale mIcrobiome REsource	SAMN04262546	d__Bacteria;p__Pseudomonadota;c__Gammaproteobacteria;o__Burkholderiales;f__Neisseriaceae;g__Neisseria;s__Neisseria suis	GTDBtk v2.3.2_r214	multi-marker approach
SRR2938329	2016-03-11 16:31:32	2015-12-13 13:25:09	2274629	645993091	2274629	283	295		https://sra-downloadb.be-md.ncbi.nlm.nih.gov/sos5/sra-pub-zq-11/SRR002/938/SRR2938329/SRR2938329.sralite.1	SRX1441002	WGS_paired_SW187	WGS	RANDOM	METAGENOMIC	PAIRED	0	0	ILLUMINA	NextSeq 500	SRP066479	PRJNA300541	2	300541	SRS1170628	SAMN04262547	simple	527639	wastewater metagenome	SW187							no					WASHINGTON UNIVERSITY IN ST. LOUIS	SRA312534		public	FCDFDEC65C69224D5818F491109788C8	5300E55D1EAE4493F0990A8D8B3F7208	Metagenome-Assembled Genome spire_mag_01090341 in SPIRE v01 classified as Neisseria suis	Uruburuella suis	missing: third party data	missing: third party data	missing: third party data			28	28	Detected				2025-10-14	ERC000047	EMBL Heidelberg	public	spire_mag_01090341	spire_mag_01090341	Uruburuella suis	0.3	0.02	0.71	GUNC v1.0.6	bwa mem	https://spire.embl.de/spire/v1/cluster/specI_v4_35034	https://spire.embl.de/spire/v1/genome/spire_mag_01090341	Many fragments with little to no review of assembly other than reporting of standard assembly statistics	megahit 1.2.9	tetramer and coverage	metaBAT2 v2.12.1	missing: third party data	50.71	CheckM2 v0.1.3	0.58	4238	ERZ27289552	missing: third party data	missing: third party data	missing: third party data	https://spire.embl.de/spire/v1/sample/75903	https://spire.embl.de/spire/v1/study/501	ERP175227	missing: third party data	metagenomes	307	SPIRE v1: a Searchable Planetary-scale mIcrobiome REsource	SAMN04262547	d__Bacteria;p__Pseudomonadota;c__Gammaproteobacteria;o__Burkholderiales;f__Neisseriaceae;g__Neisseria;s__Neisseria suis	GTDBtk v2.3.2_r214	multi-marker approach
SRR2938330	2016-03-11 16:31:32	2015-12-13 13:25:11	2506284	711783007	2506284	283	332		https://sra-downloadb.be-md.ncbi.nlm.nih.gov/sos5/sra-pub-zq-11/SRR002/938/SRR2938330/SRR2938330.sralite.1	SRX1441003	WGS_paired_SW188	WGS	RANDOM	METAGENOMIC	PAIRED	0	0	ILLUMINA	NextSeq 500	SRP066479	PRJNA300541	2	300541	SRS1170627	SAMN04262548	simple	527639	wastewater metagenome	SW188							no					WASHINGTON UNIVERSITY IN ST. LOUIS	SRA312534		public	F4ADDD4AC6F94049B02C67FBFF9071FE	18C389A1643DA28346AD92FF3994AB84	Metagenome-Assembled Genome spire_mag_01091812 in SPIRE v01 classified as Bifidobacterium adolescentis	Bifidobacterium adolescentis	missing: third party data	missing: third party data	missing: third party data			18	18	Detected				2025-10-13	ERC000047	EMBL Heidelberg	public	spire_mag_01091812	spire_mag_01091812	Bifidobacterium adolescentis	0.0	0.0	0.95	GUNC v1.0.6	bwa mem	https://spire.embl.de/spire/v1/cluster/specI_v4_00075	https://spire.embl.de/spire/v1/genome/spire_mag_01091812	Many fragments with little to no review of assembly other than reporting of standard assembly statistics	megahit 1.2.9	tetramer and coverage	metaBAT2 v2.12.1	missing: third party data	84.51	CheckM2 v0.1.3	1.57	7713	ERZ27289553	missing: third party data	missing: third party data	missing: third party data	https://spire.embl.de/spire/v1/sample/75837	https://spire.embl.de/spire/v1/study/501	ERP175227	missing: third party data	metagenomes	255	SPIRE v1: a Searchable Planetary-scale mIcrobiome REsource	SAMN04262548	d__Bacteria;p__Actinomycetota;c__Actinomycetia;o__Actinomycetales;f__Bifidobacteriaceae;g__Bifidobacterium;s__Bifidobacterium adolescentis	GTDBtk v2.3.2_r214	multi-marker approach
SRR2938331	2016-03-11 16:31:32	2015-12-13 13:25:18	2580919	732979705	2580919	283	335		https://sra-downloadb.be-md.ncbi.nlm.nih.gov/sos5/sra-pub-zq-11/SRR002/938/SRR2938331/SRR2938331.sralite.1	SRX1441004	WGS_paired_SW189	WGS	RANDOM	METAGENOMIC	PAIRED	0	0	ILLUMINA	NextSeq 500	SRP066479	PRJNA300541	2	300541	SRS1170626	SAMN04262549	simple	527639	wastewater metagenome	SW189							no					WASHINGTON UNIVERSITY IN ST. LOUIS	SRA312534		public	FF8881E10189B6834EB03883A038A06E	6D6092A1BF169E2009591DC02EAE879C	Metagenome-Assembled Genome spire_mag_01091184 in SPIRE v01 classified as Ancrocorticia	Ancrocorticia sp.	missing: third party data	missing: third party data	missing: third party data			20	20	Detected				2025-10-13	ERC000047	EMBL Heidelberg	public	spire_mag_01091184	spire_mag_01091184	Ancrocorticia sp.	0.32	0.17	0.52	GUNC v1.0.6	bwa mem	https://spire.embl.de/spire/v1/cluster/spire_v1_095_000348485	https://spire.embl.de/spire/v1/genome/spire_mag_01091184	Many fragments with little to no review of assembly other than reporting of standard assembly statistics	megahit 1.2.9	tetramer and coverage	metaBAT2 v2.12.1	missing: third party data	72.82	CheckM2 v0.1.3	2.84	7529	ERZ27289554	missing: third party data	missing: third party data	missing: third party data	https://spire.embl.de/spire/v1/sample/75982	https://spire.embl.de/spire/v1/study/501	ERP175227	missing: third party data	metagenomes	300	SPIRE v1: a Searchable Planetary-scale mIcrobiome REsource	SAMN04262549	d__Bacteria;p__Actinomycetota;c__Actinomycetia;o__Actinomycetales;f__Actinomycetaceae;g__Ancrocorticia;s__	GTDBtk v2.3.2_r214	multi-marker approach
SRR2938332	2016-03-11 16:31:32	2015-12-13 13:25:30	3271410	929078332	3271410	283	422		https://sra-downloadb.be-md.ncbi.nlm.nih.gov/sos5/sra-pub-zq-11/SRR002/938/SRR2938332/SRR2938332.sralite.1	SRX1441005	WGS_paired_SW190	WGS	RANDOM	METAGENOMIC	PAIRED	0	0	ILLUMINA	NextSeq 500	SRP066479	PRJNA300541	2	300541	SRS1170625	SAMN04262550	simple	527639	wastewater metagenome	SW190							no					WASHINGTON UNIVERSITY IN ST. LOUIS	SRA312534		public	8A0EFB71920A313FA3550337078F2400	F39F9401D493FEC5FDB5BC770DBF626E	Metagenome-Assembled Genome spire_mag_01091084 in SPIRE v01 classified as Neisseria suis	Uruburuella suis	missing: third party data	missing: third party data	missing: third party data			36	36	Detected				2025-10-14	ERC000047	EMBL Heidelberg	public	spire_mag_01091084	spire_mag_01091084	Uruburuella suis	0.27	0.03	0.7	GUNC v1.0.6	bwa mem	https://spire.embl.de/spire/v1/cluster/specI_v4_35034	https://spire.embl.de/spire/v1/genome/spire_mag_01091084	Many fragments with little to no review of assembly other than reporting of standard assembly statistics	megahit 1.2.9	tetramer and coverage	metaBAT2 v2.12.1	missing: third party data	83.67	CheckM2 v0.1.3	2.56	6363	ERZ27289556	missing: third party data	missing: third party data	missing: third party data	https://spire.embl.de/spire/v1/sample/75973	https://spire.embl.de/spire/v1/study/501	ERP175227	missing: third party data	metagenomes	384	SPIRE v1: a Searchable Planetary-scale mIcrobiome REsource	SAMN04262550	d__Bacteria;p__Pseudomonadota;c__Gammaproteobacteria;o__Burkholderiales;f__Neisseriaceae;g__Neisseria;s__Neisseria suis	GTDBtk v2.3.2_r214	multi-marker approach
SRR2938333	2016-03-11 16:31:32	2015-12-13 13:25:24	3195936	907644029	3195936	283	416		https://sra-downloadb.be-md.ncbi.nlm.nih.gov/sos5/sra-pub-zq-11/SRR002/938/SRR2938333/SRR2938333.sralite.1	SRX1441006	WGS_paired_SW191	WGS	RANDOM	METAGENOMIC	PAIRED	0	0	ILLUMINA	NextSeq 500	SRP066479	PRJNA300541	2	300541	SRS1170624	SAMN04262577	simple	527639	wastewater metagenome	SW191							no					WASHINGTON UNIVERSITY IN ST. LOUIS	SRA312534		public	593361B306B6E60447C6BB4CAF58507E	FE2E5FB8D1545FFD9F9E857CD02103BA	Metagenome-Assembled Genome spire_mag_01092679 in SPIRE v01 classified as Acinetobacter johnsonii	Acinetobacter johnsonii	missing: third party data	missing: third party data	missing: third party data			35	35	Detected				2025-10-13	ERC000047	EMBL Heidelberg	public	spire_mag_01092679	spire_mag_01092679	Acinetobacter johnsonii	0.0	0.0	0.93	GUNC v1.0.6	bwa mem	https://spire.embl.de/spire/v1/cluster/spire_v1_095_000023669	https://spire.embl.de/spire/v1/genome/spire_mag_01092679	Many fragments with little to no review of assembly other than reporting of standard assembly statistics	megahit 1.2.9	tetramer and coverage	metaBAT2 v2.12.1	missing: third party data	59.88	CheckM2 v0.1.3	2.06	4542	ERZ27289578	missing: third party data	missing: third party data	missing: third party data	https://spire.embl.de/spire/v1/sample/75720	https://spire.embl.de/spire/v1/study/501	ERP175227	missing: third party data	metagenomes	442	SPIRE v1: a Searchable Planetary-scale mIcrobiome REsource	SAMN04262577	d__Bacteria;p__Pseudomonadota;c__Gammaproteobacteria;o__Pseudomonadales;f__Moraxellaceae;g__Acinetobacter;s__Acinetobacter johnsonii	GTDBtk v2.3.2_r214	multi-marker approach
SRR2938334	2016-03-11 16:31:32	2015-12-13 13:23:54	1062351	301707193	1062351	283	141		https://sra-downloadb.be-md.ncbi.nlm.nih.gov/sos5/sra-pub-zq-11/SRR002/938/SRR2938334/SRR2938334.sralite.1	SRX1441007	WGS_paired_SW192	WGS	RANDOM	METAGENOMIC	PAIRED	0	0	ILLUMINA	NextSeq 500	SRP066479	PRJNA300541	2	300541	SRS1170623	SAMN04262563	simple	527639	wastewater metagenome	SW192							no					WASHINGTON UNIVERSITY IN ST. LOUIS	SRA312534		public	D1DB6D5DCDB157B8677CE8E79D1D86FA	4986E8DA9C0E3631CD13386ED1554748	Metagenome-Assembled Genome spire_mag_01091343 in SPIRE v01 classified as Mxb001	uncultured bacterium	missing: third party data	missing: third party data	missing: third party data			5	5	Detected				2025-10-14	ERC000047	EMBL Heidelberg	public	spire_mag_01091343	spire_mag_01091343	uncultured bacterium	0.16	0.03	0.48	GUNC v1.0.6	bwa mem	https://spire.embl.de/spire/v1/cluster/spire_v1_095_000382708	https://spire.embl.de/spire/v1/genome/spire_mag_01091343	Many fragments with little to no review of assembly other than reporting of standard assembly statistics	megahit 1.2.9	tetramer and coverage	metaBAT2 v2.12.1	missing: third party data	50.82	CheckM2 v0.1.3	1.39	4429	ERZ27289562	missing: third party data	missing: third party data	missing: third party data	https://spire.embl.de/spire/v1/sample/75946	https://spire.embl.de/spire/v1/study/501	ERP175227	missing: third party data	metagenomes	359	SPIRE v1: a Searchable Planetary-scale mIcrobiome REsource	SAMN04262563	d__Bacteria;p__Actinomycetota;c__Actinomycetia;o__Nanopelagicales;f__S36-B12;g__Mxb001;s__	GTDBtk v2.3.2_r214	multi-marker approach
SRR2938335	2016-03-11 16:31:32	2015-12-13 13:24:51	4850783	1377619411	4850783	283	623		https://sra-downloadb.be-md.ncbi.nlm.nih.gov/sos5/sra-pub-zq-11/SRR002/938/SRR2938335/SRR2938335.sralite.1	SRX1441008	WGS_paired_SW193	WGS	RANDOM	METAGENOMIC	PAIRED	0	0	ILLUMINA	NextSeq 500	SRP066479	PRJNA300541	2	300541	SRS1170622	SAMN04262578	simple	527639	wastewater metagenome	SW193							no					WASHINGTON UNIVERSITY IN ST. LOUIS	SRA312534		public	15BF29C33EE7BBD165F4D2838608DCC1	2DEF6BD93471FAB3BE97DAD02284B419	Metagenome-Assembled Genome spire_mag_01090839 in SPIRE v01 classified as Acinetobacter towneri	Acinetobacter sp.	missing: third party data	missing: third party data	missing: third party data			58	56	Detected				2025-10-14	ERC000047	EMBL Heidelberg	public	spire_mag_01090839	spire_mag_01090839	Acinetobacter sp.	0.0	0.0	0.93	GUNC v1.0.6	bwa mem	https://spire.embl.de/spire/v1/cluster/specI_v4_00392	https://spire.embl.de/spire/v1/genome/spire_mag_01090839	Many fragments with little to no review of assembly other than reporting of standard assembly statistics	megahit 1.2.9	tetramer and coverage	metaBAT2 v2.12.1	missing: third party data	53.57	CheckM2 v0.1.3	6.43	3801	ERZ27289581	missing: third party data	missing: third party data	missing: third party data	https://spire.embl.de/spire/v1/sample/75856	https://spire.embl.de/spire/v1/study/501	ERP175227	missing: third party data	metagenomes	437	SPIRE v1: a Searchable Planetary-scale mIcrobiome REsource	SAMN04262578	d__Bacteria;p__Pseudomonadota;c__Gammaproteobacteria;o__Pseudomonadales;f__Moraxellaceae;g__Acinetobacter;s__Acinetobacter towneri	GTDBtk v2.3.2_r214	multi-marker approach
SRR2938336	2016-03-11 16:31:32	2015-12-13 13:25:58	2491493	707581725	2491493	283	322		https://sra-downloadb.be-md.ncbi.nlm.nih.gov/sos5/sra-pub-zq-11/SRR002/938/SRR2938336/SRR2938336.sralite.1	SRX1441009	WGS_paired_SW194	WGS	RANDOM	METAGENOMIC	PAIRED	0	0	ILLUMINA	NextSeq 500	SRP066479	PRJNA300541	2	300541	SRS1170621	SAMN04262564	simple	527639	wastewater metagenome	SW194							no					WASHINGTON UNIVERSITY IN ST. LOUIS	SRA312534		public	6F697CFC243C43D7EFC2B1D5BC2B45F3	D540C9DCB5C4E4F0CBC5ED8AD74749B9	Metagenome-Assembled Genome spire_mag_01092763 in SPIRE v01 classified as Mxb001	uncultured bacterium	missing: third party data	missing: third party data	missing: third party data			2	2	Detected				2025-10-14	ERC000047	EMBL Heidelberg	public	spire_mag_01092763	spire_mag_01092763	uncultured bacterium	0.09	0.06	0.47	GUNC v1.0.6	bwa mem	https://spire.embl.de/spire/v1/cluster/spire_v1_095_000325171	https://spire.embl.de/spire/v1/genome/spire_mag_01092763	Many fragments with little to no review of assembly other than reporting of standard assembly statistics	megahit 1.2.9	tetramer and coverage	metaBAT2 v2.12.1	missing: third party data	60.81	CheckM2 v0.1.3	6.64	6267	ERZ27289565	missing: third party data	missing: third party data	missing: third party data	https://spire.embl.de/spire/v1/sample/75763	https://spire.embl.de/spire/v1/study/501	ERP175227	missing: third party data	metagenomes	422	SPIRE v1: a Searchable Planetary-scale mIcrobiome REsource	SAMN04262564	d__Bacteria;p__Actinomycetota;c__Actinomycetia;o__Nanopelagicales;f__S36-B12;g__Mxb001;s__	GTDBtk v2.3.2_r214	multi-marker approach
SRR33902036	2025-06-09 22:36:49	2025-06-09 22:27:37	15162084	4578949368	15162084	302	1562		https://sra-downloadb.be-md.ncbi.nlm.nih.gov/sos8/sra-pub-zq-818/SRR033/33902/SRR33902036/SRR33902036.lite.1	SRX29109669	C1	WGS	RANDOM	METAGENOMIC	PAIRED	0	0	ILLUMINA	Illumina NovaSeq 6000	SRP590895	PRJNA1274045		1274045	SRS25315933	SAMN48974007	simple	527639	wastewater metagenome	Effluent wastewater							no					EWHA WOMANS UNIVERSITY	SRA2145824		public	1646DC6824173C66E372BED82AABCEEC	050E43C32ED309840EF5813340CB3517	Metagenome or environmental sample from wastewater metagenome	wastewater metagenome	Effluent wastewater from sewage plant	2023-06	South Korea: Chungcheongnam-do, Geumsan	36.10 N 127.54 E		13	13	Detected			Environmental sample																																						
SRR33902050	2025-06-09 22:36:52	2025-06-09 22:28:10	23755266	7174090332	23755266	302	2404		https://sra-downloadb.be-md.ncbi.nlm.nih.gov/sos8/sra-pub-zq-818/SRR033/33902/SRR33902050/SRR33902050.lite.1	SRX29109655	T3	WGS	RANDOM	METAGENOMIC	PAIRED	0	0	ILLUMINA	Illumina NovaSeq 6000	SRP590895	PRJNA1274045		1274045	SRS25315919	SAMN48974001	simple	527639	wastewater metagenome	Influent wastewater							no					EWHA WOMANS UNIVERSITY	SRA2145824		public	938AA00699855678DEDF4565F74446A4	7DCF1A1038A8D1C2247E60CF35C9D1DC	Metagenome or environmental sample from wastewater metagenome	wastewater metagenome	Influent wastewater from sewage plant	2023-06	South Korea: Chungcheongnam-do, Geumsan	36.10 N 127.48 E		18	18	Detected			Environmental sample																																						
SRR35815510	2026-01-18 10:43:01	2025-10-17 14:58:11	46372474	13911742200	46372474	300	4652		https://sra-downloadb.be-md.ncbi.nlm.nih.gov/sos10/sra-pub-zq-1002/SRR035/35815/SRR35815510/SRR35815510.lite.1	SRX30864819	e_PRE-VB	WGS	RANDOM PCR	METAGENOMIC	PAIRED	0	0	ILLUMINA	Illumina NovaSeq 6000	SRP635091	PRJNA1346432		1346432	SRS26870130	SAMN52834529	simple	256318	metagenome	e-PRE-VB							no					CNR	SRA2253261		public	074377E820127AA6154DF2191EEF0A78	73CD3E9585B8CA1102780835C2DDD637	Metagenome or environmental sample from metagenome	metagenome	wastewater	2024-01-17	Italy: Verbania	45.9403 N 8.5611 E		0	0	No hit at threshold	e_PRE-VB																																								
SRR35815511	2026-01-18 10:43:01	2025-10-17 14:58:41	48140840	14442252000	48140840	300	4804		https://sra-downloadb.be-md.ncbi.nlm.nih.gov/sos10/sra-pub-zq-1002/SRR035/35815/SRR35815511/SRR35815511.lite.1	SRX30864818	e_PRE-NO	WGS	RANDOM PCR	METAGENOMIC	PAIRED	0	0	ILLUMINA	Illumina NovaSeq 6000	SRP635091	PRJNA1346432		1346432	SRS26870129	SAMN52834528	simple	256318	metagenome	e-PRE-NO							no					CNR	SRA2253261		public	AD8B0FE5316B8D72269EA6B28304CE4F	28F7FB2B4A78FA9BA6F221CCFBF6B350	Metagenome or environmental sample from metagenome	metagenome	wastewater	2024-01-11	Italy: Novara	45.5700 N 8.4604 E		8	8	Detected	e_PRE-NO																																								
SRR35815512	2026-01-18 10:43:01	2025-10-17 15:00:26	58374457	17512337100	58374457	300	5876		https://sra-downloadb.be-md.ncbi.nlm.nih.gov/sos10/sra-pub-zq-1002/SRR035/35815/SRR35815512/SRR35815512.lite.1	SRX30864817	e_PRE-MZ	WGS	RANDOM PCR	METAGENOMIC	PAIRED	0	0	ILLUMINA	Illumina NovaSeq 6000	SRP635091	PRJNA1346432		1346432	SRS26870128	SAMN52834527	simple	256318	metagenome	e-PRE-MZ							no					CNR	SRA2253261		public	8952F32327C2A26FE4F73D1D824570B2	CBE615A2077F4E7E91E4E073A8BDD1E1	Metagenome or environmental sample from metagenome	metagenome	wastewater	2024-01-24	Italy: Mergozzo	45.9675 N 8.4342 E		0	0	No hit at threshold	e_PRE-MZ																																								
SRR35815513	2026-01-18 10:43:01	2025-10-17 14:57:22	35387407	10616222100	35387407	300	3487		https://sra-downloadb.be-md.ncbi.nlm.nih.gov/sos10/sra-pub-zq-1002/SRR035/35815/SRR35815513/SRR35815513.lite.1	SRX30864816	e_PRE-GV	WGS	RANDOM PCR	METAGENOMIC	PAIRED	0	0	ILLUMINA	Illumina NovaSeq 6000	SRP635091	PRJNA1346432		1346432	SRS26870127	SAMN52834526	simple	256318	metagenome	e-PRE-GV							no					CNR	SRA2253261		public	1F0F9241AF0D3C9BBFEAE417CDAFEB3B	6FCD38DF58B70E0277C8981F52FC240A	Metagenome or environmental sample from metagenome	metagenome	wastewater	2023-11-29	Italy: Gravellona Toce	45.9383 N 8.4326 E		4	4	Detected	e_PRE-GV																																								
SRR35815514	2026-01-18 10:43:02	2025-10-17 14:58:46	47272158	14181647400	47272158	300	4705		https://sra-downloadb.be-md.ncbi.nlm.nih.gov/sos10/sra-pub-zq-1002/SRR035/35815/SRR35815514/SRR35815514.lite.1	SRX30864814	e_POST-VB	WGS	RANDOM PCR	METAGENOMIC	PAIRED	0	0	ILLUMINA	Illumina NovaSeq 6000	SRP635091	PRJNA1346432		1346432	SRS26870125	SAMN52834524	simple	256318	metagenome	e-POST-VB							no					CNR	SRA2253261		public	03092C5C4C7E31E332611B6D0668576C	3E0DBD3D5B515AF51C9CB924E22E3DD2	Metagenome or environmental sample from metagenome	metagenome	wastewater	2024-01-17	Italy: Verbania	45.9403 N 8.5611 E		78	72	Detected	e_POST-VB																																								
SRR35815515	2026-01-18 10:43:02	2025-10-17 15:01:11	74899559	22469867700	74899559	300	7772		https://sra-downloadb.be-md.ncbi.nlm.nih.gov/sos10/sra-pub-zq-1002/SRR035/35815/SRR35815515/SRR35815515.lite.1	SRX30864813	e_POST-NO	WGS	RANDOM PCR	METAGENOMIC	PAIRED	0	0	ILLUMINA	Illumina NovaSeq 6000	SRP635091	PRJNA1346432		1346432	SRS26870124	SAMN52834523	simple	256318	metagenome	e-POST-NO							no					CNR	SRA2253261		public	9AD56199068A1BAA06AFE9A40C3F699D	9EA1C4CFDD7274BCC10C1477A967714B	Metagenome or environmental sample from metagenome	metagenome	wastewater	2024-01-11	Italy: Novara	45.5700 N 8.4604 E		0	0	No hit at threshold	e_POST-NO																																								
SRR35815516	2026-01-18 10:43:02	2025-10-17 14:55:56	28503238	8550971400	28503238	300	2817		https://sra-downloadb.be-md.ncbi.nlm.nih.gov/sos10/sra-pub-zq-1002/SRR035/35815/SRR35815516/SRR35815516.lite.1	SRX30864812	e_POST-MZ	WGS	RANDOM PCR	METAGENOMIC	PAIRED	0	0	ILLUMINA	Illumina NovaSeq 6000	SRP635091	PRJNA1346432		1346432	SRS26870123	SAMN52834522	simple	256318	metagenome	e-POST-MZ							no					CNR	SRA2253261		public	F38ADB76D91FE72ABC0D72F066F22FE2	D9DFDD723DB8D59FFF4203BF731C09CC	Metagenome or environmental sample from metagenome	metagenome	wastewater	2024-01-24	Italy: Mergozzo	45.9675 N 8.4342 E		35	34	Detected	e_POST-MZ																																								
SRR35815517	2026-01-18 10:43:02	2025-10-17 15:02:24	73712239	22113671700	73712239	300	7401		https://sra-downloadb.be-md.ncbi.nlm.nih.gov/sos10/sra-pub-zq-1002/SRR035/35815/SRR35815517/SRR35815517.lite.1	SRX30864815	e_PRE-CB	WGS	RANDOM PCR	METAGENOMIC	PAIRED	0	0	ILLUMINA	Illumina NovaSeq 6000	SRP635091	PRJNA1346432		1346432	SRS26870126	SAMN52834525	simple	256318	metagenome	e-PRE-CB							no					CNR	SRA2253261		public	1D89021A3DC30D5238E484F3B4F6BA8C	6BF72331295BDDCCCE4A434C0ABF7785	Metagenome or environmental sample from metagenome	metagenome	wastewater	2023-12-13	Italy: Cannobio	46.0708 N 8.6930 E		1	1	Detected	e_PRE-CB																																								
SRR35815518	2026-01-18 10:43:02	2025-10-17 15:00:56	70914549	21274364700	70914549	300	7261		https://sra-downloadb.be-md.ncbi.nlm.nih.gov/sos10/sra-pub-zq-1002/SRR035/35815/SRR35815518/SRR35815518.lite.1	SRX30864811	i_PRE-VB	WGS	RANDOM PCR	METAGENOMIC	PAIRED	0	0	ILLUMINA	Illumina NovaSeq 6000	SRP635091	PRJNA1346432		1346432	SRS26870122	SAMN52834539	simple	256318	metagenome	i-PRE-VB							no					CNR	SRA2253261		public	43C1718F4DEB62BE7940E9CA15028598	5339C77C5ABF24C1436565141D045C43	Metagenome or environmental sample from metagenome	metagenome	wastewater	2024-01-17	Italy: Verbania	45.9403 N 8.5611 E		8	8	Detected	i_PRE-VB																																								
SRR35815519	2026-01-18 10:43:02	2025-10-17 14:58:35	47042382	14112714600	47042382	300	4858		https://sra-downloadb.be-md.ncbi.nlm.nih.gov/sos10/sra-pub-zq-1002/SRR035/35815/SRR35815519/SRR35815519.lite.1	SRX30864810	i_PRE-NO	WGS	RANDOM PCR	METAGENOMIC	PAIRED	0	0	ILLUMINA	Illumina NovaSeq 6000	SRP635091	PRJNA1346432		1346432	SRS26870121	SAMN52834538	simple	256318	metagenome	i-PRE-NO							no					CNR	SRA2253261		public	84F332898FD50EF46BFC069B6AECCD24	93E57C1D7135570D85532145C81EBCAD	Metagenome or environmental sample from metagenome	metagenome	wastewater	2024-01-11	Italy: Novara	45.5700 N 8.4604 E		85	79	Detected	i_PRE-NO																																								
SRR35815520	2026-01-18 10:43:02	2025-10-17 15:04:09	59295755	17788726500	59295755	300	6136		https://sra-downloadb.be-md.ncbi.nlm.nih.gov/sos10/sra-pub-zq-1002/SRR035/35815/SRR35815520/SRR35815520.lite.1	SRX30864809	i_PRE-MZ	WGS	RANDOM PCR	METAGENOMIC	PAIRED	0	0	ILLUMINA	Illumina NovaSeq 6000	SRP635091	PRJNA1346432		1346432	SRS26870120	SAMN52834537	simple	256318	metagenome	i-PRE-MZ							no					CNR	SRA2253261		public	9788D657B20DA0ED79FBCA54B861AD31	9B3568F53530DB15DC079793187C155B	Metagenome or environmental sample from metagenome	metagenome	wastewater	2024-01-24	Italy: Mergozzo	45.9675 N 8.4342 E		61	60	Detected	i_PRE-MZ																																								
SRR35815521	2026-01-18 10:43:02	2025-10-17 15:03:22	55472142	16641642600	55472142	300	5708		https://sra-downloadb.be-md.ncbi.nlm.nih.gov/sos10/sra-pub-zq-1002/SRR035/35815/SRR35815521/SRR35815521.lite.1	SRX30864808	i_PRE-GV	WGS	RANDOM PCR	METAGENOMIC	PAIRED	0	0	ILLUMINA	Illumina NovaSeq 6000	SRP635091	PRJNA1346432		1346432	SRS26870119	SAMN52834536	simple	256318	metagenome	i-PRE-GV							no					CNR	SRA2253261		public	5D86E978AC18B808699C7C746474824C	CE3194F18D755E8595785747C6DD9C7A	Metagenome or environmental sample from metagenome	metagenome	wastewater	2023-11-29	Italy: Gravellona Toce	45.9383 N 8.4326 E		103	94	Detected	i_PRE-GV																																								
SRR35815522	2026-01-18 10:43:02	2025-10-17 15:04:45	60795742	18238722600	60795742	300	6229		https://sra-downloadb.be-md.ncbi.nlm.nih.gov/sos10/sra-pub-zq-1002/SRR035/35815/SRR35815522/SRR35815522.lite.1	SRX30864806	i_POST-VB	WGS	RANDOM PCR	METAGENOMIC	PAIRED	0	0	ILLUMINA	Illumina NovaSeq 6000	SRP635091	PRJNA1346432		1346432	SRS26870117	SAMN52834534	simple	256318	metagenome	i-POST-VB							no					CNR	SRA2253261		public	06F7D274BB68CA7EDD3B530BB890E1B7	31A066A2F15421BF91EF21D4310FD8A1	Metagenome or environmental sample from metagenome	metagenome	wastewater	2024-01-17	Italy: Verbania	45.9403 N 8.5611 E		139	127	Detected	i_POST-VB																																								
SRR35815523	2026-01-18 10:43:02	2025-10-17 15:13:41	97769870	29330961000	97769870	300	9909		https://sra-downloadb.be-md.ncbi.nlm.nih.gov/sos10/sra-pub-zq-1002/SRR035/35815/SRR35815523/SRR35815523.lite.1	SRX30864805	i_POST-NO	WGS	RANDOM PCR	METAGENOMIC	PAIRED	0	0	ILLUMINA	Illumina NovaSeq 6000	SRP635091	PRJNA1346432		1346432	SRS26870116	SAMN52834533	simple	256318	metagenome	i-POST-NO							no					CNR	SRA2253261		public	E80C459FAB6066A497B1207C5567A6E6	F2A35D6F282A5804F6AD98CAB7A23F50	Metagenome or environmental sample from metagenome	metagenome	wastewater	2024-01-11	Italy: Novara	45.5700 N 8.4604 E		28	28	Detected	i_POST-NO																																								
SRR35815524	2026-01-18 10:43:02	2025-10-17 15:00:36	48150181	14445054300	48150181	300	5010		https://sra-downloadb.be-md.ncbi.nlm.nih.gov/sos10/sra-pub-zq-1002/SRR035/35815/SRR35815524/SRR35815524.lite.1	SRX30864804	i_POST-MZ	WGS	RANDOM PCR	METAGENOMIC	PAIRED	0	0	ILLUMINA	Illumina NovaSeq 6000	SRP635091	PRJNA1346432		1346432	SRS26870115	SAMN52834532	simple	256318	metagenome	i-POST-MZ							no					CNR	SRA2253261		public	F7FD5380AA27C7E7A98A85325C2490B8	A2DB0527F55CB7126D79D3BFB25234A9	Metagenome or environmental sample from metagenome	metagenome	wastewater	2024-01-24	Italy: Mergozzo	45.9675 N 8.4342 E		86	78	Detected	i_POST-MZ																																								
SRR35815525	2026-01-18 10:43:02	2025-10-17 15:05:55	65309506	19592851800	65309506	300	6649		https://sra-downloadb.be-md.ncbi.nlm.nih.gov/sos10/sra-pub-zq-1002/SRR035/35815/SRR35815525/SRR35815525.lite.1	SRX30864807	i_PRE-CB	WGS	RANDOM PCR	METAGENOMIC	PAIRED	0	0	ILLUMINA	Illumina NovaSeq 6000	SRP635091	PRJNA1346432		1346432	SRS26870118	SAMN52834535	simple	256318	metagenome	i-PRE-CB							no					CNR	SRA2253261		public	63880BA694C829D1B7B5526EB3CF84A9	465F4119E4960C144FDD70FF78FC17B9	Metagenome or environmental sample from metagenome	metagenome	wastewater	2023-12-13	Italy: Cannobio	46.0708 N 8.6930 E		12	12	Detected	i_PRE-CB																																								
SRR35815526	2026-01-18 10:43:02	2025-10-17 15:01:15	68079724	20423917200	68079724	300	6830		https://sra-downloadb.be-md.ncbi.nlm.nih.gov/sos10/sra-pub-zq-1002/SRR035/35815/SRR35815526/SRR35815526.lite.1	SRX30864803	i_POST-GV	WGS	RANDOM PCR	METAGENOMIC	PAIRED	0	0	ILLUMINA	Illumina NovaSeq 6000	SRP635091	PRJNA1346432		1346432	SRS26870114	SAMN52834531	simple	256318	metagenome	i-POST-GV							no					CNR	SRA2253261		public	318B48E0E71115CC35C5EE00A60C88EA	E8A21C420B162423902B2344C83CDEAC	Metagenome or environmental sample from metagenome	metagenome	wastewater	2023-11-29	Italy: Gravellona Toce	45.9383 N 8.4326 E		19	19	Detected	i_POST-GV																																								
SRR35815527	2026-01-18 10:43:02	2025-10-17 15:01:57	63594227	19078268100	63594227	300	6607		https://sra-downloadb.be-md.ncbi.nlm.nih.gov/sos10/sra-pub-zq-1002/SRR035/35815/SRR35815527/SRR35815527.lite.1	SRX30864802	i_POST-CB	WGS	RANDOM PCR	METAGENOMIC	PAIRED	0	0	ILLUMINA	Illumina NovaSeq 6000	SRP635091	PRJNA1346432		1346432	SRS26870113	SAMN52834530	simple	256318	metagenome	i-POST-CB							no					CNR	SRA2253261		public	C355561A40129B0EA1738FD5E672800D	E7B989EA52E37BDBEB8690D021DD41E7	Metagenome or environmental sample from metagenome	metagenome	wastewater	2023-12-13	Italy: Cannobio	46.0708 N 8.6930 E		102	94	Detected	i_POST-CB																																								
SRR35815528	2026-01-18 10:43:02	2025-10-17 15:01:21	52771566	15831469800	52771566	300	5363		https://sra-downloadb.be-md.ncbi.nlm.nih.gov/sos10/sra-pub-zq-1002/SRR035/35815/SRR35815528/SRR35815528.lite.1	SRX30864801	e_POST-GV	WGS	RANDOM PCR	METAGENOMIC	PAIRED	0	0	ILLUMINA	Illumina NovaSeq 6000	SRP635091	PRJNA1346432		1346432	SRS26870112	SAMN52834521	simple	256318	metagenome	e-POST-GV							no					CNR	SRA2253261		public	B6F8A28C32E95003F5900560EA29E68C	BA5085EF4DC9C6522F1BF6AE81423BDD	Metagenome or environmental sample from metagenome	metagenome	wastewater	2023-11-29	Italy: Gravellona Toce	45.9383 N 8.4326 E		0	0	No hit at threshold	e_POST-GV																																								
SRR35815529	2026-01-18 10:43:02	2025-10-17 15:03:29	51278763	15383628900	51278763	300	5245		https://sra-downloadb.be-md.ncbi.nlm.nih.gov/sos10/sra-pub-zq-1002/SRR035/35815/SRR35815529/SRR35815529.lite.1	SRX30864800	e_POST-CB	WGS	RANDOM PCR	METAGENOMIC	PAIRED	0	0	ILLUMINA	Illumina NovaSeq 6000	SRP635091	PRJNA1346432		1346432	SRS26870111	SAMN52834520	simple	256318	metagenome	e-POST-CB							no					CNR	SRA2253261		public	F967C77D7D7B04FDF22EC2AE44EE94E3	A1D63C31404437CAB747F85E9061F97D	Metagenome or environmental sample from metagenome	metagenome	wastewater	2023-12-13	Italy: Cannobio	46.0708 N 8.6930 E		2	2	Detected	e_POST-CB																																								
