GENE_CLEAN	ASSEMBLY_30_CANDIDATE	I_GREATER_UNITS	E_GREATER_UNITS	EQUAL_UNITS	PROJECTS_I_FAVOURING	PROJECTS_E_FAVOURING	PROJECTS_BALANCED	MEDIAN_I_MINUS_E_FPM	MEAN_I_MINUS_E_FPM	EXACT_SIGN_TEST_P	TARGETED_30_Q	BH_FDR_Q_ALL_229	ALL229_RESULT_CLASS
ARR-3	0	5	0	7	1	0	2	0.0000000000	0.6462832781	0.062500000	NA	0.198784722	OTHER
ARR-4	0	2	0	10	0	0	3	0.0000000000	0.0061792878	0.500000000	NA	0.817857143	OTHER
ARR-5	0	1	0	11	0	0	3	0.0000000000	0.0064320417	1.000000000	NA	1.000000000	OTHER
ARR-6	0	2	0	10	0	0	3	0.0000000000	0.0349944564	0.500000000	NA	0.817857143	OTHER
ARR-8	0	4	1	7	1	0	2	0.0000000000	0.3131735841	0.375000000	NA	0.692540323	OTHER
CmlA7	0	5	0	7	1	0	2	0.0000000000	0.6324788935	0.062500000	NA	0.198784722	OTHER
FloR	0	4	0	8	1	0	2	0.0000000000	0.1138941862	0.125000000	NA	0.321629213	OTHER
OqxA	0	3	0	9	1	0	2	0.0000000000	0.2131886590	0.250000000	NA	0.506637168	OTHER
OqxB	0	3	0	9	1	0	2	0.0000000000	0.7182008358	0.250000000	NA	0.506637168	OTHER
TOprJ3	0	3	0	9	1	0	2	0.0000000000	0.1013220193	0.250000000	NA	0.506637168	OTHER
aac(3)-IIa	0	4	1	7	1	0	2	0.0000000000	-0.1291648626	0.375000000	NA	0.692540323	OTHER
aac(3)-IId	0	1	0	11	0	0	3	0.0000000000	0.0385496821	1.000000000	NA	1.000000000	OTHER
aac(3)-Ia	0	5	0	7	1	0	2	0.0000000000	0.4896047378	0.062500000	NA	0.198784722	OTHER
aac(6')-31	0	4	0	8	1	0	2	0.0000000000	0.0957636585	0.125000000	NA	0.321629213	OTHER
aac(6')-IIa	0	1	1	10	0	0	3	0.0000000000	-0.0216086454	1.000000000	NA	1.000000000	OTHER
aac(6')-IIc	0	1	1	10	0	0	3	0.0000000000	-0.1160905735	1.000000000	NA	1.000000000	OTHER
aac(6')-Ib	0	1	0	11	0	0	3	0.0000000000	0.0064320417	1.000000000	NA	1.000000000	OTHER
aac(6')-Ib-cr	0	3	1	8	1	0	2	0.0000000000	-0.0439884704	0.625000000	NA	1.000000000	OTHER
aac(6')-Ii	0	2	0	10	0	0	3	0.0000000000	0.0224990066	0.500000000	NA	0.817857143	OTHER
aac(6')-Im	0	3	0	9	1	0	2	0.0000000000	0.0459406529	0.250000000	NA	0.506637168	OTHER
aac(6')-aph(2'')	0	1	0	11	0	0	3	0.0000000000	0.0281529883	1.000000000	NA	1.000000000	OTHER
aadA1	0	4	1	7	1	0	2	0.0000000000	0.5131904060	0.375000000	NA	0.692540323	OTHER
aadA10	0	5	0	7	1	0	2	0.0000000000	0.4292865108	0.062500000	NA	0.198784722	OTHER
aadA11	0	7	0	5	2	0	1	0.2771089742	0.5290778420	0.015625000	NA	0.149088542	OTHER
aadA13	1	6	0	6	1	0	2	0.1537099155	0.7870781038	0.031250000	0.036057692	0.198784722	OTHER
aadA16	0	0	1	11	0	0	3	0.0000000000	-0.0227098878	1.000000000	NA	1.000000000	OTHER
aadA17	0	0	1	11	0	0	3	0.0000000000	-0.0800418700	1.000000000	NA	1.000000000	OTHER
aadA1b	0	1	0	11	0	0	3	0.0000000000	0.0421190972	1.000000000	NA	1.000000000	OTHER
aadA2	0	4	1	7	1	0	2	0.0000000000	0.1066102314	0.375000000	NA	0.692540323	OTHER
aadA24	0	3	0	9	1	0	2	0.0000000000	0.0683079367	0.250000000	NA	0.506637168	OTHER
aadA3	0	0	1	11	0	0	3	0.0000000000	-0.0092002149	1.000000000	NA	1.000000000	OTHER
aadA4	0	1	0	11	0	0	3	0.0000000000	0.0142776601	1.000000000	NA	1.000000000	OTHER
aadA5	1	7	0	5	2	0	1	0.1831471143	0.6287843363	0.015625000	0.023437500	0.149088542	OTHER
aadA6	1	6	0	6	1	0	2	0.7767578822	1.6349226926	0.031250000	0.036057692	0.198784722	OTHER
aadA7	0	5	0	7	1	0	2	0.0000000000	0.0942717414	0.062500000	NA	0.198784722	OTHER
aadD	0	1	0	11	0	0	3	0.0000000000	0.0041866642	1.000000000	NA	1.000000000	OTHER
ampH	0	1	0	11	0	0	3	0.0000000000	0.0083733284	1.000000000	NA	1.000000000	OTHER
ampS	0	1	2	9	0	0	3	0.0000000000	-0.3498065745	1.000000000	NA	1.000000000	OTHER
ant(2'')-Ia	0	5	0	7	1	0	2	0.0000000000	0.0843339259	0.062500000	NA	0.198784722	OTHER
ant(3'')-Ia	1	6	1	5	2	0	1	0.4095390203	1.8112441927	0.125000000	0.129310345	0.321629213	OTHER
ant(3'')-Ii-aac(6')-IId	0	3	0	9	1	0	2	0.0000000000	1.0637318326	0.250000000	NA	0.506637168	OTHER
ant(6)-Ia	0	5	0	7	1	0	2	0.0000000000	1.3460281714	0.062500000	NA	0.198784722	OTHER
ant(6)-Ib	0	1	0	11	0	0	3	0.0000000000	0.0168917930	1.000000000	NA	1.000000000	OTHER
aph(2'')-Ia	0	1	0	11	0	0	3	0.0000000000	0.5425510820	1.000000000	NA	1.000000000	OTHER
aph(3'')-Ib	1	11	0	1	3	0	0	0.6390756382	2.4166243649	0.000976562	0.004882812	0.037272135	ALL229_FDR_I_ALL_3
aph(3')-III	0	5	0	7	1	0	2	0.0000000000	0.4537069332	0.062500000	NA	0.198784722	OTHER
aph(3')-Ia	0	4	1	7	1	0	2	0.0000000000	-0.0226175605	0.375000000	NA	0.692540323	OTHER
aph(3')-VI	0	2	0	10	0	0	3	0.0000000000	0.0775307388	0.500000000	NA	0.817857143	OTHER
aph(3')-VIa	0	1	0	11	0	0	3	0.0000000000	0.0294036190	1.000000000	NA	1.000000000	OTHER
aph(3')-VIb	0	1	1	10	0	0	3	0.0000000000	-0.1446951210	1.000000000	NA	1.000000000	OTHER
aph(6)-Id	1	11	0	1	3	0	0	0.7702246977	2.1858754641	0.000976562	0.004882812	0.037272135	ALL229_FDR_I_ALL_3
blaACI-1	0	5	0	7	1	0	2	0.0000000000	0.0914851998	0.062500000	NA	0.198784722	OTHER
blaAER-1	0	4	0	8	1	0	2	0.0000000000	0.1437184186	0.125000000	NA	0.321629213	OTHER
blaBEL-1	1	8	0	4	2	0	1	0.3338811543	0.5515857462	0.007812500	0.015625000	0.111816406	OTHER
blaCMY-82	0	1	0	11	0	0	3	0.0000000000	0.0171331921	1.000000000	NA	1.000000000	OTHER
blaCTX-M-12	0	1	0	11	0	0	3	0.0000000000	0.0085665960	1.000000000	NA	1.000000000	OTHER
blaCTX-M-169	0	1	0	11	0	0	3	0.0000000000	0.0078527130	1.000000000	NA	1.000000000	OTHER
blaCTX-M-177	0	1	0	11	0	0	3	0.0000000000	0.0242720221	1.000000000	NA	1.000000000	OTHER
blaCTX-M-3	0	1	0	11	0	0	3	0.0000000000	0.0986915860	1.000000000	NA	1.000000000	OTHER
blaCTX-M-36	0	1	0	11	0	0	3	0.0000000000	0.1128433717	1.000000000	NA	1.000000000	OTHER
blaEBR-1	0	2	0	10	0	0	3	0.0000000000	0.0477540866	0.500000000	NA	0.817857143	OTHER
blaFOX-2	0	0	1	11	0	0	3	0.0000000000	-0.3367278667	1.000000000	NA	1.000000000	OTHER
blaFOX-3	0	0	1	11	0	0	3	0.0000000000	-0.0557157437	1.000000000	NA	1.000000000	OTHER
blaFOX-4	0	1	0	11	0	0	3	0.0000000000	0.0378357991	1.000000000	NA	1.000000000	OTHER
blaFOX-5	0	0	1	11	0	0	3	0.0000000000	-0.1134904097	1.000000000	NA	1.000000000	OTHER
blaFOX-7	0	1	0	11	0	0	3	0.0000000000	0.0137279718	1.000000000	NA	1.000000000	OTHER
blaFOX-9	0	0	1	11	0	0	3	0.0000000000	-0.0800418700	1.000000000	NA	1.000000000	OTHER
blaGES-1	0	3	1	8	1	0	2	0.0000000000	0.3292856878	0.625000000	NA	1.000000000	OTHER
blaGES-2	0	1	0	11	0	0	3	0.0000000000	0.0404710873	1.000000000	NA	1.000000000	OTHER
blaGES-5	0	4	1	7	1	0	2	0.0000000000	0.0069535395	0.375000000	NA	0.692540323	OTHER
blaIMP-16	1	9	0	3	2	0	1	0.1541126184	0.2724028248	0.003906250	0.010653409	0.081321023	OTHER
blaIMP-28	0	3	0	9	1	0	2	0.0000000000	0.0382821906	0.250000000	NA	0.506637168	OTHER
blaIMP-33	1	7	0	5	2	0	1	0.0879183835	0.2140587076	0.015625000	0.023437500	0.149088542	OTHER
blaIMP-5	0	0	1	11	0	0	3	0.0000000000	-0.0416010966	1.000000000	NA	1.000000000	OTHER
blaKLUC-2	0	1	0	11	0	0	3	0.0000000000	0.0471162782	1.000000000	NA	1.000000000	OTHER
blaKPC-2	0	1	0	11	0	0	3	0.0000000000	0.0142776601	1.000000000	NA	1.000000000	OTHER
blaLCR-1	0	2	0	10	0	0	3	0.0000000000	0.0310449341	0.500000000	NA	0.817857143	OTHER
blaMOX-6	0	0	1	11	0	0	3	0.0000000000	-0.2180450940	1.000000000	NA	1.000000000	OTHER
blaNDM-14	0	1	0	11	0	0	3	0.0000000000	0.0072677498	1.000000000	NA	1.000000000	OTHER
blaOKP-A-8	0	1	0	11	0	0	3	0.0000000000	0.0153511021	1.000000000	NA	1.000000000	OTHER
blaOXA-1	0	1	1	10	0	0	3	0.0000000000	-0.3598171994	1.000000000	NA	1.000000000	OTHER
blaOXA-10	1	8	1	3	2	0	1	0.4479470244	1.4463148703	0.039062500	0.043402778	0.198784722	OTHER
blaOXA-101	1	7	0	5	2	0	1	0.1613714004	0.5597389736	0.015625000	0.023437500	0.149088542	OTHER
blaOXA-118	0	2	0	10	0	0	3	0.0000000000	0.2042130498	0.500000000	NA	0.817857143	OTHER
blaOXA-119	1	6	0	6	1	0	2	0.0604867654	0.7733686279	0.031250000	0.036057692	0.198784722	OTHER
blaOXA-129	0	5	0	7	1	0	2	0.0000000000	0.4216075162	0.062500000	NA	0.198784722	OTHER
blaOXA-17	0	1	0	11	0	0	3	0.0000000000	0.0292692031	1.000000000	NA	1.000000000	OTHER
blaOXA-2	0	7	0	5	2	0	1	0.1822931897	0.4555413753	0.015625000	NA	0.149088542	OTHER
blaOXA-20	1	7	0	5	2	0	1	0.6445843445	0.6837877056	0.015625000	0.023437500	0.149088542	OTHER
blaOXA-205	1	9	0	3	2	0	1	0.5162502224	0.6985438392	0.003906250	0.010653409	0.081321023	OTHER
blaOXA-21	0	2	1	9	0	0	3	0.0000000000	-0.0114475385	1.000000000	NA	1.000000000	OTHER
blaOXA-211	0	5	0	7	1	0	2	0.0000000000	1.3650265169	0.062500000	NA	0.198784722	OTHER
blaOXA-212	0	5	0	7	1	0	2	0.0000000000	0.7401032947	0.062500000	NA	0.198784722	OTHER
blaOXA-256	0	3	0	9	1	0	2	0.0000000000	0.0613763639	0.250000000	NA	0.506637168	OTHER
blaOXA-275	0	3	0	9	1	0	2	0.0000000000	0.0671805175	0.250000000	NA	0.506637168	OTHER
blaOXA-280	0	5	0	7	1	0	2	0.0000000000	1.1451224497	0.062500000	NA	0.198784722	OTHER
blaOXA-281	0	5	0	7	1	0	2	0.0000000000	0.3356384175	0.062500000	NA	0.198784722	OTHER
blaOXA-296	0	5	1	6	1	0	2	0.0000000000	2.6877322047	0.218750000	NA	0.506637168	OTHER
blaOXA-299	0	1	0	11	0	0	3	0.0000000000	0.0334933136	1.000000000	NA	1.000000000	OTHER
blaOXA-333	0	5	0	7	1	0	2	0.0000000000	1.3786235816	0.062500000	NA	0.198784722	OTHER
blaOXA-334	0	4	0	8	1	0	2	0.0000000000	0.2174114260	0.125000000	NA	0.321629213	OTHER
blaOXA-347	0	5	0	7	1	0	2	0.0000000000	0.1616913351	0.062500000	NA	0.198784722	OTHER
blaOXA-372	0	1	0	11	0	0	3	0.0000000000	0.0164193091	1.000000000	NA	1.000000000	OTHER
blaOXA-373	0	5	0	7	1	0	2	0.0000000000	0.3197487424	0.062500000	NA	0.198784722	OTHER
blaOXA-392	0	6	0	6	1	0	2	0.0582644688	0.2633708914	0.031250000	NA	0.198784722	OTHER
blaOXA-4	1	10	0	2	2	0	1	0.9028953305	1.6065001631	0.001953125	0.007324219	0.055908203	OTHER
blaOXA-427	0	4	1	7	1	0	2	0.0000000000	-3.8934070743	0.375000000	NA	0.692540323	OTHER
blaOXA-46	0	5	0	7	1	0	2	0.0000000000	0.1638095738	0.062500000	NA	0.198784722	OTHER
blaOXA-491	0	0	1	11	0	0	3	0.0000000000	-0.0220805158	1.000000000	NA	1.000000000	OTHER
blaOXA-5	0	3	0	9	1	0	2	0.0000000000	0.0669585098	0.250000000	NA	0.506637168	OTHER
blaOXA-58	1	5	1	6	1	0	2	0.0000000000	1.7687229085	0.218750000	0.218750000	0.506637168	OTHER
blaOXA-72	0	1	0	11	0	0	3	0.0000000000	0.0506856932	1.000000000	NA	1.000000000	OTHER
blaOXA-9	0	5	0	7	1	0	2	0.0000000000	0.1512812149	0.062500000	NA	0.198784722	OTHER
blaPAU-1	0	4	0	8	1	0	2	0.0000000000	0.1105227523	0.125000000	NA	0.321629213	OTHER
blaPER-4	0	0	1	11	0	0	3	0.0000000000	-0.1603658956	1.000000000	NA	1.000000000	OTHER
blaPER-6	0	1	0	11	0	0	3	0.0000000000	0.0099943620	1.000000000	NA	1.000000000	OTHER
blaPLA1a	0	2	0	10	0	0	3	0.0000000000	0.0477454077	0.500000000	NA	0.817857143	OTHER
blaSHV-12	0	1	0	11	0	0	3	0.0000000000	0.0004013205	1.000000000	NA	1.000000000	OTHER
blaTEM-176	0	1	0	11	0	0	3	0.0000000000	0.0156206726	1.000000000	NA	1.000000000	OTHER
blaTEM-1B	0	4	0	8	1	0	2	0.0000000000	0.0940360164	0.125000000	NA	0.321629213	OTHER
blaTEM-209	0	1	0	11	0	0	3	0.0000000000	0.0105356410	1.000000000	NA	1.000000000	OTHER
blaTER-2	0	1	0	11	0	0	3	0.0000000000	0.0878076093	1.000000000	NA	1.000000000	OTHER
blaVEB-1	0	3	0	9	1	0	2	0.0000000000	0.1520090634	0.250000000	NA	0.506637168	OTHER
blaVEB-3	0	2	1	9	0	0	3	0.0000000000	-0.0262869454	1.000000000	NA	1.000000000	OTHER
cat	0	5	0	7	1	0	2	0.0000000000	0.6206644937	0.062500000	NA	0.198784722	OTHER
cat(pC194)	0	3	0	9	1	0	2	0.0000000000	0.0258952978	0.250000000	NA	0.506637168	OTHER
catA1	0	1	0	11	0	0	3	0.0000000000	0.0128498940	1.000000000	NA	1.000000000	OTHER
catB2	0	4	0	8	1	0	2	0.0000000000	0.0508585300	0.125000000	NA	0.321629213	OTHER
catB3	0	4	1	7	1	0	2	0.0000000000	-0.4090593760	0.375000000	NA	0.692540323	OTHER
catB8	0	2	1	9	0	0	3	0.0000000000	-0.9036389056	1.000000000	NA	1.000000000	OTHER
catP	0	5	0	7	1	0	2	0.0000000000	0.1340870757	0.062500000	NA	0.198784722	OTHER
catQ	0	5	0	7	1	0	2	0.0000000000	0.0953037953	0.062500000	NA	0.198784722	OTHER
catS	0	5	0	7	1	0	2	0.0000000000	0.2748827005	0.062500000	NA	0.198784722	OTHER
cfxA	0	3	0	9	1	0	2	0.0000000000	0.0736545204	0.250000000	NA	0.506637168	OTHER
cfxA3	1	6	0	6	1	0	2	0.0953908205	1.3876785318	0.031250000	0.036057692	0.198784722	OTHER
cfxA4	0	2	0	10	1	0	2	0.0000000000	0.0490957219	0.500000000	NA	0.817857143	OTHER
cfxA5	0	4	0	8	1	0	2	0.0000000000	0.8057950480	0.125000000	NA	0.321629213	OTHER
cfxA6	1	8	0	4	2	0	1	0.2163912257	2.0548266369	0.007812500	0.015625000	0.111816406	OTHER
cmlA1	0	1	0	11	0	0	3	0.0000000000	0.0335525011	1.000000000	NA	1.000000000	OTHER
cmlB1	0	1	0	11	0	0	3	0.0000000000	0.0135637771	1.000000000	NA	1.000000000	OTHER
cmx	0	4	0	8	1	0	2	0.0000000000	0.0838241026	0.125000000	NA	0.321629213	OTHER
cphA1	0	1	1	10	0	0	3	0.0000000000	-0.0783380367	1.000000000	NA	1.000000000	OTHER
cphA4	0	0	1	11	0	0	3	0.0000000000	-0.0285206663	1.000000000	NA	1.000000000	OTHER
cphA7	0	0	1	11	0	0	3	0.0000000000	-0.0478411177	1.000000000	NA	1.000000000	OTHER
cphA8	0	0	1	11	0	0	3	0.0000000000	-0.0358808383	1.000000000	NA	1.000000000	OTHER
dfrA1	0	4	0	8	1	0	2	0.0000000000	0.0556081550	0.125000000	NA	0.321629213	OTHER
dfrA12	0	3	0	9	1	0	2	0.0000000000	0.0356715403	0.250000000	NA	0.506637168	OTHER
dfrA14	0	6	0	6	1	0	2	0.0351033446	0.2826452566	0.031250000	NA	0.198784722	OTHER
dfrA15	0	0	1	11	0	0	3	0.0000000000	-0.0837219559	1.000000000	NA	1.000000000	OTHER
dfrA16	0	0	1	11	0	0	3	0.0000000000	-0.0110402579	1.000000000	NA	1.000000000	OTHER
dfrA17	0	0	1	11	0	0	3	0.0000000000	-0.0064401505	1.000000000	NA	1.000000000	OTHER
dfrA19	0	1	0	11	0	0	3	0.0000000000	0.0071388300	1.000000000	NA	1.000000000	OTHER
dfrA27	0	0	1	11	0	0	3	0.0000000000	-0.0064553539	1.000000000	NA	1.000000000	OTHER
dfrA3	0	2	0	10	0	0	3	0.0000000000	0.0327802484	0.500000000	NA	0.817857143	OTHER
dfrA5	0	0	1	11	0	0	3	0.0000000000	-0.0266806233	1.000000000	NA	1.000000000	OTHER
dfrA6	0	1	0	11	0	0	3	0.0000000000	0.0078527130	1.000000000	NA	1.000000000	OTHER
dfrA7	0	0	1	11	0	0	3	0.0000000000	-0.0055201290	1.000000000	NA	1.000000000	OTHER
dfrB1	0	5	0	7	1	0	2	0.0000000000	0.0821908012	0.062500000	NA	0.198784722	OTHER
dfrB2	0	3	0	9	1	0	2	0.0000000000	0.0098425284	0.250000000	NA	0.506637168	OTHER
dfrB3	0	1	0	11	0	0	3	0.0000000000	0.0037677427	1.000000000	NA	1.000000000	OTHER
dfrB4	0	0	1	11	0	0	3	0.0000000000	-0.0103415784	1.000000000	NA	1.000000000	OTHER
dfrB7	0	2	0	10	0	0	3	0.0000000000	0.0032842515	0.500000000	NA	0.817857143	OTHER
ere(A)	0	4	1	7	1	0	2	0.0000000000	0.1436995805	0.375000000	NA	0.692540323	OTHER
ere(D)	0	5	0	7	1	0	2	0.0000000000	0.4386279276	0.062500000	NA	0.198784722	OTHER
erm(47)	0	4	0	8	1	0	2	0.0000000000	0.0600862421	0.125000000	NA	0.321629213	OTHER
erm(A)	0	2	0	10	0	0	3	0.0000000000	0.0369820818	0.500000000	NA	0.817857143	OTHER
erm(B)	1	9	0	3	2	0	1	0.4313416158	13.3364519284	0.003906250	0.010653409	0.081321023	OTHER
erm(F)	1	11	0	1	3	0	0	0.6711082679	3.5724668692	0.000976562	0.004882812	0.037272135	ALL229_FDR_I_ALL_3
erm(G)	0	5	0	7	1	0	2	0.0000000000	0.6528022150	0.062500000	NA	0.198784722	OTHER
erm(Q)	0	1	0	11	0	0	3	0.0000000000	0.0137279718	1.000000000	NA	1.000000000	OTHER
erm(T)	0	1	0	11	0	0	3	0.0000000000	0.0057110640	1.000000000	NA	1.000000000	OTHER
erm(X)	0	5	0	7	1	0	2	0.0000000000	0.1010645357	0.062500000	NA	0.198784722	OTHER
fosA	0	3	0	9	1	0	2	0.0000000000	0.1200672886	0.250000000	NA	0.506637168	OTHER
fosA2	0	1	0	11	0	0	3	0.0000000000	0.0149915431	1.000000000	NA	1.000000000	OTHER
fosA5	0	1	0	11	0	0	3	0.0000000000	0.0178470751	1.000000000	NA	1.000000000	OTHER
lnu(A)	0	2	0	10	0	0	3	0.0000000000	0.0190493622	0.500000000	NA	0.817857143	OTHER
lnu(B)	0	5	0	7	1	0	2	0.0000000000	0.4557080162	0.062500000	NA	0.198784722	OTHER
lnu(C)	0	6	0	6	1	0	2	0.0164963906	0.6322515814	0.031250000	NA	0.198784722	OTHER
lnu(G)	0	4	0	8	1	0	2	0.0000000000	0.1117207621	0.125000000	NA	0.321629213	OTHER
lsa(E)	0	5	0	7	1	0	2	0.0000000000	0.7664744194	0.062500000	NA	0.198784722	OTHER
mcr-3.1	0	0	1	11	0	0	3	0.0000000000	-0.5483328103	1.000000000	NA	1.000000000	OTHER
mcr-3.17	0	3	0	9	1	0	2	0.0000000000	0.1104343002	0.250000000	NA	0.506637168	OTHER
mcr-3.42	0	0	1	11	0	0	3	0.0000000000	-0.5834152545	1.000000000	NA	1.000000000	OTHER
mcr-3.6	0	0	1	11	0	0	3	0.0000000000	-0.3643285115	1.000000000	NA	1.000000000	OTHER
mcr-5.1	0	3	0	9	1	0	2	0.0000000000	0.0737867143	0.250000000	NA	0.506637168	OTHER
mcr-9.1	0	1	0	11	0	0	3	0.0000000000	0.0799548963	1.000000000	NA	1.000000000	OTHER
mef(A)	0	5	0	7	1	0	2	0.0000000000	3.2418673665	0.062500000	NA	0.198784722	OTHER
mef(B)	0	4	1	7	1	0	2	0.0000000000	0.0924417824	0.375000000	NA	0.692540323	OTHER
mef(C)	1	8	0	4	2	0	1	0.6386843373	1.9319002358	0.007812500	0.015625000	0.111816406	OTHER
mph(A)	1	6	1	5	2	0	1	0.0582644688	0.2212287294	0.125000000	0.129310345	0.321629213	OTHER
mph(E)	1	12	0	0	3	0	0	9.9509253723	29.6014223678	0.000488281	0.004882812	0.037272135	ALL229_FDR_I_ALL_3
mph(F)	0	1	0	11	0	0	3	0.0000000000	0.0185609581	1.000000000	NA	1.000000000	OTHER
mph(G)	0	8	0	4	2	0	1	0.3212397672	1.2853809807	0.007812500	NA	0.111816406	OTHER
mph(N)	0	3	0	9	1	0	2	0.0000000000	0.2395678738	0.250000000	NA	0.506637168	OTHER
msr(D)	0	5	0	7	1	0	2	0.0000000000	3.0848988463	0.062500000	NA	0.198784722	OTHER
msr(E)	1	12	0	0	3	0	0	17.4821288780	41.9551758157	0.000488281	0.004882812	0.037272135	ALL229_FDR_I_ALL_3
nimA	0	2	0	10	0	0	3	0.0000000000	0.0415970531	0.500000000	NA	0.817857143	OTHER
nimD	0	3	0	9	1	0	2	0.0000000000	0.0465633887	0.250000000	NA	0.506637168	OTHER
qnrB19	0	2	0	10	0	0	3	0.0000000000	0.5608100296	0.500000000	NA	0.817857143	OTHER
qnrB6	0	1	0	11	0	0	3	0.0000000000	0.0099943620	1.000000000	NA	1.000000000	OTHER
qnrD1	0	1	0	11	0	0	3	0.0000000000	1.6223933598	1.000000000	NA	1.000000000	OTHER
qnrS11	0	1	0	11	0	0	3	0.0000000000	0.0242720221	1.000000000	NA	1.000000000	OTHER
qnrS2	1	9	1	2	2	0	1	0.2954252255	-0.5551023913	0.021484375	0.030691964	0.196796875	OTHER
qnrVC1	0	1	0	11	0	0	3	0.0000000000	0.0504643513	1.000000000	NA	1.000000000	OTHER
qnrVC4	0	6	0	6	1	0	2	0.0814702247	0.5026770056	0.031250000	NA	0.198784722	OTHER
str	0	3	0	9	1	0	2	0.0000000000	0.3553176323	0.250000000	NA	0.506637168	OTHER
sul1	1	10	1	1	3	0	0	0.8971553977	1.1516400800	0.011718750	0.021972656	0.149088542	DIRECTIONAL_I_ALL_3_NOT_FDR
sul2	1	8	0	4	2	0	1	0.6303927820	1.2262518172	0.007812500	0.015625000	0.111816406	OTHER
tet(32)	0	5	0	7	1	0	2	0.0000000000	0.6496784603	0.062500000	NA	0.198784722	OTHER
tet(36)	0	1	0	11	0	0	3	0.0000000000	0.0621021856	1.000000000	NA	1.000000000	OTHER
tet(39)	1	11	0	1	3	0	0	3.9818034876	12.9016878067	0.000976562	0.004882812	0.037272135	ALL229_FDR_I_ALL_3
tet(40)	0	5	0	7	1	0	2	0.0000000000	0.3895590083	0.062500000	NA	0.198784722	OTHER
tet(44)	0	4	0	8	1	0	2	0.0000000000	0.2171266868	0.125000000	NA	0.321629213	OTHER
tet(A)	0	5	0	7	1	0	2	0.0000000000	0.3694291069	0.062500000	NA	0.198784722	OTHER
tet(B)	0	1	0	11	0	0	3	0.0000000000	0.0171331921	1.000000000	NA	1.000000000	OTHER
tet(C)	0	7	0	5	2	0	1	0.2062009393	1.0935212504	0.015625000	NA	0.149088542	OTHER
tet(E)	0	4	1	7	1	0	2	0.0000000000	-3.2033471511	0.375000000	NA	0.692540323	OTHER
tet(G)	0	3	0	9	1	0	2	0.0000000000	0.0504145311	0.250000000	NA	0.506637168	OTHER
tet(L)	0	1	0	11	0	0	3	0.0000000000	0.0214164901	1.000000000	NA	1.000000000	OTHER
tet(M)	0	5	0	7	1	0	2	0.0000000000	0.6402046782	0.062500000	NA	0.198784722	OTHER
tet(O)	0	5	0	7	1	0	2	0.0000000000	1.9826960874	0.062500000	NA	0.198784722	OTHER
tet(O/32/O)	0	4	0	8	1	0	2	0.0000000000	1.8689835839	0.125000000	NA	0.321629213	OTHER
tet(Q)	1	10	0	2	2	0	1	2.7800920999	10.8484628158	0.001953125	0.007324219	0.055908203	OTHER
tet(S)	0	2	0	10	0	0	3	0.0000000000	0.1071604914	0.500000000	NA	0.817857143	OTHER
tet(W)	0	6	0	6	1	0	2	0.1695413246	3.2533644980	0.031250000	NA	0.198784722	OTHER
tet(X)	1	6	0	6	1	0	2	0.1404133784	2.5411607722	0.031250000	0.036057692	0.198784722	OTHER
tetB(P)	0	4	0	8	1	0	2	0.0000000000	0.1448751931	0.125000000	NA	0.321629213	OTHER
tmexC3	0	1	0	11	0	0	3	0.0000000000	0.0342663841	1.000000000	NA	1.000000000	OTHER
tmexD3	0	1	0	11	0	0	3	0.0000000000	0.1235017595	1.000000000	NA	1.000000000	OTHER
