RUN	BIOPROJECT	SRA_STUDY	LIBRARY_NAME	SAMPLE_NAME	BIOSAMPLE	GEO_LOC_NAME	COLLECTION_DATE	STUDY_DESIGN	SITE	DNA_FRACTION	TREATMENT_STAGE	MATCHED_UNIT_ID	TREATMENT_PAIR_ID	FRACTION_PAIR_ID	ANALYSIS_ROLE	INFERENTIAL_USE	ARG_TOTAL_HITS	ARG_UNIQUE_NORMALIZED_LABELS
SRR21621033	PRJNA881852	SRP397973	E_VB_post_a	10_EVB	SAMN30917072	Italy: Verbania	2021-11-29	2_FRACTIONS_X_2_STAGES_X_4_MATCHED_UNITS	VB	EXTRACELLULAR_DNA	POST_DISINFECTION	PRJNA881852:VB:A	PRJNA881852:VB:A:EXTRACELLULAR_DNA	PRJNA881852:VB:A:POST_DISINFECTION	PRIMARY_MATCHED_FACTORIAL_WITHIN_STUDY	YES	13	13
SRR21621034	PRJNA881852	SRP397973	E_VB_pre_a	9_EVB	SAMN30917071	Italy: Verbania	2021-11-29	2_FRACTIONS_X_2_STAGES_X_4_MATCHED_UNITS	VB	EXTRACELLULAR_DNA	PRE_DISINFECTION	PRJNA881852:VB:A	PRJNA881852:VB:A:EXTRACELLULAR_DNA	PRJNA881852:VB:A:PRE_DISINFECTION	PRIMARY_MATCHED_FACTORIAL_WITHIN_STUDY	YES	5	5
SRR21621035	PRJNA881852	SRP397973	I_CB_post_d	8_ICB	SAMN30917070	Italy: Cannobio	2021-12-21	2_FRACTIONS_X_2_STAGES_X_4_MATCHED_UNITS	CB	INTRACELLULAR_DNA	POST_DISINFECTION	PRJNA881852:CB:D	PRJNA881852:CB:D:INTRACELLULAR_DNA	PRJNA881852:CB:D:POST_DISINFECTION	PRIMARY_MATCHED_FACTORIAL_WITHIN_STUDY	YES	19	19
SRR21621036	PRJNA881852	SRP397973	I_CB_pre_d	7_ICB	SAMN30917069	Italy: Cannobio	2021-12-21	2_FRACTIONS_X_2_STAGES_X_4_MATCHED_UNITS	CB	INTRACELLULAR_DNA	PRE_DISINFECTION	PRJNA881852:CB:D	PRJNA881852:CB:D:INTRACELLULAR_DNA	PRJNA881852:CB:D:PRE_DISINFECTION	PRIMARY_MATCHED_FACTORIAL_WITHIN_STUDY	YES	25	25
SRR21621037	PRJNA881852	SRP397973	I_CB_post_c	6_ICB	SAMN30917068	Italy: Cannobio	2021-12-14	2_FRACTIONS_X_2_STAGES_X_4_MATCHED_UNITS	CB	INTRACELLULAR_DNA	POST_DISINFECTION	PRJNA881852:CB:C	PRJNA881852:CB:C:INTRACELLULAR_DNA	PRJNA881852:CB:C:POST_DISINFECTION	PRIMARY_MATCHED_FACTORIAL_WITHIN_STUDY	YES	18	18
SRR21621038	PRJNA881852	SRP397973	I_CB_pre_c	5_ICB	SAMN30917067	Italy: Cannobio	2021-12-14	2_FRACTIONS_X_2_STAGES_X_4_MATCHED_UNITS	CB	INTRACELLULAR_DNA	PRE_DISINFECTION	PRJNA881852:CB:C	PRJNA881852:CB:C:INTRACELLULAR_DNA	PRJNA881852:CB:C:PRE_DISINFECTION	PRIMARY_MATCHED_FACTORIAL_WITHIN_STUDY	YES	20	20
SRR21621039	PRJNA881852	SRP397973	I_VB_post_b	4_IVB	SAMN30917066	Italy: Verbania	2021-12-06	2_FRACTIONS_X_2_STAGES_X_4_MATCHED_UNITS	VB	INTRACELLULAR_DNA	POST_DISINFECTION	PRJNA881852:VB:B	PRJNA881852:VB:B:INTRACELLULAR_DNA	PRJNA881852:VB:B:POST_DISINFECTION	PRIMARY_MATCHED_FACTORIAL_WITHIN_STUDY	YES	15	15
SRR21621040	PRJNA881852	SRP397973	I_VB_pre_b	3_IVB	SAMN30917065	Italy: Verbania	2021-12-06	2_FRACTIONS_X_2_STAGES_X_4_MATCHED_UNITS	VB	INTRACELLULAR_DNA	PRE_DISINFECTION	PRJNA881852:VB:B	PRJNA881852:VB:B:INTRACELLULAR_DNA	PRJNA881852:VB:B:PRE_DISINFECTION	PRIMARY_MATCHED_FACTORIAL_WITHIN_STUDY	YES	16	16
SRR21621041	PRJNA881852	SRP397973	E_CB_post_d	16_ECB	SAMN30917078	Italy: Cannobio	2021-12-21	2_FRACTIONS_X_2_STAGES_X_4_MATCHED_UNITS	CB	EXTRACELLULAR_DNA	POST_DISINFECTION	PRJNA881852:CB:D	PRJNA881852:CB:D:EXTRACELLULAR_DNA	PRJNA881852:CB:D:POST_DISINFECTION	PRIMARY_MATCHED_FACTORIAL_WITHIN_STUDY	YES	1	1
SRR21621042	PRJNA881852	SRP397973	E_CB_pre_d	15_ECB	SAMN30917077	Italy: Cannobio	2021-12-21	2_FRACTIONS_X_2_STAGES_X_4_MATCHED_UNITS	CB	EXTRACELLULAR_DNA	PRE_DISINFECTION	PRJNA881852:CB:D	PRJNA881852:CB:D:EXTRACELLULAR_DNA	PRJNA881852:CB:D:PRE_DISINFECTION	PRIMARY_MATCHED_FACTORIAL_WITHIN_STUDY	YES	0	0
SRR21621043	PRJNA881852	SRP397973	E_CB_post_c	14_ECB	SAMN30917076	Italy: Cannobio	2021-12-14	2_FRACTIONS_X_2_STAGES_X_4_MATCHED_UNITS	CB	EXTRACELLULAR_DNA	POST_DISINFECTION	PRJNA881852:CB:C	PRJNA881852:CB:C:EXTRACELLULAR_DNA	PRJNA881852:CB:C:POST_DISINFECTION	PRIMARY_MATCHED_FACTORIAL_WITHIN_STUDY	YES	4	4
SRR21621044	PRJNA881852	SRP397973	E_CB_pre_c	13_ECB	SAMN30917075	Italy: Cannobio	2021-12-14	2_FRACTIONS_X_2_STAGES_X_4_MATCHED_UNITS	CB	EXTRACELLULAR_DNA	PRE_DISINFECTION	PRJNA881852:CB:C	PRJNA881852:CB:C:EXTRACELLULAR_DNA	PRJNA881852:CB:C:PRE_DISINFECTION	PRIMARY_MATCHED_FACTORIAL_WITHIN_STUDY	YES	0	0
SRR21621045	PRJNA881852	SRP397973	E_VB_post_b	12_EVB	SAMN30917074	Italy: Verbania	2021-12-06	2_FRACTIONS_X_2_STAGES_X_4_MATCHED_UNITS	VB	EXTRACELLULAR_DNA	POST_DISINFECTION	PRJNA881852:VB:B	PRJNA881852:VB:B:EXTRACELLULAR_DNA	PRJNA881852:VB:B:POST_DISINFECTION	PRIMARY_MATCHED_FACTORIAL_WITHIN_STUDY	YES	2	2
SRR21621046	PRJNA881852	SRP397973	E_VB_pre_b	11_EVB	SAMN30917073	Italy: Verbania	2021-12-06	2_FRACTIONS_X_2_STAGES_X_4_MATCHED_UNITS	VB	EXTRACELLULAR_DNA	PRE_DISINFECTION	PRJNA881852:VB:B	PRJNA881852:VB:B:EXTRACELLULAR_DNA	PRJNA881852:VB:B:PRE_DISINFECTION	PRIMARY_MATCHED_FACTORIAL_WITHIN_STUDY	YES	0	0
SRR21621047	PRJNA881852	SRP397973	I_VB_post_a	2_IVB	SAMN30917064	Italy: Verbania	2021-11-29	2_FRACTIONS_X_2_STAGES_X_4_MATCHED_UNITS	VB	INTRACELLULAR_DNA	POST_DISINFECTION	PRJNA881852:VB:A	PRJNA881852:VB:A:INTRACELLULAR_DNA	PRJNA881852:VB:A:POST_DISINFECTION	PRIMARY_MATCHED_FACTORIAL_WITHIN_STUDY	YES	21	20
SRR21621048	PRJNA881852	SRP397973	I_VB_pre_a	1_IVB	SAMN30917063	Italy: Verbania	2021-11-29	2_FRACTIONS_X_2_STAGES_X_4_MATCHED_UNITS	VB	INTRACELLULAR_DNA	PRE_DISINFECTION	PRJNA881852:VB:A	PRJNA881852:VB:A:INTRACELLULAR_DNA	PRJNA881852:VB:A:PRE_DISINFECTION	PRIMARY_MATCHED_FACTORIAL_WITHIN_STUDY	YES	19	19
SRR27639468	PRJNA1066593	SRP484662	I_WWCB	I_WWCB	SAMN39496525	Italy: Cannobio (WWTP)	2022-05-10	2_FRACTIONS_X_3_WASTEWATER_SITES	CB	INTRACELLULAR_DNA	STAGE_NOT_ENCODED	PRJNA1066593:CB	NA	PRJNA1066593:CB	PRIMARY_PAIRED_DNA_FRACTION_COMPARISON	YES	3	3
SRR27639469	PRJNA1066593	SRP484662	I_WWGV	I_WWGV	SAMN39496524	Italy: Gravellona Toce (WWTP)	2022-05-03	2_FRACTIONS_X_3_WASTEWATER_SITES	GV	INTRACELLULAR_DNA	STAGE_NOT_ENCODED	PRJNA1066593:GV	NA	PRJNA1066593:GV	PRIMARY_PAIRED_DNA_FRACTION_COMPARISON	YES	8	8
SRR27639470	PRJNA1066593	SRP484662	I_WWVB	I_WWVB	SAMN39496523	Italy: Verbania (WWTP)	2022-05-03	2_FRACTIONS_X_3_WASTEWATER_SITES	VB	INTRACELLULAR_DNA	STAGE_NOT_ENCODED	PRJNA1066593:VB	NA	PRJNA1066593:VB	PRIMARY_PAIRED_DNA_FRACTION_COMPARISON	YES	11	11
SRR27639475	PRJNA1066593	SRP484662	E_WWCB	E_WWCB	SAMN39496534	Italy: Cannobio (WWTP)	2022-05-10	2_FRACTIONS_X_3_WASTEWATER_SITES	CB	EXTRACELLULAR_DNA	STAGE_NOT_ENCODED	PRJNA1066593:CB	NA	PRJNA1066593:CB	PRIMARY_PAIRED_DNA_FRACTION_COMPARISON	YES	1	1
SRR27639476	PRJNA1066593	SRP484662	E_WWGV	E_WWGV	SAMN39496533	Italy: Gravellona Toce (WWTP)	2022-05-03	2_FRACTIONS_X_3_WASTEWATER_SITES	GV	EXTRACELLULAR_DNA	STAGE_NOT_ENCODED	PRJNA1066593:GV	NA	PRJNA1066593:GV	PRIMARY_PAIRED_DNA_FRACTION_COMPARISON	YES	2	2
SRR27639477	PRJNA1066593	SRP484662	E_WWVB	E_WWVB	SAMN39496532	Italy: Verbania (WWTP)	2022-05-03	2_FRACTIONS_X_3_WASTEWATER_SITES	VB	EXTRACELLULAR_DNA	STAGE_NOT_ENCODED	PRJNA1066593:VB	NA	PRJNA1066593:VB	PRIMARY_PAIRED_DNA_FRACTION_COMPARISON	YES	1	1
SRR29142450	PRJNA1115109	SRP509418	JOOS_17	WW-Intracellular	SAMN41509953	Mexico:Queretaro	2022-03-25	SINGLE_INTRACELLULAR_EXTRACELLULAR_PAIR	QUERETARO_CASE	INTRACELLULAR_DNA	STAGE_NOT_ENCODED	PRJNA1115109:J00S	NA	PRJNA1115109:J00S	DESCRIPTIVE_DNA_FRACTION_CASE	NO	74	71
SRR29142451	PRJNA1115109	SRP509418	JOOS_16	WW-Extracellular	SAMN41509952	Mexico:Queretaro	2022-03-25	SINGLE_INTRACELLULAR_EXTRACELLULAR_PAIR	QUERETARO_CASE	EXTRACELLULAR_DNA	STAGE_NOT_ENCODED	PRJNA1115109:J00S	NA	PRJNA1115109:J00S	DESCRIPTIVE_DNA_FRACTION_CASE	NO	55	52
SRR2938125	PRJNA300541	SRP066479	WGS_paired_SW001	SW001	SAMN04262565	missing: third party data	missing: third party data	HETEROGENEOUS_ENVIRONMENTAL_WASTEWATER_SET	SOURCE_SITE_UNRESOLVED	TOTAL_METAGENOME	SOURCE_STAGE_UNRESOLVED	PRJNA300541:SW001	NA	NA	DESCRIPTIVE_PENDING_SOURCE_MAPPING	NO	1	1
SRR2938126	PRJNA300541	SRP066479	WGS_paired_SW003	SW003	SAMN04262566	missing: third party data	missing: third party data	HETEROGENEOUS_ENVIRONMENTAL_WASTEWATER_SET	SOURCE_SITE_UNRESOLVED	TOTAL_METAGENOME	SOURCE_STAGE_UNRESOLVED	PRJNA300541:SW003	NA	NA	DESCRIPTIVE_PENDING_SOURCE_MAPPING	NO	1	1
SRR2938127	PRJNA300541	SRP066479	WGS_paired_SW004	SW004	SAMN04262552	missing: third party data	missing: third party data	HETEROGENEOUS_ENVIRONMENTAL_WASTEWATER_SET	SOURCE_SITE_UNRESOLVED	TOTAL_METAGENOME	SOURCE_STAGE_UNRESOLVED	PRJNA300541:SW004	NA	NA	DESCRIPTIVE_PENDING_SOURCE_MAPPING	NO	6	6
SRR2938128	PRJNA300541	SRP066479	WGS_paired_SW013	SW013	SAMN04262553	missing: third party data	missing: third party data	HETEROGENEOUS_ENVIRONMENTAL_WASTEWATER_SET	SOURCE_SITE_UNRESOLVED	TOTAL_METAGENOME	SOURCE_STAGE_UNRESOLVED	PRJNA300541:SW013	NA	NA	DESCRIPTIVE_PENDING_SOURCE_MAPPING	NO	2	2
SRR2938129	PRJNA300541	SRP066479	WGS_paired_SW014	SW014	SAMN04262568	missing: third party data	missing: third party data	HETEROGENEOUS_ENVIRONMENTAL_WASTEWATER_SET	SOURCE_SITE_UNRESOLVED	TOTAL_METAGENOME	SOURCE_STAGE_UNRESOLVED	PRJNA300541:SW014	NA	NA	DESCRIPTIVE_PENDING_SOURCE_MAPPING	NO	40	40
SRR2938130	PRJNA300541	SRP066479	WGS_paired_SW166	SW166	SAMN04262573	missing: third party data	missing: third party data	HETEROGENEOUS_ENVIRONMENTAL_WASTEWATER_SET	SOURCE_SITE_UNRESOLVED	TOTAL_METAGENOME	SOURCE_STAGE_UNRESOLVED	PRJNA300541:SW166	NA	NA	DESCRIPTIVE_PENDING_SOURCE_MAPPING	NO	29	29
SRR2938131	PRJNA300541	SRP066479	WGS_paired_SW167	SW167	SAMN04262559	missing: third party data	missing: third party data	HETEROGENEOUS_ENVIRONMENTAL_WASTEWATER_SET	SOURCE_SITE_UNRESOLVED	TOTAL_METAGENOME	SOURCE_STAGE_UNRESOLVED	PRJNA300541:SW167	NA	NA	DESCRIPTIVE_PENDING_SOURCE_MAPPING	NO	9	9
SRR2938132	PRJNA300541	SRP066479	WGS_paired_SW169	SW169	SAMN04262560	missing: third party data	missing: third party data	HETEROGENEOUS_ENVIRONMENTAL_WASTEWATER_SET	SOURCE_SITE_UNRESOLVED	TOTAL_METAGENOME	SOURCE_STAGE_UNRESOLVED	PRJNA300541:SW169	NA	NA	DESCRIPTIVE_PENDING_SOURCE_MAPPING	NO	19	19
SRR2938311	PRJNA300541	SRP066479	WGS_paired_SW012	SW012	SAMN04262567	missing: third party data	missing: third party data	HETEROGENEOUS_ENVIRONMENTAL_WASTEWATER_SET	SOURCE_SITE_UNRESOLVED	TOTAL_METAGENOME	SOURCE_STAGE_UNRESOLVED	PRJNA300541:SW012	NA	NA	DESCRIPTIVE_PENDING_SOURCE_MAPPING	NO	18	18
SRR2938312	PRJNA300541	SRP066479	WGS_paired_SW076	SW076	SAMN04262569	missing: third party data	missing: third party data	HETEROGENEOUS_ENVIRONMENTAL_WASTEWATER_SET	SOURCE_SITE_UNRESOLVED	TOTAL_METAGENOME	SOURCE_STAGE_UNRESOLVED	PRJNA300541:SW076	NA	NA	DESCRIPTIVE_PENDING_SOURCE_MAPPING	NO	22	22
SRR2938313	PRJNA300541	SRP066479	WGS_paired_SW078	SW078	SAMN04262570	missing: third party data	missing: third party data	HETEROGENEOUS_ENVIRONMENTAL_WASTEWATER_SET	SOURCE_SITE_UNRESOLVED	TOTAL_METAGENOME	SOURCE_STAGE_UNRESOLVED	PRJNA300541:SW078	NA	NA	DESCRIPTIVE_PENDING_SOURCE_MAPPING	NO	14	13
SRR2938314	PRJNA300541	SRP066479	WGS_paired_SW081	SW081	SAMN04262535	missing: third party data	missing: third party data	HETEROGENEOUS_ENVIRONMENTAL_WASTEWATER_SET	SOURCE_SITE_UNRESOLVED	TOTAL_METAGENOME	SOURCE_STAGE_UNRESOLVED	PRJNA300541:SW081	NA	NA	DESCRIPTIVE_PENDING_SOURCE_MAPPING	NO	20	20
SRR2938315	PRJNA300541	SRP066479	WGS_paired_SW083	SW083	SAMN04262537	missing: third party data	missing: third party data	HETEROGENEOUS_ENVIRONMENTAL_WASTEWATER_SET	SOURCE_SITE_UNRESOLVED	TOTAL_METAGENOME	SOURCE_STAGE_UNRESOLVED	PRJNA300541:SW083	NA	NA	DESCRIPTIVE_PENDING_SOURCE_MAPPING	NO	12	12
SRR2938316	PRJNA300541	SRP066479	WGS_paired_SW084	SW084	SAMN04262538	missing: third party data	missing: third party data	HETEROGENEOUS_ENVIRONMENTAL_WASTEWATER_SET	SOURCE_SITE_UNRESOLVED	TOTAL_METAGENOME	SOURCE_STAGE_UNRESOLVED	PRJNA300541:SW084	NA	NA	DESCRIPTIVE_PENDING_SOURCE_MAPPING	NO	18	18
SRR2938317	PRJNA300541	SRP066479	WGS_paired_SW085	SW085	SAMN04262539	missing: third party data	missing: third party data	HETEROGENEOUS_ENVIRONMENTAL_WASTEWATER_SET	SOURCE_SITE_UNRESOLVED	TOTAL_METAGENOME	SOURCE_STAGE_UNRESOLVED	PRJNA300541:SW085	NA	NA	DESCRIPTIVE_PENDING_SOURCE_MAPPING	NO	18	18
SRR2938318	PRJNA300541	SRP066479	WGS_paired_SW086	SW086	SAMN04262540	missing: third party data	missing: third party data	HETEROGENEOUS_ENVIRONMENTAL_WASTEWATER_SET	SOURCE_SITE_UNRESOLVED	TOTAL_METAGENOME	SOURCE_STAGE_UNRESOLVED	PRJNA300541:SW086	NA	NA	DESCRIPTIVE_PENDING_SOURCE_MAPPING	NO	8	8
SRR2938319	PRJNA300541	SRP066479	WGS_paired_SW087	SW087	SAMN04262541	missing: third party data	missing: third party data	HETEROGENEOUS_ENVIRONMENTAL_WASTEWATER_SET	SOURCE_SITE_UNRESOLVED	TOTAL_METAGENOME	SOURCE_STAGE_UNRESOLVED	PRJNA300541:SW087	NA	NA	DESCRIPTIVE_PENDING_SOURCE_MAPPING	NO	12	12
SRR2938320	PRJNA300541	SRP066479	WGS_paired_SW088	SW088	SAMN04262542	missing: third party data	missing: third party data	HETEROGENEOUS_ENVIRONMENTAL_WASTEWATER_SET	SOURCE_SITE_UNRESOLVED	TOTAL_METAGENOME	SOURCE_STAGE_UNRESOLVED	PRJNA300541:SW088	NA	NA	DESCRIPTIVE_PENDING_SOURCE_MAPPING	NO	12	12
SRR2938321	PRJNA300541	SRP066479	WGS_paired_SW091	SW091	SAMN04262572	missing: third party data	missing: third party data	HETEROGENEOUS_ENVIRONMENTAL_WASTEWATER_SET	SOURCE_SITE_UNRESOLVED	TOTAL_METAGENOME	SOURCE_STAGE_UNRESOLVED	PRJNA300541:SW091	NA	NA	DESCRIPTIVE_PENDING_SOURCE_MAPPING	NO	14	14
SRR2938322	PRJNA300541	SRP066479	WGS_paired_SW168	SW168	SAMN04262574	missing: third party data	missing: third party data	HETEROGENEOUS_ENVIRONMENTAL_WASTEWATER_SET	SOURCE_SITE_UNRESOLVED	TOTAL_METAGENOME	SOURCE_STAGE_UNRESOLVED	PRJNA300541:SW168	NA	NA	DESCRIPTIVE_PENDING_SOURCE_MAPPING	NO	30	30
SRR2938323	PRJNA300541	SRP066479	WGS_paired_SW178	SW178	SAMN04262575	missing: third party data	missing: third party data	HETEROGENEOUS_ENVIRONMENTAL_WASTEWATER_SET	SOURCE_SITE_UNRESOLVED	TOTAL_METAGENOME	SOURCE_STAGE_UNRESOLVED	PRJNA300541:SW178	NA	NA	DESCRIPTIVE_PENDING_SOURCE_MAPPING	NO	25	25
SRR2938324	PRJNA300541	SRP066479	WGS_paired_SW180	SW180	SAMN04262576	missing: third party data	missing: third party data	HETEROGENEOUS_ENVIRONMENTAL_WASTEWATER_SET	SOURCE_SITE_UNRESOLVED	TOTAL_METAGENOME	SOURCE_STAGE_UNRESOLVED	PRJNA300541:SW180	NA	NA	DESCRIPTIVE_PENDING_SOURCE_MAPPING	NO	8	8
SRR2938325	PRJNA300541	SRP066479	WGS_paired_SW181	SW181	SAMN04262562	missing: third party data	missing: third party data	HETEROGENEOUS_ENVIRONMENTAL_WASTEWATER_SET	SOURCE_SITE_UNRESOLVED	TOTAL_METAGENOME	SOURCE_STAGE_UNRESOLVED	PRJNA300541:SW181	NA	NA	DESCRIPTIVE_PENDING_SOURCE_MAPPING	NO	6	6
SRR2938326	PRJNA300541	SRP066479	WGS_paired_SW183	SW183	SAMN04262543	missing: third party data	missing: third party data	HETEROGENEOUS_ENVIRONMENTAL_WASTEWATER_SET	SOURCE_SITE_UNRESOLVED	TOTAL_METAGENOME	SOURCE_STAGE_UNRESOLVED	PRJNA300541:SW183	NA	NA	DESCRIPTIVE_PENDING_SOURCE_MAPPING	NO	47	45
SRR2938327	PRJNA300541	SRP066479	WGS_paired_SW184	SW184	SAMN04262544	missing: third party data	missing: third party data	HETEROGENEOUS_ENVIRONMENTAL_WASTEWATER_SET	SOURCE_SITE_UNRESOLVED	TOTAL_METAGENOME	SOURCE_STAGE_UNRESOLVED	PRJNA300541:SW184	NA	NA	DESCRIPTIVE_PENDING_SOURCE_MAPPING	NO	5	5
SRR2938328	PRJNA300541	SRP066479	WGS_paired_SW186	SW186	SAMN04262546	missing: third party data	missing: third party data	HETEROGENEOUS_ENVIRONMENTAL_WASTEWATER_SET	SOURCE_SITE_UNRESOLVED	TOTAL_METAGENOME	SOURCE_STAGE_UNRESOLVED	PRJNA300541:SW186	NA	NA	DESCRIPTIVE_PENDING_SOURCE_MAPPING	NO	17	17
SRR2938329	PRJNA300541	SRP066479	WGS_paired_SW187	SW187	SAMN04262547	missing: third party data	missing: third party data	HETEROGENEOUS_ENVIRONMENTAL_WASTEWATER_SET	SOURCE_SITE_UNRESOLVED	TOTAL_METAGENOME	SOURCE_STAGE_UNRESOLVED	PRJNA300541:SW187	NA	NA	DESCRIPTIVE_PENDING_SOURCE_MAPPING	NO	28	28
SRR2938330	PRJNA300541	SRP066479	WGS_paired_SW188	SW188	SAMN04262548	missing: third party data	missing: third party data	HETEROGENEOUS_ENVIRONMENTAL_WASTEWATER_SET	SOURCE_SITE_UNRESOLVED	TOTAL_METAGENOME	SOURCE_STAGE_UNRESOLVED	PRJNA300541:SW188	NA	NA	DESCRIPTIVE_PENDING_SOURCE_MAPPING	NO	18	18
SRR2938331	PRJNA300541	SRP066479	WGS_paired_SW189	SW189	SAMN04262549	missing: third party data	missing: third party data	HETEROGENEOUS_ENVIRONMENTAL_WASTEWATER_SET	SOURCE_SITE_UNRESOLVED	TOTAL_METAGENOME	SOURCE_STAGE_UNRESOLVED	PRJNA300541:SW189	NA	NA	DESCRIPTIVE_PENDING_SOURCE_MAPPING	NO	20	20
SRR2938332	PRJNA300541	SRP066479	WGS_paired_SW190	SW190	SAMN04262550	missing: third party data	missing: third party data	HETEROGENEOUS_ENVIRONMENTAL_WASTEWATER_SET	SOURCE_SITE_UNRESOLVED	TOTAL_METAGENOME	SOURCE_STAGE_UNRESOLVED	PRJNA300541:SW190	NA	NA	DESCRIPTIVE_PENDING_SOURCE_MAPPING	NO	36	36
SRR2938333	PRJNA300541	SRP066479	WGS_paired_SW191	SW191	SAMN04262577	missing: third party data	missing: third party data	HETEROGENEOUS_ENVIRONMENTAL_WASTEWATER_SET	SOURCE_SITE_UNRESOLVED	TOTAL_METAGENOME	SOURCE_STAGE_UNRESOLVED	PRJNA300541:SW191	NA	NA	DESCRIPTIVE_PENDING_SOURCE_MAPPING	NO	35	35
SRR2938334	PRJNA300541	SRP066479	WGS_paired_SW192	SW192	SAMN04262563	missing: third party data	missing: third party data	HETEROGENEOUS_ENVIRONMENTAL_WASTEWATER_SET	SOURCE_SITE_UNRESOLVED	TOTAL_METAGENOME	SOURCE_STAGE_UNRESOLVED	PRJNA300541:SW192	NA	NA	DESCRIPTIVE_PENDING_SOURCE_MAPPING	NO	5	5
SRR2938335	PRJNA300541	SRP066479	WGS_paired_SW193	SW193	SAMN04262578	missing: third party data	missing: third party data	HETEROGENEOUS_ENVIRONMENTAL_WASTEWATER_SET	SOURCE_SITE_UNRESOLVED	TOTAL_METAGENOME	SOURCE_STAGE_UNRESOLVED	PRJNA300541:SW193	NA	NA	DESCRIPTIVE_PENDING_SOURCE_MAPPING	NO	58	56
SRR2938336	PRJNA300541	SRP066479	WGS_paired_SW194	SW194	SAMN04262564	missing: third party data	missing: third party data	HETEROGENEOUS_ENVIRONMENTAL_WASTEWATER_SET	SOURCE_SITE_UNRESOLVED	TOTAL_METAGENOME	SOURCE_STAGE_UNRESOLVED	PRJNA300541:SW194	NA	NA	DESCRIPTIVE_PENDING_SOURCE_MAPPING	NO	2	2
SRR33902036	PRJNA1274045	SRP590895	C1	Effluent wastewater	SAMN48974007	South Korea: Chungcheongnam-do, Geumsan	2023-06	SINGLE_INFLUENT_EFFLUENT_PAIR	GEUMSAN	TOTAL_METAGENOME	EFFLUENT	PRJNA1274045:GEUMSAN	PRJNA1274045:GEUMSAN	NA	DESCRIPTIVE_KOREAN_TREATMENT_CASE	NO	13	13
SRR33902050	PRJNA1274045	SRP590895	T3	Influent wastewater	SAMN48974001	South Korea: Chungcheongnam-do, Geumsan	2023-06	SINGLE_INFLUENT_EFFLUENT_PAIR	GEUMSAN	TOTAL_METAGENOME	INFLUENT	PRJNA1274045:GEUMSAN	PRJNA1274045:GEUMSAN	NA	DESCRIPTIVE_KOREAN_TREATMENT_CASE	NO	18	18
SRR35815510	PRJNA1346432	SRP635091	e_PRE-VB	e-PRE-VB	SAMN52834529	Italy: Verbania	2024-01-17	2_FRACTIONS_X_2_STAGES_X_5_SITES	VB	EXTRACELLULAR_DNA	PRE_TREATMENT	PRJNA1346432:VB	PRJNA1346432:VB:EXTRACELLULAR_DNA	PRJNA1346432:VB:PRE_TREATMENT	PRIMARY_FACTORIAL_WITHIN_STUDY	YES	0	0
SRR35815511	PRJNA1346432	SRP635091	e_PRE-NO	e-PRE-NO	SAMN52834528	Italy: Novara	2024-01-11	2_FRACTIONS_X_2_STAGES_X_5_SITES	NO	EXTRACELLULAR_DNA	PRE_TREATMENT	PRJNA1346432:NO	PRJNA1346432:NO:EXTRACELLULAR_DNA	PRJNA1346432:NO:PRE_TREATMENT	PRIMARY_FACTORIAL_WITHIN_STUDY	YES	8	8
SRR35815512	PRJNA1346432	SRP635091	e_PRE-MZ	e-PRE-MZ	SAMN52834527	Italy: Mergozzo	2024-01-24	2_FRACTIONS_X_2_STAGES_X_5_SITES	MZ	EXTRACELLULAR_DNA	PRE_TREATMENT	PRJNA1346432:MZ	PRJNA1346432:MZ:EXTRACELLULAR_DNA	PRJNA1346432:MZ:PRE_TREATMENT	PRIMARY_FACTORIAL_WITHIN_STUDY	YES	0	0
SRR35815513	PRJNA1346432	SRP635091	e_PRE-GV	e-PRE-GV	SAMN52834526	Italy: Gravellona Toce	2023-11-29	2_FRACTIONS_X_2_STAGES_X_5_SITES	GV	EXTRACELLULAR_DNA	PRE_TREATMENT	PRJNA1346432:GV	PRJNA1346432:GV:EXTRACELLULAR_DNA	PRJNA1346432:GV:PRE_TREATMENT	PRIMARY_FACTORIAL_WITHIN_STUDY	YES	4	4
SRR35815514	PRJNA1346432	SRP635091	e_POST-VB	e-POST-VB	SAMN52834524	Italy: Verbania	2024-01-17	2_FRACTIONS_X_2_STAGES_X_5_SITES	VB	EXTRACELLULAR_DNA	POST_TREATMENT	PRJNA1346432:VB	PRJNA1346432:VB:EXTRACELLULAR_DNA	PRJNA1346432:VB:POST_TREATMENT	PRIMARY_FACTORIAL_WITHIN_STUDY	YES	78	72
SRR35815515	PRJNA1346432	SRP635091	e_POST-NO	e-POST-NO	SAMN52834523	Italy: Novara	2024-01-11	2_FRACTIONS_X_2_STAGES_X_5_SITES	NO	EXTRACELLULAR_DNA	POST_TREATMENT	PRJNA1346432:NO	PRJNA1346432:NO:EXTRACELLULAR_DNA	PRJNA1346432:NO:POST_TREATMENT	PRIMARY_FACTORIAL_WITHIN_STUDY	YES	0	0
SRR35815516	PRJNA1346432	SRP635091	e_POST-MZ	e-POST-MZ	SAMN52834522	Italy: Mergozzo	2024-01-24	2_FRACTIONS_X_2_STAGES_X_5_SITES	MZ	EXTRACELLULAR_DNA	POST_TREATMENT	PRJNA1346432:MZ	PRJNA1346432:MZ:EXTRACELLULAR_DNA	PRJNA1346432:MZ:POST_TREATMENT	PRIMARY_FACTORIAL_WITHIN_STUDY	YES	35	34
SRR35815517	PRJNA1346432	SRP635091	e_PRE-CB	e-PRE-CB	SAMN52834525	Italy: Cannobio	2023-12-13	2_FRACTIONS_X_2_STAGES_X_5_SITES	CB	EXTRACELLULAR_DNA	PRE_TREATMENT	PRJNA1346432:CB	PRJNA1346432:CB:EXTRACELLULAR_DNA	PRJNA1346432:CB:PRE_TREATMENT	PRIMARY_FACTORIAL_WITHIN_STUDY	YES	1	1
SRR35815518	PRJNA1346432	SRP635091	i_PRE-VB	i-PRE-VB	SAMN52834539	Italy: Verbania	2024-01-17	2_FRACTIONS_X_2_STAGES_X_5_SITES	VB	INTRACELLULAR_DNA	PRE_TREATMENT	PRJNA1346432:VB	PRJNA1346432:VB:INTRACELLULAR_DNA	PRJNA1346432:VB:PRE_TREATMENT	PRIMARY_FACTORIAL_WITHIN_STUDY	YES	8	8
SRR35815519	PRJNA1346432	SRP635091	i_PRE-NO	i-PRE-NO	SAMN52834538	Italy: Novara	2024-01-11	2_FRACTIONS_X_2_STAGES_X_5_SITES	NO	INTRACELLULAR_DNA	PRE_TREATMENT	PRJNA1346432:NO	PRJNA1346432:NO:INTRACELLULAR_DNA	PRJNA1346432:NO:PRE_TREATMENT	PRIMARY_FACTORIAL_WITHIN_STUDY	YES	85	79
SRR35815520	PRJNA1346432	SRP635091	i_PRE-MZ	i-PRE-MZ	SAMN52834537	Italy: Mergozzo	2024-01-24	2_FRACTIONS_X_2_STAGES_X_5_SITES	MZ	INTRACELLULAR_DNA	PRE_TREATMENT	PRJNA1346432:MZ	PRJNA1346432:MZ:INTRACELLULAR_DNA	PRJNA1346432:MZ:PRE_TREATMENT	PRIMARY_FACTORIAL_WITHIN_STUDY	YES	61	60
SRR35815521	PRJNA1346432	SRP635091	i_PRE-GV	i-PRE-GV	SAMN52834536	Italy: Gravellona Toce	2023-11-29	2_FRACTIONS_X_2_STAGES_X_5_SITES	GV	INTRACELLULAR_DNA	PRE_TREATMENT	PRJNA1346432:GV	PRJNA1346432:GV:INTRACELLULAR_DNA	PRJNA1346432:GV:PRE_TREATMENT	PRIMARY_FACTORIAL_WITHIN_STUDY	YES	103	94
SRR35815522	PRJNA1346432	SRP635091	i_POST-VB	i-POST-VB	SAMN52834534	Italy: Verbania	2024-01-17	2_FRACTIONS_X_2_STAGES_X_5_SITES	VB	INTRACELLULAR_DNA	POST_TREATMENT	PRJNA1346432:VB	PRJNA1346432:VB:INTRACELLULAR_DNA	PRJNA1346432:VB:POST_TREATMENT	PRIMARY_FACTORIAL_WITHIN_STUDY	YES	139	127
SRR35815523	PRJNA1346432	SRP635091	i_POST-NO	i-POST-NO	SAMN52834533	Italy: Novara	2024-01-11	2_FRACTIONS_X_2_STAGES_X_5_SITES	NO	INTRACELLULAR_DNA	POST_TREATMENT	PRJNA1346432:NO	PRJNA1346432:NO:INTRACELLULAR_DNA	PRJNA1346432:NO:POST_TREATMENT	PRIMARY_FACTORIAL_WITHIN_STUDY	YES	28	28
SRR35815524	PRJNA1346432	SRP635091	i_POST-MZ	i-POST-MZ	SAMN52834532	Italy: Mergozzo	2024-01-24	2_FRACTIONS_X_2_STAGES_X_5_SITES	MZ	INTRACELLULAR_DNA	POST_TREATMENT	PRJNA1346432:MZ	PRJNA1346432:MZ:INTRACELLULAR_DNA	PRJNA1346432:MZ:POST_TREATMENT	PRIMARY_FACTORIAL_WITHIN_STUDY	YES	86	78
SRR35815525	PRJNA1346432	SRP635091	i_PRE-CB	i-PRE-CB	SAMN52834535	Italy: Cannobio	2023-12-13	2_FRACTIONS_X_2_STAGES_X_5_SITES	CB	INTRACELLULAR_DNA	PRE_TREATMENT	PRJNA1346432:CB	PRJNA1346432:CB:INTRACELLULAR_DNA	PRJNA1346432:CB:PRE_TREATMENT	PRIMARY_FACTORIAL_WITHIN_STUDY	YES	12	12
SRR35815526	PRJNA1346432	SRP635091	i_POST-GV	i-POST-GV	SAMN52834531	Italy: Gravellona Toce	2023-11-29	2_FRACTIONS_X_2_STAGES_X_5_SITES	GV	INTRACELLULAR_DNA	POST_TREATMENT	PRJNA1346432:GV	PRJNA1346432:GV:INTRACELLULAR_DNA	PRJNA1346432:GV:POST_TREATMENT	PRIMARY_FACTORIAL_WITHIN_STUDY	YES	19	19
SRR35815527	PRJNA1346432	SRP635091	i_POST-CB	i-POST-CB	SAMN52834530	Italy: Cannobio	2023-12-13	2_FRACTIONS_X_2_STAGES_X_5_SITES	CB	INTRACELLULAR_DNA	POST_TREATMENT	PRJNA1346432:CB	PRJNA1346432:CB:INTRACELLULAR_DNA	PRJNA1346432:CB:POST_TREATMENT	PRIMARY_FACTORIAL_WITHIN_STUDY	YES	102	94
SRR35815528	PRJNA1346432	SRP635091	e_POST-GV	e-POST-GV	SAMN52834521	Italy: Gravellona Toce	2023-11-29	2_FRACTIONS_X_2_STAGES_X_5_SITES	GV	EXTRACELLULAR_DNA	POST_TREATMENT	PRJNA1346432:GV	PRJNA1346432:GV:EXTRACELLULAR_DNA	PRJNA1346432:GV:POST_TREATMENT	PRIMARY_FACTORIAL_WITHIN_STUDY	YES	0	0
SRR35815529	PRJNA1346432	SRP635091	e_POST-CB	e-POST-CB	SAMN52834520	Italy: Cannobio	2023-12-13	2_FRACTIONS_X_2_STAGES_X_5_SITES	CB	EXTRACELLULAR_DNA	POST_TREATMENT	PRJNA1346432:CB	PRJNA1346432:CB:EXTRACELLULAR_DNA	PRJNA1346432:CB:POST_TREATMENT	PRIMARY_FACTORIAL_WITHIN_STUDY	YES	2	2
