GENE_CLEAN	BIOPROJECT	MATCHED_UNIT_ID	N_E	N_I	E_MEAN_FPM	I_MEAN_FPM	I_MINUS_E_FPM	I_DETECTED	E_DETECTED	DIRECTION
aadA13	PRJNA1066593	PRJNA1066593:CB	1	1	0.0000000000	0.0000000000	0.0000000000	0	0	EQUAL
aadA13	PRJNA1066593	PRJNA1066593:GV	1	1	0.0000000000	0.0000000000	0.0000000000	0	0	EQUAL
aadA13	PRJNA1066593	PRJNA1066593:VB	1	1	0.0000000000	0.0000000000	0.0000000000	0	0	EQUAL
aadA13	PRJNA1346432	PRJNA1346432:CB	2	2	0.0000000000	1.3983458423	1.3983458423	1	0	I_GREATER
aadA13	PRJNA1346432	PRJNA1346432:GV	2	2	0.0000000000	1.9380666011	1.9380666011	1	0	I_GREATER
aadA13	PRJNA1346432	PRJNA1346432:MZ	2	2	0.0000000000	2.9783614042	2.9783614042	1	0	I_GREATER
aadA13	PRJNA1346432	PRJNA1346432:NO	2	2	0.0000000000	0.8445896488	0.8445896488	1	0	I_GREATER
aadA13	PRJNA1346432	PRJNA1346432:VB	2	2	0.3091272219	2.2872811406	1.9781539187	1	1	I_GREATER
aadA13	PRJNA881852	PRJNA881852:CB:C	2	2	0.0000000000	0.0000000000	0.0000000000	0	0	EQUAL
aadA13	PRJNA881852	PRJNA881852:CB:D	2	2	0.0000000000	0.3074198310	0.3074198310	1	0	I_GREATER
aadA13	PRJNA881852	PRJNA881852:VB:A	2	2	0.0000000000	0.0000000000	0.0000000000	0	0	EQUAL
aadA13	PRJNA881852	PRJNA881852:VB:B	2	2	0.0000000000	0.0000000000	0.0000000000	0	0	EQUAL
aadA5	PRJNA1066593	PRJNA1066593:CB	1	1	0.0000000000	0.0000000000	0.0000000000	0	0	EQUAL
aadA5	PRJNA1066593	PRJNA1066593:GV	1	1	0.0000000000	0.0000000000	0.0000000000	0	0	EQUAL
aadA5	PRJNA1066593	PRJNA1066593:VB	1	1	0.0000000000	0.0000000000	0.0000000000	0	0	EQUAL
aadA5	PRJNA1346432	PRJNA1346432:CB	2	2	0.0000000000	0.8791994816	0.8791994816	1	0	I_GREATER
aadA5	PRJNA1346432	PRJNA1346432:GV	2	2	0.0000000000	1.4438596178	1.4438596178	1	0	I_GREATER
aadA5	PRJNA1346432	PRJNA1346432:MZ	2	2	0.0000000000	1.7784842837	1.7784842837	1	0	I_GREATER
aadA5	PRJNA1346432	PRJNA1346432:NO	2	2	0.0000000000	1.0472911645	1.0472911645	1	0	I_GREATER
aadA5	PRJNA1346432	PRJNA1346432:VB	2	2	0.0000000000	2.0302832597	2.0302832597	1	0	I_GREATER
aadA5	PRJNA881852	PRJNA881852:CB:C	2	2	0.0000000000	0.2013303230	0.2013303230	1	0	I_GREATER
aadA5	PRJNA881852	PRJNA881852:CB:D	2	2	0.0000000000	0.1649639056	0.1649639056	1	0	I_GREATER
aadA5	PRJNA881852	PRJNA881852:VB:A	2	2	0.0000000000	0.0000000000	0.0000000000	0	0	EQUAL
aadA5	PRJNA881852	PRJNA881852:VB:B	2	2	0.0000000000	0.0000000000	0.0000000000	0	0	EQUAL
aadA6	PRJNA1066593	PRJNA1066593:CB	1	1	0.0000000000	0.0000000000	0.0000000000	0	0	EQUAL
aadA6	PRJNA1066593	PRJNA1066593:GV	1	1	0.0000000000	0.0000000000	0.0000000000	0	0	EQUAL
aadA6	PRJNA1066593	PRJNA1066593:VB	1	1	0.0000000000	0.0000000000	0.0000000000	0	0	EQUAL
aadA6	PRJNA1346432	PRJNA1346432:CB	2	2	0.0000000000	3.8433577342	3.8433577342	1	0	I_GREATER
aadA6	PRJNA1346432	PRJNA1346432:GV	2	2	0.0000000000	3.6823265420	3.6823265420	1	0	I_GREATER
aadA6	PRJNA1346432	PRJNA1346432:MZ	2	2	0.0000000000	4.5550714472	4.5550714472	1	0	I_GREATER
aadA6	PRJNA1346432	PRJNA1346432:NO	2	2	0.0000000000	3.9752019470	3.9752019470	1	0	I_GREATER
aadA6	PRJNA1346432	PRJNA1346432:VB	2	2	2.8925475764	4.4460633408	1.5535157644	1	1	I_GREATER
aadA6	PRJNA881852	PRJNA881852:CB:C	2	2	0.0000000000	0.0000000000	0.0000000000	0	0	EQUAL
aadA6	PRJNA881852	PRJNA881852:CB:D	2	2	0.0000000000	0.0000000000	0.0000000000	0	0	EQUAL
aadA6	PRJNA881852	PRJNA881852:VB:A	2	2	0.0000000000	2.0095988762	2.0095988762	1	0	I_GREATER
aadA6	PRJNA881852	PRJNA881852:VB:B	2	2	0.0000000000	0.0000000000	0.0000000000	0	0	EQUAL
ant(3'')-Ia	PRJNA1066593	PRJNA1066593:CB	1	1	0.0000000000	0.0000000000	0.0000000000	0	0	EQUAL
ant(3'')-Ia	PRJNA1066593	PRJNA1066593:GV	1	1	0.0000000000	0.0000000000	0.0000000000	0	0	EQUAL
ant(3'')-Ia	PRJNA1066593	PRJNA1066593:VB	1	1	0.0000000000	0.0000000000	0.0000000000	0	0	EQUAL
ant(3'')-Ia	PRJNA1346432	PRJNA1346432:CB	2	2	0.0000000000	6.9079959274	6.9079959274	1	0	I_GREATER
ant(3'')-Ia	PRJNA1346432	PRJNA1346432:GV	2	2	0.0000000000	8.6307797301	8.6307797301	1	0	I_GREATER
ant(3'')-Ia	PRJNA1346432	PRJNA1346432:MZ	2	2	0.9421188764	9.2169089955	8.2747901192	1	1	I_GREATER
ant(3'')-Ia	PRJNA1346432	PRJNA1346432:NO	2	2	0.0000000000	5.4616797289	5.4616797289	1	0	I_GREATER
ant(3'')-Ia	PRJNA1346432	PRJNA1346432:VB	2	2	31.2549701861	22.0761179750	-9.1788522110	1	1	E_GREATER
ant(3'')-Ia	PRJNA881852	PRJNA881852:CB:C	2	2	0.0000000000	0.0000000000	0.0000000000	0	0	EQUAL
ant(3'')-Ia	PRJNA881852	PRJNA881852:CB:D	2	2	0.0000000000	0.0000000000	0.0000000000	0	0	EQUAL
ant(3'')-Ia	PRJNA881852	PRJNA881852:VB:A	2	2	0.0000000000	0.8190780406	0.8190780406	1	0	I_GREATER
ant(3'')-Ia	PRJNA881852	PRJNA881852:VB:B	2	2	0.0000000000	0.8194589772	0.8194589772	1	0	I_GREATER
aph(3'')-Ib	PRJNA1066593	PRJNA1066593:CB	1	1	0.0000000000	0.0000000000	0.0000000000	0	0	EQUAL
aph(3'')-Ib	PRJNA1066593	PRJNA1066593:GV	1	1	0.0000000000	0.6161872467	0.6161872467	1	0	I_GREATER
aph(3'')-Ib	PRJNA1066593	PRJNA1066593:VB	1	1	0.0000000000	0.5471050432	0.5471050432	1	0	I_GREATER
aph(3'')-Ib	PRJNA1346432	PRJNA1346432:CB	2	2	0.0000000000	3.5157703316	3.5157703316	1	0	I_GREATER
aph(3'')-Ib	PRJNA1346432	PRJNA1346432:GV	2	2	0.0000000000	5.7699160992	5.7699160992	1	0	I_GREATER
aph(3'')-Ib	PRJNA1346432	PRJNA1346432:MZ	2	2	0.4618229786	6.0642397407	5.6024167621	1	1	I_GREATER
aph(3'')-Ib	PRJNA1346432	PRJNA1346432:NO	2	2	0.0000000000	9.5811984109	9.5811984109	1	0	I_GREATER
aph(3'')-Ib	PRJNA1346432	PRJNA1346432:VB	2	2	7.0657650721	9.2090907346	2.1433256625	1	1	I_GREATER
aph(3'')-Ib	PRJNA881852	PRJNA881852:CB:C	2	2	0.0000000000	0.2013303230	0.2013303230	1	0	I_GREATER
aph(3'')-Ib	PRJNA881852	PRJNA881852:CB:D	2	2	0.0000000000	0.6619640298	0.6619640298	1	0	I_GREATER
aph(3'')-Ib	PRJNA881852	PRJNA881852:VB:A	2	2	0.1924064823	0.4316285120	0.2392220298	1	1	I_GREATER
aph(3'')-Ib	PRJNA881852	PRJNA881852:VB:B	2	2	0.0000000000	0.1210564398	0.1210564398	1	0	I_GREATER
aph(6)-Id	PRJNA1066593	PRJNA1066593:CB	1	1	0.0000000000	0.0000000000	0.0000000000	0	0	EQUAL
aph(6)-Id	PRJNA1066593	PRJNA1066593:GV	1	1	0.0000000000	0.7317223554	0.7317223554	1	0	I_GREATER
aph(6)-Id	PRJNA1066593	PRJNA1066593:VB	1	1	0.0000000000	0.7522694345	0.7522694345	1	0	I_GREATER
aph(6)-Id	PRJNA1346432	PRJNA1346432:CB	2	2	0.0000000000	3.3233070898	3.3233070898	1	0	I_GREATER
aph(6)-Id	PRJNA1346432	PRJNA1346432:GV	2	2	0.0000000000	5.2081053733	5.2081053733	1	0	I_GREATER
aph(6)-Id	PRJNA1346432	PRJNA1346432:MZ	2	2	0.4618229786	6.4804946730	6.0186716945	1	1	I_GREATER
aph(6)-Id	PRJNA1346432	PRJNA1346432:NO	2	2	0.0000000000	6.5172973064	6.5172973064	1	0	I_GREATER
aph(6)-Id	PRJNA1346432	PRJNA1346432:VB	2	2	6.4475106283	8.0035806266	1.5560699983	1	1	I_GREATER
aph(6)-Id	PRJNA881852	PRJNA881852:CB:C	2	2	0.0000000000	0.5004168937	0.5004168937	1	0	I_GREATER
aph(6)-Id	PRJNA881852	PRJNA881852:CB:D	2	2	0.0000000000	0.7881799609	0.7881799609	1	0	I_GREATER
aph(6)-Id	PRJNA881852	PRJNA881852:VB:A	2	2	0.2011522314	0.6108997468	0.4097475153	1	1	I_GREATER
aph(6)-Id	PRJNA881852	PRJNA881852:VB:B	2	2	0.0000000000	0.4247179466	0.4247179466	1	0	I_GREATER
blaBEL-1	PRJNA1066593	PRJNA1066593:CB	1	1	0.0000000000	0.0000000000	0.0000000000	0	0	EQUAL
blaBEL-1	PRJNA1066593	PRJNA1066593:GV	1	1	0.0000000000	0.0000000000	0.0000000000	0	0	EQUAL
blaBEL-1	PRJNA1066593	PRJNA1066593:VB	1	1	0.0000000000	0.0000000000	0.0000000000	0	0	EQUAL
blaBEL-1	PRJNA1346432	PRJNA1346432:CB	2	2	0.0000000000	1.5071991115	1.5071991115	1	0	I_GREATER
blaBEL-1	PRJNA1346432	PRJNA1346432:GV	2	2	0.0000000000	1.1628399606	1.1628399606	1	0	I_GREATER
blaBEL-1	PRJNA1346432	PRJNA1346432:MZ	2	2	0.0000000000	1.3487528424	1.3487528424	1	0	I_GREATER
blaBEL-1	PRJNA1346432	PRJNA1346432:NO	2	2	0.0000000000	1.2769839839	1.2769839839	1	0	I_GREATER
blaBEL-1	PRJNA1346432	PRJNA1346432:VB	2	2	0.6734557334	1.2078900405	0.5344343071	1	1	I_GREATER
blaBEL-1	PRJNA881852	PRJNA881852:CB:C	2	2	0.0000000000	0.0000000000	0.0000000000	0	0	EQUAL
blaBEL-1	PRJNA881852	PRJNA881852:CB:D	2	2	0.0000000000	0.3681629927	0.3681629927	1	0	I_GREATER
blaBEL-1	PRJNA881852	PRJNA881852:VB:A	2	2	0.0000000000	0.2995993160	0.2995993160	1	0	I_GREATER
blaBEL-1	PRJNA881852	PRJNA881852:VB:B	2	2	0.0000000000	0.1210564398	0.1210564398	1	0	I_GREATER
blaIMP-16	PRJNA1066593	PRJNA1066593:CB	1	1	0.0000000000	0.0000000000	0.0000000000	0	0	EQUAL
blaIMP-16	PRJNA1066593	PRJNA1066593:GV	1	1	0.0000000000	0.0000000000	0.0000000000	0	0	EQUAL
blaIMP-16	PRJNA1066593	PRJNA1066593:VB	1	1	0.0000000000	0.4445228476	0.4445228476	1	0	I_GREATER
blaIMP-16	PRJNA1346432	PRJNA1346432:CB	2	2	0.0000000000	0.1499800427	0.1499800427	1	0	I_GREATER
blaIMP-16	PRJNA1346432	PRJNA1346432:GV	2	2	0.0000000000	0.0953908205	0.0953908205	1	0	I_GREATER
blaIMP-16	PRJNA1346432	PRJNA1346432:MZ	2	2	0.0000000000	1.2010630690	1.2010630690	1	0	I_GREATER
blaIMP-16	PRJNA1346432	PRJNA1346432:NO	2	2	0.0000000000	0.2673339054	0.2673339054	1	0	I_GREATER
blaIMP-16	PRJNA1346432	PRJNA1346432:VB	2	2	0.0000000000	0.1582451941	0.1582451941	1	0	I_GREATER
blaIMP-16	PRJNA881852	PRJNA881852:CB:C	2	2	0.0000000000	0.3834228235	0.3834228235	1	0	I_GREATER
blaIMP-16	PRJNA881852	PRJNA881852:CB:D	2	2	0.0000000000	0.4943789240	0.4943789240	1	0	I_GREATER
blaIMP-16	PRJNA881852	PRJNA881852:VB:A	2	2	0.0000000000	0.0000000000	0.0000000000	0	0	EQUAL
blaIMP-16	PRJNA881852	PRJNA881852:VB:B	2	2	0.0000000000	0.0744962707	0.0744962707	1	0	I_GREATER
blaIMP-33	PRJNA1066593	PRJNA1066593:CB	1	1	0.0000000000	0.0000000000	0.0000000000	0	0	EQUAL
blaIMP-33	PRJNA1066593	PRJNA1066593:GV	1	1	0.0000000000	0.0000000000	0.0000000000	0	0	EQUAL
blaIMP-33	PRJNA1066593	PRJNA1066593:VB	1	1	0.0000000000	0.3761347172	0.3761347172	1	0	I_GREATER
blaIMP-33	PRJNA1346432	PRJNA1346432:CB	2	2	0.0000000000	0.0000000000	0.0000000000	0	0	EQUAL
blaIMP-33	PRJNA1346432	PRJNA1346432:GV	2	2	0.0000000000	0.0794923504	0.0794923504	1	0	I_GREATER
blaIMP-33	PRJNA1346432	PRJNA1346432:MZ	2	2	0.0000000000	0.5237718647	0.5237718647	1	0	I_GREATER
blaIMP-33	PRJNA1346432	PRJNA1346432:NO	2	2	0.0000000000	0.2005004290	0.2005004290	1	0	I_GREATER
blaIMP-33	PRJNA1346432	PRJNA1346432:VB	2	2	0.0000000000	0.0000000000	0.0000000000	0	0	EQUAL
blaIMP-33	PRJNA881852	PRJNA881852:CB:C	2	2	0.0000000000	0.0963444167	0.0963444167	1	0	I_GREATER
blaIMP-33	PRJNA881852	PRJNA881852:CB:D	2	2	0.0000000000	0.0000000000	0.0000000000	0	0	EQUAL
blaIMP-33	PRJNA881852	PRJNA881852:VB:A	2	2	0.0000000000	0.3403344283	0.3403344283	1	0	I_GREATER
blaIMP-33	PRJNA881852	PRJNA881852:VB:B	2	2	0.0000000000	0.9521262847	0.9521262847	1	0	I_GREATER
blaOXA-10	PRJNA1066593	PRJNA1066593:CB	1	1	0.0000000000	0.0000000000	0.0000000000	0	0	EQUAL
blaOXA-10	PRJNA1066593	PRJNA1066593:GV	1	1	0.0000000000	0.0000000000	0.0000000000	0	0	EQUAL
blaOXA-10	PRJNA1066593	PRJNA1066593:VB	1	1	0.0000000000	0.5471050432	0.5471050432	1	0	I_GREATER
blaOXA-10	PRJNA1346432	PRJNA1346432:CB	2	2	0.0000000000	3.3074647168	3.3074647168	1	0	I_GREATER
blaOXA-10	PRJNA1346432	PRJNA1346432:GV	2	2	0.0000000000	4.4813303979	4.4813303979	1	0	I_GREATER
blaOXA-10	PRJNA1346432	PRJNA1346432:MZ	2	2	0.5541875743	4.5804637748	4.0262762005	1	1	I_GREATER
blaOXA-10	PRJNA1346432	PRJNA1346432:NO	2	2	0.0000000000	1.3108898524	1.3108898524	1	0	I_GREATER
blaOXA-10	PRJNA1346432	PRJNA1346432:VB	2	2	11.1727410202	14.2890821818	3.1163411615	1	1	I_GREATER
blaOXA-10	PRJNA881852	PRJNA881852:CB:C	2	2	0.0000000000	0.0000000000	0.0000000000	0	0	EQUAL
blaOXA-10	PRJNA881852	PRJNA881852:CB:D	2	2	0.0000000000	0.3487890056	0.3487890056	1	0	I_GREATER
blaOXA-10	PRJNA881852	PRJNA881852:VB:A	2	2	0.2448809775	0.2172539326	-0.0276270449	1	1	E_GREATER
blaOXA-10	PRJNA881852	PRJNA881852:VB:B	2	2	0.0000000000	0.2452091110	0.2452091110	1	0	I_GREATER
blaOXA-101	PRJNA1066593	PRJNA1066593:CB	1	1	0.0000000000	0.0000000000	0.0000000000	0	0	EQUAL
blaOXA-101	PRJNA1066593	PRJNA1066593:GV	1	1	0.0000000000	0.0000000000	0.0000000000	0	0	EQUAL
blaOXA-101	PRJNA1066593	PRJNA1066593:VB	1	1	0.0000000000	0.0000000000	0.0000000000	0	0	EQUAL
blaOXA-101	PRJNA1346432	PRJNA1346432:CB	2	2	0.0000000000	2.0514654572	2.0514654572	1	0	I_GREATER
blaOXA-101	PRJNA1346432	PRJNA1346432:GV	2	2	0.0000000000	1.2090228613	1.2090228613	1	0	I_GREATER
blaOXA-101	PRJNA1346432	PRJNA1346432:MZ	2	2	0.0000000000	1.5999089047	1.5999089047	1	0	I_GREATER
blaOXA-101	PRJNA1346432	PRJNA1346432:NO	2	2	0.0000000000	0.5292761799	0.5292761799	1	0	I_GREATER
blaOXA-101	PRJNA1346432	PRJNA1346432:VB	2	2	0.6403349596	1.6447864382	1.0044514786	1	1	I_GREATER
blaOXA-101	PRJNA881852	PRJNA881852:CB:C	2	2	0.0000000000	0.0000000000	0.0000000000	0	0	EQUAL
blaOXA-101	PRJNA881852	PRJNA881852:CB:D	2	2	0.0000000000	0.1869590930	0.1869590930	1	0	I_GREATER
blaOXA-101	PRJNA881852	PRJNA881852:VB:A	2	2	0.0000000000	0.1357837078	0.1357837078	1	0	I_GREATER
blaOXA-101	PRJNA881852	PRJNA881852:VB:B	2	2	0.0000000000	0.0000000000	0.0000000000	0	0	EQUAL
blaOXA-119	PRJNA1066593	PRJNA1066593:CB	1	1	0.0000000000	0.0000000000	0.0000000000	0	0	EQUAL
blaOXA-119	PRJNA1066593	PRJNA1066593:GV	1	1	0.0000000000	0.0000000000	0.0000000000	0	0	EQUAL
blaOXA-119	PRJNA1066593	PRJNA1066593:VB	1	1	0.0000000000	0.0000000000	0.0000000000	0	0	EQUAL
blaOXA-119	PRJNA1346432	PRJNA1346432:CB	2	2	0.0000000000	2.7297050574	2.7297050574	1	0	I_GREATER
blaOXA-119	PRJNA1346432	PRJNA1346432:GV	2	2	0.0000000000	1.7927116059	1.7927116059	1	0	I_GREATER
blaOXA-119	PRJNA1346432	PRJNA1346432:MZ	2	2	0.0000000000	0.8713787012	0.8713787012	1	0	I_GREATER
blaOXA-119	PRJNA1346432	PRJNA1346432:NO	2	2	0.0000000000	1.9581028766	1.9581028766	1	0	I_GREATER
blaOXA-119	PRJNA1346432	PRJNA1346432:VB	2	2	0.0000000000	1.8075517628	1.8075517628	1	0	I_GREATER
blaOXA-119	PRJNA881852	PRJNA881852:CB:C	2	2	0.0000000000	0.0000000000	0.0000000000	0	0	EQUAL
blaOXA-119	PRJNA881852	PRJNA881852:CB:D	2	2	0.0000000000	0.1209735308	0.1209735308	1	0	I_GREATER
blaOXA-119	PRJNA881852	PRJNA881852:VB:A	2	2	0.0000000000	0.0000000000	0.0000000000	0	0	EQUAL
blaOXA-119	PRJNA881852	PRJNA881852:VB:B	2	2	0.0000000000	0.0000000000	0.0000000000	0	0	EQUAL
blaOXA-20	PRJNA1066593	PRJNA1066593:CB	1	1	0.0000000000	0.0000000000	0.0000000000	0	0	EQUAL
blaOXA-20	PRJNA1066593	PRJNA1066593:GV	1	1	0.0000000000	0.0000000000	0.0000000000	0	0	EQUAL
blaOXA-20	PRJNA1066593	PRJNA1066593:VB	1	1	0.0000000000	0.0000000000	0.0000000000	0	0	EQUAL
blaOXA-20	PRJNA1346432	PRJNA1346432:CB	2	2	0.0000000000	2.8804249685	2.8804249685	1	0	I_GREATER
blaOXA-20	PRJNA1346432	PRJNA1346432:GV	2	2	0.0000000000	1.1237795506	1.1237795506	1	0	I_GREATER
blaOXA-20	PRJNA1346432	PRJNA1346432:MZ	2	2	0.0000000000	1.0727974268	1.0727974268	1	0	I_GREATER
blaOXA-20	PRJNA1346432	PRJNA1346432:NO	2	2	0.0000000000	1.0854213809	1.0854213809	1	0	I_GREATER
blaOXA-20	PRJNA1346432	PRJNA1346432:VB	2	2	0.0000000000	0.7538604508	0.7538604508	1	0	I_GREATER
blaOXA-20	PRJNA881852	PRJNA881852:CB:C	2	2	0.0000000000	0.5864907848	0.5864907848	1	0	I_GREATER
blaOXA-20	PRJNA881852	PRJNA881852:CB:D	2	2	0.0000000000	0.7026779042	0.7026779042	1	0	I_GREATER
blaOXA-20	PRJNA881852	PRJNA881852:VB:A	2	2	0.0000000000	0.0000000000	0.0000000000	0	0	EQUAL
blaOXA-20	PRJNA881852	PRJNA881852:VB:B	2	2	0.0000000000	0.0000000000	0.0000000000	0	0	EQUAL
blaOXA-205	PRJNA1066593	PRJNA1066593:CB	1	1	0.0000000000	0.0000000000	0.0000000000	0	0	EQUAL
blaOXA-205	PRJNA1066593	PRJNA1066593:GV	1	1	0.0000000000	0.0000000000	0.0000000000	0	0	EQUAL
blaOXA-205	PRJNA1066593	PRJNA1066593:VB	1	1	0.0000000000	0.0000000000	0.0000000000	0	0	EQUAL
blaOXA-205	PRJNA1346432	PRJNA1346432:CB	2	2	0.0000000000	1.8331834656	1.8331834656	1	0	I_GREATER
blaOXA-205	PRJNA1346432	PRJNA1346432:GV	2	2	0.0000000000	2.2108550648	2.2108550648	1	0	I_GREATER
blaOXA-205	PRJNA1346432	PRJNA1346432:MZ	2	2	0.0000000000	1.0027464975	1.0027464975	1	0	I_GREATER
blaOXA-205	PRJNA1346432	PRJNA1346432:NO	2	2	0.0000000000	0.7545000862	0.7545000862	1	0	I_GREATER
blaOXA-205	PRJNA1346432	PRJNA1346432:VB	2	2	0.0000000000	0.9508921596	0.9508921596	1	0	I_GREATER
blaOXA-205	PRJNA881852	PRJNA881852:CB:C	2	2	0.0000000000	0.2119266557	0.2119266557	1	0	I_GREATER
blaOXA-205	PRJNA881852	PRJNA881852:CB:D	2	2	0.0000000000	0.6031867681	0.6031867681	1	0	I_GREATER
blaOXA-205	PRJNA881852	PRJNA881852:VB:A	2	2	0.0000000000	0.4293136767	0.4293136767	1	0	I_GREATER
blaOXA-205	PRJNA881852	PRJNA881852:VB:B	2	2	0.0000000000	0.3859216957	0.3859216957	1	0	I_GREATER
blaOXA-4	PRJNA1066593	PRJNA1066593:CB	1	1	0.0000000000	0.0000000000	0.0000000000	0	0	EQUAL
blaOXA-4	PRJNA1066593	PRJNA1066593:GV	1	1	0.0000000000	0.0000000000	0.0000000000	0	0	EQUAL
blaOXA-4	PRJNA1066593	PRJNA1066593:VB	1	1	0.0000000000	0.6154931737	0.6154931737	1	0	I_GREATER
blaOXA-4	PRJNA1346432	PRJNA1346432:CB	2	2	0.0000000000	2.5525909431	2.5525909431	1	0	I_GREATER
blaOXA-4	PRJNA1346432	PRJNA1346432:GV	2	2	0.0000000000	2.4297057419	2.4297057419	1	0	I_GREATER
blaOXA-4	PRJNA1346432	PRJNA1346432:MZ	2	2	0.0000000000	2.8107135533	2.8107135533	1	0	I_GREATER
blaOXA-4	PRJNA1346432	PRJNA1346432:NO	2	2	0.0000000000	1.3814585462	1.3814585462	1	0	I_GREATER
blaOXA-4	PRJNA1346432	PRJNA1346432:VB	2	2	0.1766441268	6.6338783950	6.4572342682	1	1	I_GREATER
blaOXA-4	PRJNA881852	PRJNA881852:CB:C	2	2	0.0000000000	0.8319440772	0.8319440772	1	0	I_GREATER
blaOXA-4	PRJNA881852	PRJNA881852:CB:D	2	2	0.0000000000	0.8211727420	0.8211727420	1	0	I_GREATER
blaOXA-4	PRJNA881852	PRJNA881852:VB:A	2	2	0.3760672153	0.7799095433	0.4038423280	1	1	I_GREATER
blaOXA-4	PRJNA881852	PRJNA881852:VB:B	2	2	0.0000000000	0.9738465837	0.9738465837	1	0	I_GREATER
blaOXA-58	PRJNA1066593	PRJNA1066593:CB	1	1	0.0000000000	0.0000000000	0.0000000000	0	0	EQUAL
blaOXA-58	PRJNA1066593	PRJNA1066593:GV	1	1	0.0000000000	0.8472574642	0.8472574642	1	0	I_GREATER
blaOXA-58	PRJNA1066593	PRJNA1066593:VB	1	1	0.0000000000	0.0000000000	0.0000000000	0	0	EQUAL
blaOXA-58	PRJNA1346432	PRJNA1346432:CB	2	2	0.0000000000	2.5371185042	2.5371185042	1	0	I_GREATER
blaOXA-58	PRJNA1346432	PRJNA1346432:GV	2	2	0.0000000000	3.7404685400	3.7404685400	1	0	I_GREATER
blaOXA-58	PRJNA1346432	PRJNA1346432:MZ	2	2	0.0000000000	7.3656065691	7.3656065691	1	0	I_GREATER
blaOXA-58	PRJNA1346432	PRJNA1346432:NO	2	2	0.0000000000	6.8580679483	6.8580679483	1	0	I_GREATER
blaOXA-58	PRJNA1346432	PRJNA1346432:VB	2	2	2.6938229337	2.5699788096	-0.1238441241	1	1	E_GREATER
blaOXA-58	PRJNA881852	PRJNA881852:CB:C	2	2	0.0000000000	0.0000000000	0.0000000000	0	0	EQUAL
blaOXA-58	PRJNA881852	PRJNA881852:CB:D	2	2	0.0000000000	0.0000000000	0.0000000000	0	0	EQUAL
blaOXA-58	PRJNA881852	PRJNA881852:VB:A	2	2	0.0000000000	0.0000000000	0.0000000000	0	0	EQUAL
blaOXA-58	PRJNA881852	PRJNA881852:VB:B	2	2	0.0000000000	0.0000000000	0.0000000000	0	0	EQUAL
cfxA3	PRJNA1066593	PRJNA1066593:CB	1	1	0.0000000000	0.0000000000	0.0000000000	0	0	EQUAL
cfxA3	PRJNA1066593	PRJNA1066593:GV	1	1	0.0000000000	0.0000000000	0.0000000000	0	0	EQUAL
cfxA3	PRJNA1066593	PRJNA1066593:VB	1	1	0.0000000000	0.7522694345	0.7522694345	1	0	I_GREATER
cfxA3	PRJNA1346432	PRJNA1346432:CB	2	2	0.0000000000	0.0000000000	0.0000000000	0	0	EQUAL
cfxA3	PRJNA1346432	PRJNA1346432:GV	2	2	0.0000000000	0.1907816409	0.1907816409	1	0	I_GREATER
cfxA3	PRJNA1346432	PRJNA1346432:MZ	2	2	1.7179814804	6.7731083540	5.0551268736	1	1	I_GREATER
cfxA3	PRJNA1346432	PRJNA1346432:NO	2	2	0.0000000000	6.4414037215	6.4414037215	1	0	I_GREATER
cfxA3	PRJNA1346432	PRJNA1346432:VB	2	2	0.0000000000	4.0091669431	4.0091669431	1	0	I_GREATER
cfxA3	PRJNA881852	PRJNA881852:CB:C	2	2	0.0000000000	0.2033937685	0.2033937685	1	0	I_GREATER
cfxA3	PRJNA881852	PRJNA881852:CB:D	2	2	0.0000000000	0.0000000000	0.0000000000	0	0	EQUAL
cfxA3	PRJNA881852	PRJNA881852:VB:A	2	2	0.0000000000	0.0000000000	0.0000000000	0	0	EQUAL
cfxA3	PRJNA881852	PRJNA881852:VB:B	2	2	0.0000000000	0.0000000000	0.0000000000	0	0	EQUAL
cfxA6	PRJNA1066593	PRJNA1066593:CB	1	1	0.0000000000	0.0000000000	0.0000000000	0	0	EQUAL
cfxA6	PRJNA1066593	PRJNA1066593:GV	1	1	0.0000000000	0.0000000000	0.0000000000	0	0	EQUAL
cfxA6	PRJNA1066593	PRJNA1066593:VB	1	1	0.0000000000	0.0000000000	0.0000000000	0	0	EQUAL
cfxA6	PRJNA1346432	PRJNA1346432:CB	2	2	0.0000000000	3.6675178379	3.6675178379	1	0	I_GREATER
cfxA6	PRJNA1346432	PRJNA1346432:GV	2	2	0.0000000000	3.7210878740	3.7210878740	1	0	I_GREATER
cfxA6	PRJNA1346432	PRJNA1346432:MZ	2	2	1.4963064506	6.4144353592	4.9181289086	1	1	I_GREATER
cfxA6	PRJNA1346432	PRJNA1346432:NO	2	2	0.0000000000	8.5624882238	8.5624882238	1	0	I_GREATER
cfxA6	PRJNA1346432	PRJNA1346432:VB	2	2	0.0000000000	3.1953403200	3.1953403200	1	0	I_GREATER
cfxA6	PRJNA881852	PRJNA881852:CB:C	2	2	0.0000000000	0.1605740277	0.1605740277	1	0	I_GREATER
cfxA6	PRJNA881852	PRJNA881852:CB:D	2	2	0.0000000000	0.1747934064	0.1747934064	1	0	I_GREATER
cfxA6	PRJNA881852	PRJNA881852:VB:A	2	2	0.0000000000	0.2579890449	0.2579890449	1	0	I_GREATER
cfxA6	PRJNA881852	PRJNA881852:VB:B	2	2	0.0000000000	0.0000000000	0.0000000000	0	0	EQUAL
erm(B)	PRJNA1066593	PRJNA1066593:CB	1	1	0.0000000000	0.0000000000	0.0000000000	0	0	EQUAL
erm(B)	PRJNA1066593	PRJNA1066593:GV	1	1	0.0000000000	0.0000000000	0.0000000000	0	0	EQUAL
erm(B)	PRJNA1066593	PRJNA1066593:VB	1	1	0.0000000000	0.4103287824	0.4103287824	1	0	I_GREATER
erm(B)	PRJNA1346432	PRJNA1346432:CB	2	2	0.0000000000	4.8221739767	4.8221739767	1	0	I_GREATER
erm(B)	PRJNA1346432	PRJNA1346432:GV	2	2	0.0000000000	15.4962844953	15.4962844953	1	0	I_GREATER
erm(B)	PRJNA1346432	PRJNA1346432:MZ	2	2	0.3509854638	13.4720355329	13.1210500692	1	1	I_GREATER
erm(B)	PRJNA1346432	PRJNA1346432:NO	2	2	0.0000000000	13.2110385205	13.2110385205	1	0	I_GREATER
erm(B)	PRJNA1346432	PRJNA1346432:VB	2	2	0.2318454165	112.3484490532	112.1166036368	1	1	I_GREATER
erm(B)	PRJNA881852	PRJNA881852:CB:C	2	2	0.0000000000	0.0000000000	0.0000000000	0	0	EQUAL
erm(B)	PRJNA881852	PRJNA881852:CB:D	2	2	0.0000000000	0.4523544493	0.4523544493	1	0	I_GREATER
erm(B)	PRJNA881852	PRJNA881852:VB:A	2	2	0.0000000000	0.2958448042	0.2958448042	1	0	I_GREATER
erm(B)	PRJNA881852	PRJNA881852:VB:B	2	2	0.0000000000	0.1117444060	0.1117444060	1	0	I_GREATER
erm(F)	PRJNA1066593	PRJNA1066593:CB	1	1	0.0000000000	0.2596938072	0.2596938072	1	0	I_GREATER
erm(F)	PRJNA1066593	PRJNA1066593:GV	1	1	0.0000000000	0.0000000000	0.0000000000	0	0	EQUAL
erm(F)	PRJNA1066593	PRJNA1066593:VB	1	1	0.0000000000	0.4787169128	0.4787169128	1	0	I_GREATER
erm(F)	PRJNA1346432	PRJNA1346432:CB	2	2	0.3940336258	7.0722975024	6.6782638766	1	1	I_GREATER
erm(F)	PRJNA1346432	PRJNA1346432:GV	2	2	0.5781394961	7.7203989744	7.1422594783	1	1	I_GREATER
erm(F)	PRJNA1346432	PRJNA1346432:MZ	2	2	2.4568982462	12.5662339549	10.1093357087	1	1	I_GREATER
erm(F)	PRJNA1346432	PRJNA1346432:NO	2	2	0.9366847007	11.9052289942	10.9685442934	1	1	I_GREATER
erm(F)	PRJNA1346432	PRJNA1346432:VB	2	2	0.1435233530	5.5147476466	5.3712242936	1	1	I_GREATER
erm(F)	PRJNA881852	PRJNA881852:CB:C	2	2	0.0000000000	0.4045068867	0.4045068867	1	0	I_GREATER
erm(F)	PRJNA881852	PRJNA881852:CB:D	2	2	0.0000000000	0.6381454494	0.6381454494	1	0	I_GREATER
erm(F)	PRJNA881852	PRJNA881852:VB:A	2	2	0.0000000000	0.7040710864	0.7040710864	1	0	I_GREATER
erm(F)	PRJNA881852	PRJNA881852:VB:B	2	2	0.0000000000	0.1148406373	0.1148406373	1	0	I_GREATER
mef(C)	PRJNA1066593	PRJNA1066593:CB	1	1	0.0000000000	0.0000000000	0.0000000000	0	0	EQUAL
mef(C)	PRJNA1066593	PRJNA1066593:GV	1	1	0.0000000000	0.0000000000	0.0000000000	0	0	EQUAL
mef(C)	PRJNA1066593	PRJNA1066593:VB	1	1	0.0000000000	0.0000000000	0.0000000000	0	0	EQUAL
mef(C)	PRJNA1346432	PRJNA1346432:CB	2	2	0.3940336258	3.6412058423	3.2471722165	1	1	I_GREATER
mef(C)	PRJNA1346432	PRJNA1346432:GV	2	2	0.8449731097	8.7019190387	7.8569459290	1	1	I_GREATER
mef(C)	PRJNA1346432	PRJNA1346432:MZ	2	2	0.9236459572	6.2848657126	5.3612197554	1	1	I_GREATER
mef(C)	PRJNA1346432	PRJNA1346432:NO	2	2	1.0012836457	4.0400789019	3.0387952562	1	1	I_GREATER
mef(C)	PRJNA1346432	PRJNA1346432:VB	2	2	0.4084895432	2.6385115780	2.2300220347	1	1	I_GREATER
mef(C)	PRJNA881852	PRJNA881852:CB:C	2	2	0.0000000000	0.1712789629	0.1712789629	1	0	I_GREATER
mef(C)	PRJNA881852	PRJNA881852:CB:D	2	2	0.0000000000	0.6762381237	0.6762381237	1	0	I_GREATER
mef(C)	PRJNA881852	PRJNA881852:VB:A	2	2	0.0000000000	0.0000000000	0.0000000000	0	0	EQUAL
mef(C)	PRJNA881852	PRJNA881852:VB:B	2	2	0.0000000000	0.6011305509	0.6011305509	1	0	I_GREATER
mph(A)	PRJNA1066593	PRJNA1066593:CB	1	1	0.0000000000	0.0000000000	0.0000000000	0	0	EQUAL
mph(A)	PRJNA1066593	PRJNA1066593:GV	1	1	0.0000000000	0.0000000000	0.0000000000	0	0	EQUAL
mph(A)	PRJNA1066593	PRJNA1066593:VB	1	1	0.0000000000	0.0000000000	0.0000000000	0	0	EQUAL
mph(A)	PRJNA1346432	PRJNA1346432:CB	2	2	0.0000000000	1.3564792003	1.3564792003	1	0	I_GREATER
mph(A)	PRJNA1346432	PRJNA1346432:GV	2	2	0.0000000000	2.3705789007	2.3705789007	1	0	I_GREATER
mph(A)	PRJNA1346432	PRJNA1346432:MZ	2	2	0.8497542806	2.0795355398	1.2297812592	1	1	I_GREATER
mph(A)	PRJNA1346432	PRJNA1346432:NO	2	2	0.0000000000	0.5844816132	0.5844816132	1	0	I_GREATER
mph(A)	PRJNA1346432	PRJNA1346432:VB	2	2	12.1442837176	8.7893275291	-3.3549561886	1	1	E_GREATER
mph(A)	PRJNA881852	PRJNA881852:CB:C	2	2	0.0000000000	0.3518510299	0.3518510299	1	0	I_GREATER
mph(A)	PRJNA881852	PRJNA881852:CB:D	2	2	0.0000000000	0.1165289376	0.1165289376	1	0	I_GREATER
mph(A)	PRJNA881852	PRJNA881852:VB:A	2	2	0.0000000000	0.0000000000	0.0000000000	0	0	EQUAL
mph(A)	PRJNA881852	PRJNA881852:VB:B	2	2	0.0000000000	0.0000000000	0.0000000000	0	0	EQUAL
mph(E)	PRJNA1066593	PRJNA1066593:CB	1	1	1.3769525679	2.2506796620	0.8737270941	1	1	I_GREATER
mph(E)	PRJNA1066593	PRJNA1066593:GV	1	1	0.4128699831	18.1005003710	17.6876303879	1	1	I_GREATER
mph(E)	PRJNA1066593	PRJNA1066593:VB	1	1	0.5344911838	1.3335685429	0.7990773591	1	1	I_GREATER
mph(E)	PRJNA1346432	PRJNA1346432:CB	2	2	0.0000000000	65.7285316214	65.7285316214	1	0	I_GREATER
mph(E)	PRJNA1346432	PRJNA1346432:GV	2	2	0.0000000000	81.4974587912	81.4974587912	1	0	I_GREATER
mph(E)	PRJNA1346432	PRJNA1346432:MZ	2	2	3.0849774971	108.1619446871	105.0769671901	1	1	I_GREATER
mph(E)	PRJNA1346432	PRJNA1346432:NO	2	2	1.3458113517	53.5170688446	52.1712574930	1	1	I_GREATER
mph(E)	PRJNA1346432	PRJNA1346432:VB	2	2	24.9951439426	50.6911683894	25.6960244468	1	1	I_GREATER
mph(E)	PRJNA881852	PRJNA881852:CB:C	2	2	0.0000000000	1.8937494038	1.8937494038	1	0	I_GREATER
mph(E)	PRJNA881852	PRJNA881852:CB:D	2	2	0.0000000000	2.2142203567	2.2142203567	1	0	I_GREATER
mph(E)	PRJNA881852	PRJNA881852:VB:A	2	2	1.1355953692	1.7049890741	0.5693937049	1	1	I_GREATER
mph(E)	PRJNA881852	PRJNA881852:VB:B	2	2	0.0000000000	1.0090305648	1.0090305648	1	0	I_GREATER
msr(E)	PRJNA1066593	PRJNA1066593:CB	1	1	1.8195444647	2.4670911679	0.6475467032	1	1	I_GREATER
msr(E)	PRJNA1066593	PRJNA1066593:GV	1	1	0.7043076183	31.9647134211	31.2604058028	1	1	I_GREATER
msr(E)	PRJNA1066593	PRJNA1066593:VB	1	1	0.0000000000	1.6755091949	1.6755091949	1	0	I_GREATER
msr(E)	PRJNA1346432	PRJNA1346432:CB	2	2	0.0000000000	90.7308380726	90.7308380726	1	0	I_GREATER
msr(E)	PRJNA1346432	PRJNA1346432:GV	2	2	0.0000000000	117.6838176842	117.6838176842	1	0	I_GREATER
msr(E)	PRJNA1346432	PRJNA1346432:MZ	2	2	4.0825151308	150.3596556030	146.2771404722	1	1	I_GREATER
msr(E)	PRJNA1346432	PRJNA1346432:NO	2	2	1.7980039658	76.3075270802	74.5095231144	1	1	I_GREATER
msr(E)	PRJNA1346432	PRJNA1346432:VB	2	2	36.8303004383	69.4142582958	32.5839578575	1	1	I_GREATER
msr(E)	PRJNA881852	PRJNA881852:CB:C	2	2	0.4660553367	2.7242816498	2.2582263131	1	1	I_GREATER
msr(E)	PRJNA881852	PRJNA881852:CB:D	2	2	0.3071929922	4.0110449455	3.7038519533	1	1	I_GREATER
msr(E)	PRJNA881852	PRJNA881852:VB:A	2	2	1.8689399080	2.6477121284	0.7787722203	1	1	I_GREATER
msr(E)	PRJNA881852	PRJNA881852:VB:B	2	2	0.0000000000	1.3525203998	1.3525203998	1	0	I_GREATER
qnrS2	PRJNA1066593	PRJNA1066593:CB	1	1	0.0000000000	0.2596938072	0.2596938072	1	0	I_GREATER
qnrS2	PRJNA1066593	PRJNA1066593:GV	1	1	0.0000000000	0.0000000000	0.0000000000	0	0	EQUAL
qnrS2	PRJNA1066593	PRJNA1066593:VB	1	1	0.0000000000	0.0000000000	0.0000000000	0	0	EQUAL
qnrS2	PRJNA1346432	PRJNA1346432:CB	2	2	0.0000000000	0.8540794965	0.8540794965	1	0	I_GREATER
qnrS2	PRJNA1346432	PRJNA1346432:GV	2	2	0.0000000000	1.4826209498	1.4826209498	1	0	I_GREATER
qnrS2	PRJNA1346432	PRJNA1346432:MZ	2	2	1.4408876932	3.3225695994	1.8816819062	1	1	I_GREATER
qnrS2	PRJNA1346432	PRJNA1346432:NO	2	2	0.0000000000	0.5337450929	0.5337450929	1	0	I_GREATER
qnrS2	PRJNA1346432	PRJNA1346432:VB	2	2	26.5297397942	14.0320843008	-12.4976554934	1	1	E_GREATER
qnrS2	PRJNA881852	PRJNA881852:CB:C	2	2	0.0000000000	0.1059633278	0.1059633278	1	0	I_GREATER
qnrS2	PRJNA881852	PRJNA881852:CB:D	2	2	0.0000000000	0.3409254049	0.3409254049	1	0	I_GREATER
qnrS2	PRJNA881852	PRJNA881852:VB:A	2	2	0.2011522314	0.5323088753	0.3311566438	1	1	I_GREATER
qnrS2	PRJNA881852	PRJNA881852:VB:B	2	2	0.0000000000	0.0465601691	0.0465601691	1	0	I_GREATER
sul1	PRJNA1066593	PRJNA1066593:CB	1	1	0.0000000000	0.4761053131	0.4761053131	1	0	I_GREATER
sul1	PRJNA1066593	PRJNA1066593:GV	1	1	0.0000000000	0.0000000000	0.0000000000	0	0	EQUAL
sul1	PRJNA1066593	PRJNA1066593:VB	1	1	0.5010854848	0.9916278909	0.4905424061	1	1	I_GREATER
sul1	PRJNA1346432	PRJNA1346432:CB	2	2	0.0000000000	6.6237430559	6.6237430559	1	0	I_GREATER
sul1	PRJNA1346432	PRJNA1346432:GV	2	2	0.0000000000	7.9605637536	7.9605637536	1	0	I_GREATER
sul1	PRJNA1346432	PRJNA1346432:MZ	2	2	1.7364543995	11.9636578719	10.2272034724	1	1	I_GREATER
sul1	PRJNA1346432	PRJNA1346432:NO	2	2	0.2260963071	6.0494186258	5.8233223187	1	1	I_GREATER
sul1	PRJNA1346432	PRJNA1346432:VB	2	2	49.8026035004	28.3557563812	-21.4468471191	1	1	E_GREATER
sul1	PRJNA881852	PRJNA881852:CB:C	2	2	0.8211451171	2.0560610699	1.2349159529	1	1	I_GREATER
sul1	PRJNA881852	PRJNA881852:CB:D	2	2	0.2047953281	0.9403228799	0.7355275518	1	1	I_GREATER
sul1	PRJNA881852	PRJNA881852:VB:A	2	2	1.3117014815	1.9475224924	0.6358210108	1	1	I_GREATER
sul1	PRJNA881852	PRJNA881852:VB:B	2	2	0.2438227364	1.3026059800	1.0587832436	1	1	I_GREATER
sul2	PRJNA1066593	PRJNA1066593:CB	1	1	0.0000000000	0.0000000000	0.0000000000	0	0	EQUAL
sul2	PRJNA1066593	PRJNA1066593:GV	1	1	0.0000000000	0.0000000000	0.0000000000	0	0	EQUAL
sul2	PRJNA1066593	PRJNA1066593:VB	1	1	0.0000000000	0.0000000000	0.0000000000	0	0	EQUAL
sul2	PRJNA1346432	PRJNA1346432:CB	2	2	0.0000000000	2.4333091553	2.4333091553	1	0	I_GREATER
sul2	PRJNA1346432	PRJNA1346432:GV	2	2	0.0000000000	2.1119649287	2.1119649287	1	0	I_GREATER
sul2	PRJNA1346432	PRJNA1346432:MZ	2	2	0.3509854638	3.2583084353	2.9073229716	1	1	I_GREATER
sul2	PRJNA1346432	PRJNA1346432:NO	2	2	0.0000000000	3.0332413230	3.0332413230	1	0	I_GREATER
sul2	PRJNA1346432	PRJNA1346432:VB	2	2	0.6734557334	3.4780379891	2.8045822557	1	1	I_GREATER
sul2	PRJNA881852	PRJNA881852:CB:C	2	2	0.1886414458	1.0975040113	0.9088625655	1	1	I_GREATER
sul2	PRJNA881852	PRJNA881852:CB:D	2	2	0.0000000000	0.3519229985	0.3519229985	1	0	I_GREATER
sul2	PRJNA881852	PRJNA881852:VB:A	2	2	0.0000000000	0.1638156081	0.1638156081	1	0	I_GREATER
sul2	PRJNA881852	PRJNA881852:VB:B	2	2	0.0000000000	0.0000000000	0.0000000000	0	0	EQUAL
tet(39)	PRJNA1066593	PRJNA1066593:CB	1	1	0.0000000000	0.5626699155	0.5626699155	1	0	I_GREATER
tet(39)	PRJNA1066593	PRJNA1066593:GV	1	1	0.0000000000	35.1611847632	35.1611847632	1	0	I_GREATER
tet(39)	PRJNA1066593	PRJNA1066593:VB	1	1	0.0000000000	0.0000000000	0.0000000000	0	0	EQUAL
tet(39)	PRJNA1346432	PRJNA1346432:CB	2	2	0.0000000000	27.4393971566	27.4393971566	1	0	I_GREATER
tet(39)	PRJNA1346432	PRJNA1346432:GV	2	2	0.0000000000	19.8862339350	19.8862339350	1	0	I_GREATER
tet(39)	PRJNA1346432	PRJNA1346432:MZ	2	2	1.1453209869	36.9006725571	35.7553515702	1	1	I_GREATER
tet(39)	PRJNA1346432	PRJNA1346432:NO	2	2	0.0000000000	26.9799897414	26.9799897414	1	0	I_GREATER
tet(39)	PRJNA1346432	PRJNA1346432:VB	2	2	2.9146280923	10.1942492784	7.2796211861	1	1	I_GREATER
tet(39)	PRJNA881852	PRJNA881852:CB:C	2	2	0.0000000000	0.3496789820	0.3496789820	1	0	I_GREATER
tet(39)	PRJNA881852	PRJNA881852:CB:D	2	2	0.0000000000	0.5498796852	0.5498796852	1	0	I_GREATER
tet(39)	PRJNA881852	PRJNA881852:VB:A	2	2	0.0000000000	0.6839857891	0.6839857891	1	0	I_GREATER
tet(39)	PRJNA881852	PRJNA881852:VB:B	2	2	0.0000000000	0.1722609560	0.1722609560	1	0	I_GREATER
tet(Q)	PRJNA1066593	PRJNA1066593:CB	1	1	0.0000000000	0.0000000000	0.0000000000	0	0	EQUAL
tet(Q)	PRJNA1066593	PRJNA1066593:GV	1	1	0.0000000000	0.0000000000	0.0000000000	0	0	EQUAL
tet(Q)	PRJNA1066593	PRJNA1066593:VB	1	1	0.0000000000	2.8723014770	2.8723014770	1	0	I_GREATER
tet(Q)	PRJNA1346432	PRJNA1346432:CB	2	2	0.0000000000	20.5732678711	20.5732678711	1	0	I_GREATER
tet(Q)	PRJNA1346432	PRJNA1346432:GV	2	2	0.0000000000	22.3846692420	22.3846692420	1	0	I_GREATER
tet(Q)	PRJNA1346432	PRJNA1346432:MZ	2	2	7.6847343638	34.6210442182	26.9363098544	1	1	I_GREATER
tet(Q)	PRJNA1346432	PRJNA1346432:NO	2	2	0.0000000000	36.1770846857	36.1770846857	1	0	I_GREATER
tet(Q)	PRJNA1346432	PRJNA1346432:VB	2	2	0.3643285116	15.2228411492	14.8585126377	1	1	I_GREATER
tet(Q)	PRJNA881852	PRJNA881852:CB:C	2	2	0.0000000000	1.5436360122	1.5436360122	1	0	I_GREATER
tet(Q)	PRJNA881852	PRJNA881852:CB:D	2	2	0.0000000000	1.3245833595	1.3245833595	1	0	I_GREATER
tet(Q)	PRJNA881852	PRJNA881852:VB:A	2	2	0.0000000000	2.6878827228	2.6878827228	1	0	I_GREATER
tet(Q)	PRJNA881852	PRJNA881852:VB:B	2	2	0.0000000000	0.8233059268	0.8233059268	1	0	I_GREATER
tet(X)	PRJNA1066593	PRJNA1066593:CB	1	1	0.0000000000	0.0000000000	0.0000000000	0	0	EQUAL
tet(X)	PRJNA1066593	PRJNA1066593:GV	1	1	0.0000000000	0.0000000000	0.0000000000	0	0	EQUAL
tet(X)	PRJNA1066593	PRJNA1066593:VB	1	1	0.0000000000	0.0000000000	0.0000000000	0	0	EQUAL
tet(X)	PRJNA1346432	PRJNA1346432:CB	2	2	0.2177554248	5.0826103369	4.8648549121	1	1	I_GREATER
tet(X)	PRJNA1346432	PRJNA1346432:GV	2	2	0.4447226893	6.3210516489	5.8763289596	1	1	I_GREATER
tet(X)	PRJNA1346432	PRJNA1346432:MZ	2	2	1.2746314210	7.0219323203	5.7473008993	1	1	I_GREATER
tet(X)	PRJNA1346432	PRJNA1346432:NO	2	2	0.0000000000	10.0094906808	10.0094906808	1	0	I_GREATER
tet(X)	PRJNA1346432	PRJNA1346432:VB	2	2	0.0000000000	3.7151270574	3.7151270574	1	0	I_GREATER
tet(X)	PRJNA881852	PRJNA881852:CB:C	2	2	0.0000000000	0.0000000000	0.0000000000	0	0	EQUAL
tet(X)	PRJNA881852	PRJNA881852:CB:D	2	2	0.0000000000	0.0000000000	0.0000000000	0	0	EQUAL
tet(X)	PRJNA881852	PRJNA881852:VB:A	2	2	0.0000000000	0.2808267568	0.2808267568	1	0	I_GREATER
tet(X)	PRJNA881852	PRJNA881852:VB:B	2	2	0.0000000000	0.0000000000	0.0000000000	0	0	EQUAL
