GENE_CLEAN	PRIMARY_CONSENSUS	PRIMARY_SUM_UNIT_SCORE	PRIMARY_I_UNITS	PRIMARY_E_UNITS	PRIMARY_P	PRIMARY_Q	STRICT_CONSENSUS	STRICT_SUM_UNIT_SCORE	STRICT_I_UNITS	STRICT_E_UNITS	STRICT_P	STRICT_Q	ROBUSTNESS_CLASS
ARR-3	LIMITED_OR_BALANCED	5	4	0	0.125	0.3184931506849315	LIMITED_OR_BALANCED	5	4	0	0.125	0.3704545454545455	NO_REPRODUCIBLE_DIRECTION
ARR-8	LIMITED_OR_BALANCED	4	4	0	0.125	0.3184931506849315	LIMITED_OR_BALANCED	4	4	0	0.125	0.3704545454545455	NO_REPRODUCIBLE_DIRECTION
CmlA7	LIMITED_OR_BALANCED	3	3	0	0.25	0.5406976744186046	LIMITED_OR_BALANCED	4	3	0	0.25	0.5506756756756757	NO_REPRODUCIBLE_DIRECTION
FloR	LIMITED_OR_BALANCED	2	2	0	0.5	0.9029126213592233	LIMITED_OR_BALANCED	1	1	0	1.0	1.0	NO_REPRODUCIBLE_DIRECTION
OqxA	LIMITED_OR_BALANCED	1	1	0	1.0	1.0	LIMITED_OR_BALANCED	1	1	0	1.0	1.0	NO_REPRODUCIBLE_DIRECTION
TOprJ3	LIMITED_OR_BALANCED	1	1	0	1.0	1.0	LIMITED_OR_BALANCED	1	1	0	1.0	1.0	NO_REPRODUCIBLE_DIRECTION
aac(3)-IIa	LIMITED_OR_BALANCED	4	4	0	0.125	0.3184931506849315	LIMITED_OR_BALANCED	3	3	0	0.25	0.5506756756756757	NO_REPRODUCIBLE_DIRECTION
aac(3)-IId	LIMITED_OR_BALANCED	0	0	0	1.0	1.0	LIMITED_OR_BALANCED	0	0	0	1.0	1.0	NO_REPRODUCIBLE_DIRECTION
aac(3)-Ia	LIMITED_OR_BALANCED	4	4	0	0.125	0.3184931506849315	LIMITED_OR_BALANCED	4	4	0	0.125	0.3704545454545455	NO_REPRODUCIBLE_DIRECTION
aac(6')-31	LIMITED_OR_BALANCED	2	2	0	0.5	0.9029126213592233	LIMITED_OR_BALANCED	2	2	0	0.5	0.8858695652173914	NO_REPRODUCIBLE_DIRECTION
aac(6')-IIa	LIMITED_OR_BALANCED	1	1	0	1.0	1.0	LIMITED_OR_BALANCED	1	1	0	1.0	1.0	NO_REPRODUCIBLE_DIRECTION
aac(6')-IIc	LIMITED_OR_BALANCED	0	0	0	1.0	1.0	LIMITED_OR_BALANCED	0	0	0	1.0	1.0	NO_REPRODUCIBLE_DIRECTION
aac(6')-Ib-cr	LIMITED_OR_BALANCED	1	1	0	1.0	1.0	LIMITED_OR_BALANCED	1	1	0	1.0	1.0	NO_REPRODUCIBLE_DIRECTION
aac(6')-Ii	LIMITED_OR_BALANCED	1	1	0	1.0	1.0	LIMITED_OR_BALANCED	1	1	0	1.0	1.0	NO_REPRODUCIBLE_DIRECTION
aac(6')-Im	LIMITED_OR_BALANCED	2	2	0	0.5	0.9029126213592233	LIMITED_OR_BALANCED	2	2	0	0.5	0.8858695652173914	NO_REPRODUCIBLE_DIRECTION
aac(6')-aph(2'')	LIMITED_OR_BALANCED	1	1	0	1.0	1.0	LIMITED_OR_BALANCED	1	1	0	1.0	1.0	NO_REPRODUCIBLE_DIRECTION
aadA1	LIMITED_OR_BALANCED	0	2	2	1.0	1.0	I_FAVOURING_2PLUS_NO_E	3	3	0	0.25	0.5506756756756757	I_FAVOURING_STRICT_ONLY
aadA10	I_FAVOURING_2PLUS_NO_E	4	4	0	0.125	0.3184931506849315	LIMITED_OR_BALANCED	3	3	0	0.25	0.5506756756756757	I_FAVOURING_PRIMARY_ONLY
aadA11	I_FAVOURING_2PLUS_NO_E	6	6	0	0.03125	0.2152777777777778	LIMITED_OR_BALANCED	3	3	0	0.25	0.5506756756756757	I_FAVOURING_PRIMARY_ONLY
aadA13	I_FAVOURING_2PLUS_NO_E	6	6	0	0.03125	0.2152777777777778	I_FAVOURING_2PLUS_NO_E	6	6	0	0.03125	0.2546875	I_FAVOURING_BOTH_THRESHOLDS
aadA16	LIMITED_OR_BALANCED	0	0	0	1.0	1.0	LIMITED_OR_BALANCED	0	0	0	1.0	1.0	NO_REPRODUCIBLE_DIRECTION
aadA17	LIMITED_OR_BALANCED	1	1	0	1.0	1.0	NA	NA	NA	NA	NA	NA	NO_REPRODUCIBLE_DIRECTION
aadA2	MIXED_DIRECTION	5	4	1	0.25	0.5406976744186046	LIMITED_OR_BALANCED	2	1	0	1.0	1.0	NO_REPRODUCIBLE_DIRECTION
aadA5	I_FAVOURING_2PLUS_NO_E	10	8	0	0.0078125	0.12109375	I_FAVOURING_2PLUS_NO_E	7	6	0	0.03125	0.2546875	I_FAVOURING_BOTH_THRESHOLDS
aadA6	I_FAVOURING_2PLUS_NO_E	7	5	0	0.0625	0.26420454545454547	I_FAVOURING_2PLUS_NO_E	6	5	0	0.0625	0.2546875	I_FAVOURING_BOTH_THRESHOLDS
aadA7	LIMITED_OR_BALANCED	3	3	0	0.25	0.5406976744186046	NA	NA	NA	NA	NA	NA	NO_REPRODUCIBLE_DIRECTION
aadA8b	LIMITED_OR_BALANCED	1	1	0	1.0	1.0	NA	NA	NA	NA	NA	NA	NO_REPRODUCIBLE_DIRECTION
aadD	LIMITED_OR_BALANCED	1	1	0	1.0	1.0	LIMITED_OR_BALANCED	1	1	0	1.0	1.0	NO_REPRODUCIBLE_DIRECTION
ampS	LIMITED_OR_BALANCED	-1	0	1	1.0	1.0	LIMITED_OR_BALANCED	0	1	1	1.0	1.0	NO_REPRODUCIBLE_DIRECTION
ant(2'')-Ia	LIMITED_OR_BALANCED	3	3	0	0.25	0.5406976744186046	LIMITED_OR_BALANCED	2	2	0	0.5	0.8858695652173914	NO_REPRODUCIBLE_DIRECTION
ant(3'')-Ia	I_FAVOURING_ALL_3	11	9	0	0.00390625	0.07265625	I_FAVOURING_ALL_3	10	8	0	0.0078125	0.14149305555555555	I_FAVOURING_BOTH_THRESHOLDS
ant(6)-Ia	LIMITED_OR_BALANCED	5	5	0	0.0625	0.26420454545454547	LIMITED_OR_BALANCED	4	4	0	0.125	0.3704545454545455	NO_REPRODUCIBLE_DIRECTION
aph(2'')-Ib	LIMITED_OR_BALANCED	2	2	0	0.5	0.9029126213592233	LIMITED_OR_BALANCED	2	2	0	0.5	0.8858695652173914	NO_REPRODUCIBLE_DIRECTION
aph(3'')-Ib	I_FAVOURING_ALL_3	15	10	0	0.001953125	0.060546875	I_FAVOURING_ALL_3	12	8	0	0.0078125	0.14149305555555555	I_FAVOURING_BOTH_THRESHOLDS
aph(3')-III	LIMITED_OR_BALANCED	6	5	0	0.0625	0.26420454545454547	LIMITED_OR_BALANCED	6	5	0	0.0625	0.2546875	NO_REPRODUCIBLE_DIRECTION
aph(3')-Ia	LIMITED_OR_BALANCED	4	4	0	0.125	0.3184931506849315	LIMITED_OR_BALANCED	2	2	0	0.5	0.8858695652173914	NO_REPRODUCIBLE_DIRECTION
aph(3')-VI	LIMITED_OR_BALANCED	2	2	0	0.5	0.9029126213592233	LIMITED_OR_BALANCED	2	2	0	0.5	0.8858695652173914	NO_REPRODUCIBLE_DIRECTION
aph(3')-VIa	LIMITED_OR_BALANCED	1	1	0	1.0	1.0	LIMITED_OR_BALANCED	1	1	0	1.0	1.0	NO_REPRODUCIBLE_DIRECTION
aph(3')-VIb	LIMITED_OR_BALANCED	1	1	0	1.0	1.0	LIMITED_OR_BALANCED	1	1	0	1.0	1.0	NO_REPRODUCIBLE_DIRECTION
aph(6)-Id	I_FAVOURING_ALL_3	13	9	0	0.00390625	0.07265625	I_FAVOURING_2PLUS_NO_E	10	7	0	0.015625	0.21223958333333334	I_FAVOURING_BOTH_THRESHOLDS
blaACI-1	LIMITED_OR_BALANCED	4	4	0	0.125	0.3184931506849315	LIMITED_OR_BALANCED	2	2	0	0.5	0.8858695652173914	NO_REPRODUCIBLE_DIRECTION
blaAER-1	LIMITED_OR_BALANCED	3	3	0	0.25	0.5406976744186046	LIMITED_OR_BALANCED	3	3	0	0.25	0.5506756756756757	NO_REPRODUCIBLE_DIRECTION
blaBEL-1	I_FAVOURING_2PLUS_NO_E	8	7	0	0.015625	0.1453125	I_FAVOURING_2PLUS_NO_E	6	5	0	0.0625	0.2546875	I_FAVOURING_BOTH_THRESHOLDS
blaCEPH-A3	LIMITED_OR_BALANCED	-2	0	2	0.5	0.9029126213592233	LIMITED_OR_BALANCED	-1	0	1	1.0	1.0	NO_REPRODUCIBLE_DIRECTION
blaCMY-48	LIMITED_OR_BALANCED	1	1	0	1.0	1.0	LIMITED_OR_BALANCED	1	1	0	1.0	1.0	NO_REPRODUCIBLE_DIRECTION
blaCMY-65	LIMITED_OR_BALANCED	1	1	0	1.0	1.0	LIMITED_OR_BALANCED	1	1	0	1.0	1.0	NO_REPRODUCIBLE_DIRECTION
blaCTX-M-3	LIMITED_OR_BALANCED	-1	0	1	1.0	1.0	LIMITED_OR_BALANCED	-1	0	1	1.0	1.0	NO_REPRODUCIBLE_DIRECTION
blaCTX-M-36	LIMITED_OR_BALANCED	1	1	0	1.0	1.0	LIMITED_OR_BALANCED	1	1	0	1.0	1.0	NO_REPRODUCIBLE_DIRECTION
blaFOX-2	LIMITED_OR_BALANCED	0	1	1	1.0	1.0	LIMITED_OR_BALANCED	0	1	1	1.0	1.0	NO_REPRODUCIBLE_DIRECTION
blaFOX-9	LIMITED_OR_BALANCED	1	1	0	1.0	1.0	NA	NA	NA	NA	NA	NA	NO_REPRODUCIBLE_DIRECTION
blaGES-1	LIMITED_OR_BALANCED	0	1	1	1.0	1.0	LIMITED_OR_BALANCED	0	1	1	1.0	1.0	NO_REPRODUCIBLE_DIRECTION
blaGES-20	LIMITED_OR_BALANCED	1	1	0	1.0	1.0	NA	NA	NA	NA	NA	NA	NO_REPRODUCIBLE_DIRECTION
blaGES-5	LIMITED_OR_BALANCED	5	5	0	0.0625	0.26420454545454547	LIMITED_OR_BALANCED	5	5	0	0.0625	0.2546875	NO_REPRODUCIBLE_DIRECTION
blaIMP-16	I_FAVOURING_ALL_3	8	7	0	0.015625	0.1453125	I_FAVOURING_2PLUS_NO_E	6	5	0	0.0625	0.2546875	I_FAVOURING_BOTH_THRESHOLDS
blaIMP-28	LIMITED_OR_BALANCED	1	1	0	1.0	1.0	NA	NA	NA	NA	NA	NA	NO_REPRODUCIBLE_DIRECTION
blaIMP-33	I_FAVOURING_2PLUS_NO_E	7	5	0	0.0625	0.26420454545454547	I_FAVOURING_2PLUS_NO_E	6	5	0	0.0625	0.2546875	I_FAVOURING_BOTH_THRESHOLDS
blaIMP-5	LIMITED_OR_BALANCED	0	0	0	1.0	1.0	LIMITED_OR_BALANCED	0	0	0	1.0	1.0	NO_REPRODUCIBLE_DIRECTION
blaIMP-54	LIMITED_OR_BALANCED	1	1	0	1.0	1.0	LIMITED_OR_BALANCED	1	1	0	1.0	1.0	NO_REPRODUCIBLE_DIRECTION
blaKLUC-2	LIMITED_OR_BALANCED	1	1	0	1.0	1.0	LIMITED_OR_BALANCED	1	1	0	1.0	1.0	NO_REPRODUCIBLE_DIRECTION
blaLCR-1	LIMITED_OR_BALANCED	1	1	0	1.0	1.0	LIMITED_OR_BALANCED	1	1	0	1.0	1.0	NO_REPRODUCIBLE_DIRECTION
blaMOX-6	LIMITED_OR_BALANCED	0	0	0	1.0	1.0	LIMITED_OR_BALANCED	0	0	0	1.0	1.0	NO_REPRODUCIBLE_DIRECTION
blaNPS	LIMITED_OR_BALANCED	1	1	0	1.0	1.0	NA	NA	NA	NA	NA	NA	NO_REPRODUCIBLE_DIRECTION
blaOXA-1	LIMITED_OR_BALANCED	-1	0	1	1.0	1.0	LIMITED_OR_BALANCED	-1	0	1	1.0	1.0	NO_REPRODUCIBLE_DIRECTION
blaOXA-10	I_FAVOURING_ALL_3	11	7	0	0.015625	0.1453125	I_FAVOURING_ALL_3	10	7	0	0.015625	0.21223958333333334	I_FAVOURING_BOTH_THRESHOLDS
blaOXA-101	I_FAVOURING_2PLUS_NO_E	5	5	0	0.0625	0.26420454545454547	I_FAVOURING_2PLUS_NO_E	5	5	0	0.0625	0.2546875	I_FAVOURING_BOTH_THRESHOLDS
blaOXA-119	I_FAVOURING_2PLUS_NO_E	6	5	0	0.0625	0.26420454545454547	I_FAVOURING_2PLUS_NO_E	4	3	0	0.25	0.5506756756756757	I_FAVOURING_BOTH_THRESHOLDS
blaOXA-129	LIMITED_OR_BALANCED	6	4	0	0.125	0.3184931506849315	LIMITED_OR_BALANCED	6	4	0	0.125	0.3704545454545455	NO_REPRODUCIBLE_DIRECTION
blaOXA-13	LIMITED_OR_BALANCED	-1	0	1	1.0	1.0	NA	NA	NA	NA	NA	NA	NO_REPRODUCIBLE_DIRECTION
blaOXA-2	I_FAVOURING_2PLUS_NO_E	7	5	0	0.0625	0.26420454545454547	LIMITED_OR_BALANCED	6	4	0	0.125	0.3704545454545455	I_FAVOURING_PRIMARY_ONLY
blaOXA-20	I_FAVOURING_2PLUS_NO_E	11	7	0	0.015625	0.1453125	I_FAVOURING_2PLUS_NO_E	7	6	0	0.03125	0.2546875	I_FAVOURING_BOTH_THRESHOLDS
blaOXA-205	I_FAVOURING_2PLUS_NO_E	12	8	0	0.0078125	0.12109375	I_FAVOURING_2PLUS_NO_E	10	8	0	0.0078125	0.14149305555555555	I_FAVOURING_BOTH_THRESHOLDS
blaOXA-21	LIMITED_OR_BALANCED	0	0	0	1.0	1.0	NA	NA	NA	NA	NA	NA	NO_REPRODUCIBLE_DIRECTION
blaOXA-211	LIMITED_OR_BALANCED	3	3	0	0.25	0.5406976744186046	LIMITED_OR_BALANCED	2	2	0	0.5	0.8858695652173914	NO_REPRODUCIBLE_DIRECTION
blaOXA-212	LIMITED_OR_BALANCED	2	2	0	0.5	0.9029126213592233	NA	NA	NA	NA	NA	NA	NO_REPRODUCIBLE_DIRECTION
blaOXA-256	LIMITED_OR_BALANCED	2	1	0	1.0	1.0	LIMITED_OR_BALANCED	1	1	0	1.0	1.0	NO_REPRODUCIBLE_DIRECTION
blaOXA-280	LIMITED_OR_BALANCED	2	2	0	0.5	0.9029126213592233	NA	NA	NA	NA	NA	NA	NO_REPRODUCIBLE_DIRECTION
blaOXA-281	LIMITED_OR_BALANCED	-1	0	1	1.0	1.0	NA	NA	NA	NA	NA	NA	NO_REPRODUCIBLE_DIRECTION
blaOXA-296	LIMITED_OR_BALANCED	5	4	0	0.125	0.3184931506849315	LIMITED_OR_BALANCED	4	4	1	0.3125	0.6791666666666667	NO_REPRODUCIBLE_DIRECTION
blaOXA-299	LIMITED_OR_BALANCED	1	1	0	1.0	1.0	LIMITED_OR_BALANCED	1	1	0	1.0	1.0	NO_REPRODUCIBLE_DIRECTION
blaOXA-333	LIMITED_OR_BALANCED	3	3	0	0.25	0.5406976744186046	LIMITED_OR_BALANCED	2	3	1	0.625	1.0	NO_REPRODUCIBLE_DIRECTION
blaOXA-347	LIMITED_OR_BALANCED	3	3	0	0.25	0.5406976744186046	LIMITED_OR_BALANCED	3	3	0	0.25	0.5506756756756757	NO_REPRODUCIBLE_DIRECTION
blaOXA-373	LIMITED_OR_BALANCED	4	4	0	0.125	0.3184931506849315	LIMITED_OR_BALANCED	1	1	0	1.0	1.0	NO_REPRODUCIBLE_DIRECTION
blaOXA-392	LIMITED_OR_BALANCED	1	1	0	1.0	1.0	NA	NA	NA	NA	NA	NA	NO_REPRODUCIBLE_DIRECTION
blaOXA-4	I_FAVOURING_ALL_3	18	10	0	0.001953125	0.060546875	I_FAVOURING_ALL_3	18	10	0	0.001953125	0.10611979166666667	I_FAVOURING_BOTH_THRESHOLDS
blaOXA-427	LIMITED_OR_BALANCED	4	4	0	0.125	0.3184931506849315	LIMITED_OR_BALANCED	4	4	0	0.125	0.3704545454545455	NO_REPRODUCIBLE_DIRECTION
blaOXA-46	I_FAVOURING_2PLUS_NO_E	2	2	0	0.5	0.9029126213592233	LIMITED_OR_BALANCED	1	1	0	1.0	1.0	I_FAVOURING_PRIMARY_ONLY
blaOXA-464	LIMITED_OR_BALANCED	0	0	0	1.0	1.0	LIMITED_OR_BALANCED	-1	0	1	1.0	1.0	NO_REPRODUCIBLE_DIRECTION
blaOXA-5	LIMITED_OR_BALANCED	1	1	0	1.0	1.0	LIMITED_OR_BALANCED	1	1	0	1.0	1.0	NO_REPRODUCIBLE_DIRECTION
blaOXA-58	I_FAVOURING_2PLUS_NO_E	3	4	1	0.375	0.8017241379310345	I_FAVOURING_2PLUS_NO_E	3	4	1	0.375	0.8042763157894737	I_FAVOURING_BOTH_THRESHOLDS
blaOXA-72	LIMITED_OR_BALANCED	1	1	0	1.0	1.0	LIMITED_OR_BALANCED	1	1	0	1.0	1.0	NO_REPRODUCIBLE_DIRECTION
blaOXA-9	LIMITED_OR_BALANCED	4	4	0	0.125	0.3184931506849315	LIMITED_OR_BALANCED	3	3	0	0.25	0.5506756756756757	NO_REPRODUCIBLE_DIRECTION
blaPAU-1	LIMITED_OR_BALANCED	3	3	0	0.25	0.5406976744186046	LIMITED_OR_BALANCED	2	2	0	0.5	0.8858695652173914	NO_REPRODUCIBLE_DIRECTION
blaPER-4	LIMITED_OR_BALANCED	0	0	0	1.0	1.0	LIMITED_OR_BALANCED	0	0	0	1.0	1.0	NO_REPRODUCIBLE_DIRECTION
blaPLA1a	LIMITED_OR_BALANCED	1	1	0	1.0	1.0	LIMITED_OR_BALANCED	1	1	0	1.0	1.0	NO_REPRODUCIBLE_DIRECTION
blaSHV-12	LIMITED_OR_BALANCED	0	0	0	1.0	1.0	LIMITED_OR_BALANCED	0	0	0	1.0	1.0	NO_REPRODUCIBLE_DIRECTION
blaSHV-129	LIMITED_OR_BALANCED	1	1	0	1.0	1.0	LIMITED_OR_BALANCED	1	1	0	1.0	1.0	NO_REPRODUCIBLE_DIRECTION
blaTEM-104	LIMITED_OR_BALANCED	1	1	0	1.0	1.0	NA	NA	NA	NA	NA	NA	NO_REPRODUCIBLE_DIRECTION
blaTEM-116	LIMITED_OR_BALANCED	1	1	0	1.0	1.0	NA	NA	NA	NA	NA	NA	NO_REPRODUCIBLE_DIRECTION
blaTEM-122	LIMITED_OR_BALANCED	2	2	0	0.5	0.9029126213592233	LIMITED_OR_BALANCED	2	2	0	0.5	0.8858695652173914	NO_REPRODUCIBLE_DIRECTION
blaTEM-1B	LIMITED_OR_BALANCED	1	1	0	1.0	1.0	LIMITED_OR_BALANCED	1	1	0	1.0	1.0	NO_REPRODUCIBLE_DIRECTION
blaTER-2	LIMITED_OR_BALANCED	1	1	0	1.0	1.0	LIMITED_OR_BALANCED	1	1	0	1.0	1.0	NO_REPRODUCIBLE_DIRECTION
blaVEB-1	LIMITED_OR_BALANCED	2	2	0	0.5	0.9029126213592233	LIMITED_OR_BALANCED	2	2	0	0.5	0.8858695652173914	NO_REPRODUCIBLE_DIRECTION
blaVEB-3	LIMITED_OR_BALANCED	2	2	0	0.5	0.9029126213592233	LIMITED_OR_BALANCED	2	2	0	0.5	0.8858695652173914	NO_REPRODUCIBLE_DIRECTION
cat	LIMITED_OR_BALANCED	5	4	0	0.125	0.3184931506849315	LIMITED_OR_BALANCED	4	4	0	0.125	0.3704545454545455	NO_REPRODUCIBLE_DIRECTION
cat(pC194)	LIMITED_OR_BALANCED	1	1	0	1.0	1.0	NA	NA	NA	NA	NA	NA	NO_REPRODUCIBLE_DIRECTION
catB2	LIMITED_OR_BALANCED	1	1	0	1.0	1.0	LIMITED_OR_BALANCED	1	1	0	1.0	1.0	NO_REPRODUCIBLE_DIRECTION
catB3	LIMITED_OR_BALANCED	4	4	0	0.125	0.3184931506849315	LIMITED_OR_BALANCED	3	3	0	0.25	0.5506756756756757	NO_REPRODUCIBLE_DIRECTION
catB8	LIMITED_OR_BALANCED	1	1	0	1.0	1.0	LIMITED_OR_BALANCED	0	0	0	1.0	1.0	NO_REPRODUCIBLE_DIRECTION
catP	LIMITED_OR_BALANCED	4	4	0	0.125	0.3184931506849315	LIMITED_OR_BALANCED	2	2	0	0.5	0.8858695652173914	NO_REPRODUCIBLE_DIRECTION
catQ	LIMITED_OR_BALANCED	4	4	0	0.125	0.3184931506849315	LIMITED_OR_BALANCED	3	3	0	0.25	0.5506756756756757	NO_REPRODUCIBLE_DIRECTION
catS	LIMITED_OR_BALANCED	5	5	0	0.0625	0.26420454545454547	LIMITED_OR_BALANCED	5	5	0	0.0625	0.2546875	NO_REPRODUCIBLE_DIRECTION
cfxA	LIMITED_OR_BALANCED	1	1	0	1.0	1.0	LIMITED_OR_BALANCED	1	1	0	1.0	1.0	NO_REPRODUCIBLE_DIRECTION
cfxA3	I_FAVOURING_2PLUS_NO_E	8	7	0	0.015625	0.1453125	I_FAVOURING_2PLUS_NO_E	7	6	0	0.03125	0.2546875	I_FAVOURING_BOTH_THRESHOLDS
cfxA5	LIMITED_OR_BALANCED	1	1	0	1.0	1.0	LIMITED_OR_BALANCED	1	1	0	1.0	1.0	NO_REPRODUCIBLE_DIRECTION
cfxA6	I_FAVOURING_2PLUS_NO_E	7	6	0	0.03125	0.2152777777777778	I_FAVOURING_2PLUS_NO_E	7	6	0	0.03125	0.2546875	I_FAVOURING_BOTH_THRESHOLDS
cml	LIMITED_OR_BALANCED	1	1	0	1.0	1.0	LIMITED_OR_BALANCED	1	1	0	1.0	1.0	NO_REPRODUCIBLE_DIRECTION
cmx	LIMITED_OR_BALANCED	1	1	0	1.0	1.0	LIMITED_OR_BALANCED	1	1	0	1.0	1.0	NO_REPRODUCIBLE_DIRECTION
cphA1	LIMITED_OR_BALANCED	-1	0	1	1.0	1.0	LIMITED_OR_BALANCED	-1	0	1	1.0	1.0	NO_REPRODUCIBLE_DIRECTION
cphA4	LIMITED_OR_BALANCED	0	0	0	1.0	1.0	LIMITED_OR_BALANCED	-1	0	1	1.0	1.0	NO_REPRODUCIBLE_DIRECTION
dfrA1	LIMITED_OR_BALANCED	1	1	0	1.0	1.0	LIMITED_OR_BALANCED	1	1	0	1.0	1.0	NO_REPRODUCIBLE_DIRECTION
dfrA12	LIMITED_OR_BALANCED	3	3	0	0.25	0.5406976744186046	LIMITED_OR_BALANCED	3	3	0	0.25	0.5506756756756757	NO_REPRODUCIBLE_DIRECTION
dfrA14	LIMITED_OR_BALANCED	5	4	0	0.125	0.3184931506849315	LIMITED_OR_BALANCED	5	4	0	0.125	0.3704545454545455	NO_REPRODUCIBLE_DIRECTION
dfrA15	LIMITED_OR_BALANCED	-1	0	1	1.0	1.0	LIMITED_OR_BALANCED	-1	0	1	1.0	1.0	NO_REPRODUCIBLE_DIRECTION
dfrA27	LIMITED_OR_BALANCED	-1	0	1	1.0	1.0	LIMITED_OR_BALANCED	-1	0	1	1.0	1.0	NO_REPRODUCIBLE_DIRECTION
dfrA3	LIMITED_OR_BALANCED	1	1	0	1.0	1.0	NA	NA	NA	NA	NA	NA	NO_REPRODUCIBLE_DIRECTION
dfrA5	LIMITED_OR_BALANCED	-1	0	1	1.0	1.0	NA	NA	NA	NA	NA	NA	NO_REPRODUCIBLE_DIRECTION
dfrA7	LIMITED_OR_BALANCED	0	0	0	1.0	1.0	LIMITED_OR_BALANCED	0	0	0	1.0	1.0	NO_REPRODUCIBLE_DIRECTION
dfrB1	LIMITED_OR_BALANCED	4	3	0	0.25	0.5406976744186046	LIMITED_OR_BALANCED	3	2	0	0.5	0.8858695652173914	NO_REPRODUCIBLE_DIRECTION
dfrB4	LIMITED_OR_BALANCED	0	0	0	1.0	1.0	LIMITED_OR_BALANCED	0	0	0	1.0	1.0	NO_REPRODUCIBLE_DIRECTION
ere(A)	LIMITED_OR_BALANCED	4	4	0	0.125	0.3184931506849315	LIMITED_OR_BALANCED	3	3	0	0.25	0.5506756756756757	NO_REPRODUCIBLE_DIRECTION
ere(D)	LIMITED_OR_BALANCED	4	4	0	0.125	0.3184931506849315	LIMITED_OR_BALANCED	4	4	0	0.125	0.3704545454545455	NO_REPRODUCIBLE_DIRECTION
erm(47)	LIMITED_OR_BALANCED	4	4	0	0.125	0.3184931506849315	LIMITED_OR_BALANCED	3	3	0	0.25	0.5506756756756757	NO_REPRODUCIBLE_DIRECTION
erm(50)	LIMITED_OR_BALANCED	1	1	0	1.0	1.0	LIMITED_OR_BALANCED	1	1	0	1.0	1.0	NO_REPRODUCIBLE_DIRECTION
erm(A)	LIMITED_OR_BALANCED	2	2	0	0.5	0.9029126213592233	LIMITED_OR_BALANCED	1	1	0	1.0	1.0	NO_REPRODUCIBLE_DIRECTION
erm(B)	I_FAVOURING_2PLUS_NO_E	12	7	0	0.015625	0.1453125	I_FAVOURING_2PLUS_NO_E	10	6	0	0.03125	0.2546875	I_FAVOURING_BOTH_THRESHOLDS
erm(F)	I_FAVOURING_ALL_3	13	10	0	0.001953125	0.060546875	I_FAVOURING_ALL_3	12	9	0	0.00390625	0.10611979166666667	I_FAVOURING_BOTH_THRESHOLDS
erm(G)	LIMITED_OR_BALANCED	5	5	0	0.0625	0.26420454545454547	LIMITED_OR_BALANCED	6	5	0	0.0625	0.2546875	NO_REPRODUCIBLE_DIRECTION
erm(Q)	LIMITED_OR_BALANCED	1	1	0	1.0	1.0	NA	NA	NA	NA	NA	NA	NO_REPRODUCIBLE_DIRECTION
erm(X)	LIMITED_OR_BALANCED	4	4	0	0.125	0.3184931506849315	LIMITED_OR_BALANCED	3	3	0	0.25	0.5506756756756757	NO_REPRODUCIBLE_DIRECTION
fosA	LIMITED_OR_BALANCED	2	2	0	0.5	0.9029126213592233	LIMITED_OR_BALANCED	2	2	0	0.5	0.8858695652173914	NO_REPRODUCIBLE_DIRECTION
lnu(B)	LIMITED_OR_BALANCED	6	5	0	0.0625	0.26420454545454547	LIMITED_OR_BALANCED	5	5	0	0.0625	0.2546875	NO_REPRODUCIBLE_DIRECTION
lnu(C)	LIMITED_OR_BALANCED	7	5	0	0.0625	0.26420454545454547	LIMITED_OR_BALANCED	6	5	0	0.0625	0.2546875	NO_REPRODUCIBLE_DIRECTION
lnu(G)	LIMITED_OR_BALANCED	3	3	0	0.25	0.5406976744186046	LIMITED_OR_BALANCED	3	3	0	0.25	0.5506756756756757	NO_REPRODUCIBLE_DIRECTION
lsa(E)	LIMITED_OR_BALANCED	6	5	0	0.0625	0.26420454545454547	LIMITED_OR_BALANCED	5	5	0	0.0625	0.2546875	NO_REPRODUCIBLE_DIRECTION
mcr-3.17	LIMITED_OR_BALANCED	0	0	0	1.0	1.0	LIMITED_OR_BALANCED	0	0	0	1.0	1.0	NO_REPRODUCIBLE_DIRECTION
mcr-3.19	LIMITED_OR_BALANCED	-1	0	1	1.0	1.0	NA	NA	NA	NA	NA	NA	NO_REPRODUCIBLE_DIRECTION
mcr-3.33	LIMITED_OR_BALANCED	1	1	0	1.0	1.0	NA	NA	NA	NA	NA	NA	NO_REPRODUCIBLE_DIRECTION
mcr-9.1	LIMITED_OR_BALANCED	1	1	0	1.0	1.0	LIMITED_OR_BALANCED	1	1	0	1.0	1.0	NO_REPRODUCIBLE_DIRECTION
mef(A)	LIMITED_OR_BALANCED	6	5	0	0.0625	0.26420454545454547	LIMITED_OR_BALANCED	5	5	0	0.0625	0.2546875	NO_REPRODUCIBLE_DIRECTION
mef(B)	I_FAVOURING_2PLUS_NO_E	4	4	0	0.125	0.3184931506849315	LIMITED_OR_BALANCED	1	1	0	1.0	1.0	I_FAVOURING_PRIMARY_ONLY
mef(C)	I_FAVOURING_2PLUS_NO_E	6	5	0	0.0625	0.26420454545454547	I_FAVOURING_2PLUS_NO_E	7	5	0	0.0625	0.2546875	I_FAVOURING_BOTH_THRESHOLDS
mph(A)	I_FAVOURING_2PLUS_NO_E	8	6	0	0.03125	0.2152777777777778	I_FAVOURING_2PLUS_NO_E	6	6	0	0.03125	0.2546875	I_FAVOURING_BOTH_THRESHOLDS
mph(E)	I_FAVOURING_ALL_3	13	9	0	0.00390625	0.07265625	I_FAVOURING_ALL_3	15	10	0	0.001953125	0.10611979166666667	I_FAVOURING_BOTH_THRESHOLDS
mph(G)	I_FAVOURING_2PLUS_NO_E	7	7	0	0.015625	0.1453125	LIMITED_OR_BALANCED	3	3	0	0.25	0.5506756756756757	I_FAVOURING_PRIMARY_ONLY
mph(N)	MIXED_DIRECTION	0	1	1	1.0	1.0	LIMITED_OR_BALANCED	1	1	0	1.0	1.0	NO_REPRODUCIBLE_DIRECTION
msr(D)	LIMITED_OR_BALANCED	5	4	0	0.125	0.3184931506849315	LIMITED_OR_BALANCED	6	5	0	0.0625	0.2546875	NO_REPRODUCIBLE_DIRECTION
msr(E)	I_FAVOURING_ALL_3	13	10	0	0.001953125	0.060546875	I_FAVOURING_ALL_3	16	11	0	0.0009765625	0.10611979166666667	I_FAVOURING_BOTH_THRESHOLDS
nimA	LIMITED_OR_BALANCED	3	3	0	0.25	0.5406976744186046	LIMITED_OR_BALANCED	3	3	0	0.25	0.5506756756756757	NO_REPRODUCIBLE_DIRECTION
nimD	LIMITED_OR_BALANCED	2	2	0	0.5	0.9029126213592233	LIMITED_OR_BALANCED	2	2	0	0.5	0.8858695652173914	NO_REPRODUCIBLE_DIRECTION
qnrB19	LIMITED_OR_BALANCED	0	0	0	1.0	1.0	LIMITED_OR_BALANCED	0	0	0	1.0	1.0	NO_REPRODUCIBLE_DIRECTION
qnrD1	LIMITED_OR_BALANCED	0	0	0	1.0	1.0	LIMITED_OR_BALANCED	0	0	0	1.0	1.0	NO_REPRODUCIBLE_DIRECTION
qnrS10	LIMITED_OR_BALANCED	1	1	0	1.0	1.0	LIMITED_OR_BALANCED	1	1	0	1.0	1.0	NO_REPRODUCIBLE_DIRECTION
qnrS2	I_FAVOURING_2PLUS_NO_E	7	7	0	0.015625	0.1453125	I_FAVOURING_2PLUS_NO_E	5	5	0	0.0625	0.2546875	I_FAVOURING_BOTH_THRESHOLDS
qnrVC1	LIMITED_OR_BALANCED	1	1	0	1.0	1.0	LIMITED_OR_BALANCED	1	1	0	1.0	1.0	NO_REPRODUCIBLE_DIRECTION
qnrVC4	LIMITED_OR_BALANCED	4	4	0	0.125	0.3184931506849315	LIMITED_OR_BALANCED	4	4	0	0.125	0.3704545454545455	NO_REPRODUCIBLE_DIRECTION
str	LIMITED_OR_BALANCED	2	2	0	0.5	0.9029126213592233	LIMITED_OR_BALANCED	1	1	0	1.0	1.0	NO_REPRODUCIBLE_DIRECTION
sul1	I_FAVOURING_ALL_3	14	10	0	0.001953125	0.060546875	I_FAVOURING_ALL_3	14	9	0	0.00390625	0.10611979166666667	I_FAVOURING_BOTH_THRESHOLDS
sul2	I_FAVOURING_2PLUS_NO_E	9	6	0	0.03125	0.2152777777777778	I_FAVOURING_2PLUS_NO_E	11	6	0	0.03125	0.2546875	I_FAVOURING_BOTH_THRESHOLDS
tet(32)	LIMITED_OR_BALANCED	4	4	0	0.125	0.3184931506849315	LIMITED_OR_BALANCED	4	4	0	0.125	0.3704545454545455	NO_REPRODUCIBLE_DIRECTION
tet(36)	LIMITED_OR_BALANCED	1	1	0	1.0	1.0	NA	NA	NA	NA	NA	NA	NO_REPRODUCIBLE_DIRECTION
tet(39)	I_FAVOURING_ALL_3	10	9	0	0.00390625	0.07265625	I_FAVOURING_ALL_3	8	7	0	0.015625	0.21223958333333334	I_FAVOURING_BOTH_THRESHOLDS
tet(40)	LIMITED_OR_BALANCED	5	5	0	0.0625	0.26420454545454547	LIMITED_OR_BALANCED	5	5	0	0.0625	0.2546875	NO_REPRODUCIBLE_DIRECTION
tet(44)	LIMITED_OR_BALANCED	4	4	0	0.125	0.3184931506849315	LIMITED_OR_BALANCED	3	3	0	0.25	0.5506756756756757	NO_REPRODUCIBLE_DIRECTION
tet(A)	LIMITED_OR_BALANCED	5	4	0	0.125	0.3184931506849315	LIMITED_OR_BALANCED	4	4	0	0.125	0.3704545454545455	NO_REPRODUCIBLE_DIRECTION
tet(C)	LIMITED_OR_BALANCED	6	4	0	0.125	0.3184931506849315	LIMITED_OR_BALANCED	5	4	0	0.125	0.3704545454545455	NO_REPRODUCIBLE_DIRECTION
tet(E)	LIMITED_OR_BALANCED	1	1	0	1.0	1.0	LIMITED_OR_BALANCED	1	1	0	1.0	1.0	NO_REPRODUCIBLE_DIRECTION
tet(G)	LIMITED_OR_BALANCED	1	1	0	1.0	1.0	NA	NA	NA	NA	NA	NA	NO_REPRODUCIBLE_DIRECTION
tet(M)	LIMITED_OR_BALANCED	5	4	0	0.125	0.3184931506849315	LIMITED_OR_BALANCED	4	4	0	0.125	0.3704545454545455	NO_REPRODUCIBLE_DIRECTION
tet(O)	I_FAVOURING_2PLUS_NO_E	7	6	0	0.03125	0.2152777777777778	LIMITED_OR_BALANCED	6	5	0	0.0625	0.2546875	I_FAVOURING_PRIMARY_ONLY
tet(Q)	I_FAVOURING_ALL_3	14	10	0	0.001953125	0.060546875	I_FAVOURING_ALL_3	12	9	0	0.00390625	0.10611979166666667	I_FAVOURING_BOTH_THRESHOLDS
tet(S)	LIMITED_OR_BALANCED	1	1	0	1.0	1.0	LIMITED_OR_BALANCED	1	1	0	1.0	1.0	NO_REPRODUCIBLE_DIRECTION
tet(W)	LIMITED_OR_BALANCED	6	5	0	0.0625	0.26420454545454547	LIMITED_OR_BALANCED	5	5	0	0.0625	0.2546875	NO_REPRODUCIBLE_DIRECTION
tet(X)	I_FAVOURING_2PLUS_NO_E	7	6	0	0.03125	0.2152777777777778	I_FAVOURING_2PLUS_NO_E	5	5	0	0.0625	0.2546875	I_FAVOURING_BOTH_THRESHOLDS
tetB(P)	LIMITED_OR_BALANCED	1	1	0	1.0	1.0	LIMITED_OR_BALANCED	1	1	0	1.0	1.0	NO_REPRODUCIBLE_DIRECTION
tmexC3	LIMITED_OR_BALANCED	1	1	0	1.0	1.0	LIMITED_OR_BALANCED	1	1	0	1.0	1.0	NO_REPRODUCIBLE_DIRECTION
tmexD3	LIMITED_OR_BALANCED	1	1	0	1.0	1.0	LIMITED_OR_BALANCED	1	1	0	1.0	1.0	NO_REPRODUCIBLE_DIRECTION
