GENE_CLEAN	PROJECTS_DETECTED	PROJECTS_I_ENRICHED	PROJECTS_E_ENRICHED	PROJECTS_BALANCED	CONSENSUS_CLASS	TOTAL_BOTH_PRESENT	TOTAL_E_ONLY	TOTAL_I_ONLY	TOTAL_DISCORDANT	I_ONLY_MINUS_E_ONLY	EXACT_BINOMIAL_P	P1066593_DIRECTION	P1066593_E_ONLY	P1066593_I_ONLY	P1346432_DIRECTION	P1346432_E_ONLY	P1346432_I_ONLY	P881852_DIRECTION	P881852_E_ONLY	P881852_I_ONLY	BH_FDR_Q
ARR-3	1	1	0	0	LIMITED_SUPPORT	1	0	5	5	5	0.062500	ABSENT	0	0	I_ENRICHED	0	5	ABSENT	0	0	0.219340
ARR-8	1	1	0	0	LIMITED_SUPPORT	2	0	4	4	4	0.125000	ABSENT	0	0	I_ENRICHED	0	4	ABSENT	0	0	0.310000
CmlA7	1	1	0	0	LIMITED_SUPPORT	2	0	3	3	3	0.250000	ABSENT	0	0	I_ENRICHED	0	3	ABSENT	0	0	0.540698
FloR	1	1	0	0	LIMITED_SUPPORT	0	0	2	2	2	0.500000	ABSENT	0	0	I_ENRICHED	0	2	ABSENT	0	0	0.894231
OqxA	1	1	0	0	LIMITED_SUPPORT	0	0	1	1	1	1.000000	ABSENT	0	0	I_ENRICHED	0	1	ABSENT	0	0	1.000000
TOprJ3	1	1	0	0	LIMITED_SUPPORT	0	0	1	1	1	1.000000	ABSENT	0	0	I_ENRICHED	0	1	ABSENT	0	0	1.000000
aac(3)-IIa	1	1	0	0	LIMITED_SUPPORT	0	0	4	4	4	0.125000	ABSENT	0	0	I_ENRICHED	0	4	ABSENT	0	0	0.310000
aac(3)-IId	1	0	0	1	BALANCED_ONLY	1	0	0	0	0	1.000000	ABSENT	0	0	BALANCED	0	0	ABSENT	0	0	1.000000
aac(3)-Ia	1	1	0	0	LIMITED_SUPPORT	1	0	4	4	4	0.125000	ABSENT	0	0	I_ENRICHED	0	4	ABSENT	0	0	0.310000
aac(6')-31	1	1	0	0	LIMITED_SUPPORT	0	0	2	2	2	0.500000	ABSENT	0	0	I_ENRICHED	0	2	ABSENT	0	0	0.894231
aac(6')-IIa	1	1	0	0	LIMITED_SUPPORT	1	0	1	1	1	1.000000	ABSENT	0	0	I_ENRICHED	0	1	ABSENT	0	0	1.000000
aac(6')-IIc	1	0	0	1	BALANCED_ONLY	1	0	0	0	0	1.000000	ABSENT	0	0	BALANCED	0	0	ABSENT	0	0	1.000000
aac(6')-Ib-cr	1	1	0	0	LIMITED_SUPPORT	0	0	1	1	1	1.000000	ABSENT	0	0	ABSENT	0	0	I_ENRICHED	0	1	1.000000
aac(6')-Ii	1	1	0	0	LIMITED_SUPPORT	0	0	1	1	1	1.000000	ABSENT	0	0	I_ENRICHED	0	1	ABSENT	0	0	1.000000
aac(6')-Im	1	1	0	0	LIMITED_SUPPORT	0	0	2	2	2	0.500000	ABSENT	0	0	I_ENRICHED	0	2	ABSENT	0	0	0.894231
aac(6')-aph(2'')	1	1	0	0	LIMITED_SUPPORT	0	0	1	1	1	1.000000	ABSENT	0	0	I_ENRICHED	0	1	ABSENT	0	0	1.000000
aadA1	2	0	0	2	BALANCED_ONLY	1	2	2	4	0	1.000000	ABSENT	0	0	BALANCED	1	1	BALANCED	1	1	1.000000
aadA10	2	2	0	0	I_ENRICHED_2PLUS_NO_E	1	0	4	4	4	0.125000	ABSENT	0	0	I_ENRICHED	0	3	I_ENRICHED	0	1	0.310000
aadA11	2	2	0	0	I_ENRICHED_2PLUS_NO_E	2	0	6	6	6	0.031250	ABSENT	0	0	I_ENRICHED	0	3	I_ENRICHED	0	3	0.145313
aadA13	2	2	0	0	I_ENRICHED_2PLUS_NO_E	0	0	6	6	6	0.031250	ABSENT	0	0	I_ENRICHED	0	5	I_ENRICHED	0	1	0.145313
aadA16	1	0	0	1	BALANCED_ONLY	1	0	0	0	0	1.000000	ABSENT	0	0	BALANCED	0	0	ABSENT	0	0	1.000000
aadA17	1	1	0	0	LIMITED_SUPPORT	0	0	1	1	1	1.000000	ABSENT	0	0	I_ENRICHED	0	1	ABSENT	0	0	1.000000
aadA2	2	1	1	0	MIXED_DIRECTION	1	1	6	7	5	0.125000	ABSENT	0	0	I_ENRICHED	0	6	E_ENRICHED	1	0	0.310000
aadA5	2	2	0	0	I_ENRICHED_2PLUS_NO_E	0	0	10	10	10	0.001953	ABSENT	0	0	I_ENRICHED	0	7	I_ENRICHED	0	3	0.025949
aadA6	2	2	0	0	I_ENRICHED_2PLUS_NO_E	0	0	7	7	7	0.015625	ABSENT	0	0	I_ENRICHED	0	6	I_ENRICHED	0	1	0.100216
aadA7	1	1	0	0	LIMITED_SUPPORT	0	0	3	3	3	0.250000	ABSENT	0	0	I_ENRICHED	0	3	ABSENT	0	0	0.540698
aadA8b	1	1	0	0	LIMITED_SUPPORT	0	0	1	1	1	1.000000	I_ENRICHED	0	1	ABSENT	0	0	ABSENT	0	0	1.000000
aadD	1	1	0	0	LIMITED_SUPPORT	0	0	1	1	1	1.000000	ABSENT	0	0	I_ENRICHED	0	1	ABSENT	0	0	1.000000
ampS	1	0	1	0	LIMITED_SUPPORT	1	1	0	1	-1	1.000000	ABSENT	0	0	E_ENRICHED	1	0	ABSENT	0	0	1.000000
ant(2'')-Ia	1	1	0	0	LIMITED_SUPPORT	1	0	3	3	3	0.250000	ABSENT	0	0	I_ENRICHED	0	3	ABSENT	0	0	0.540698
ant(3'')-Ia	3	3	0	0	I_ENRICHED_ALL_3	2	1	12	13	11	0.003418	I_ENRICHED	0	1	I_ENRICHED	0	5	I_ENRICHED	1	6	0.042383
ant(6)-Ia	1	1	0	0	LIMITED_SUPPORT	1	0	5	5	5	0.062500	ABSENT	0	0	I_ENRICHED	0	5	ABSENT	0	0	0.219340
aph(2'')-Ib	1	1	0	0	LIMITED_SUPPORT	0	0	2	2	2	0.500000	ABSENT	0	0	I_ENRICHED	0	2	ABSENT	0	0	0.894231
aph(3'')-Ib	3	3	0	0	I_ENRICHED_ALL_3	3	0	15	15	15	0.000061	I_ENRICHED	0	2	I_ENRICHED	0	7	I_ENRICHED	0	6	0.005676
aph(3')-III	1	1	0	0	LIMITED_SUPPORT	0	0	6	6	6	0.031250	ABSENT	0	0	I_ENRICHED	0	6	ABSENT	0	0	0.145313
aph(3')-Ia	1	1	0	0	LIMITED_SUPPORT	1	0	4	4	4	0.125000	ABSENT	0	0	I_ENRICHED	0	4	ABSENT	0	0	0.310000
aph(3')-VI	1	1	0	0	LIMITED_SUPPORT	0	0	2	2	2	0.500000	ABSENT	0	0	I_ENRICHED	0	2	ABSENT	0	0	0.894231
aph(3')-VIa	1	1	0	0	LIMITED_SUPPORT	0	0	1	1	1	1.000000	ABSENT	0	0	I_ENRICHED	0	1	ABSENT	0	0	1.000000
aph(3')-VIb	1	1	0	0	LIMITED_SUPPORT	1	0	1	1	1	1.000000	ABSENT	0	0	I_ENRICHED	0	1	ABSENT	0	0	1.000000
aph(6)-Id	3	3	0	0	I_ENRICHED_ALL_3	3	0	13	13	13	0.000244	I_ENRICHED	0	1	I_ENRICHED	0	6	I_ENRICHED	0	6	0.005676
blaACI-1	1	1	0	0	LIMITED_SUPPORT	0	0	4	4	4	0.125000	ABSENT	0	0	I_ENRICHED	0	4	ABSENT	0	0	0.310000
blaAER-1	1	1	0	0	LIMITED_SUPPORT	0	0	3	3	3	0.250000	ABSENT	0	0	I_ENRICHED	0	3	ABSENT	0	0	0.540698
blaBEL-1	2	2	0	0	I_ENRICHED_2PLUS_NO_E	1	0	8	8	8	0.007812	ABSENT	0	0	I_ENRICHED	0	5	I_ENRICHED	0	3	0.072656
blaCEPH-A3	1	0	1	0	LIMITED_SUPPORT	0	2	0	2	-2	0.500000	ABSENT	0	0	E_ENRICHED	2	0	ABSENT	0	0	0.894231
blaCMY-48	1	1	0	0	LIMITED_SUPPORT	0	0	1	1	1	1.000000	ABSENT	0	0	I_ENRICHED	0	1	ABSENT	0	0	1.000000
blaCMY-65	1	1	0	0	LIMITED_SUPPORT	0	0	1	1	1	1.000000	ABSENT	0	0	I_ENRICHED	0	1	ABSENT	0	0	1.000000
blaCTX-M-3	1	0	1	0	LIMITED_SUPPORT	0	1	0	1	-1	1.000000	ABSENT	0	0	E_ENRICHED	1	0	ABSENT	0	0	1.000000
blaCTX-M-36	1	1	0	0	LIMITED_SUPPORT	0	0	1	1	1	1.000000	ABSENT	0	0	I_ENRICHED	0	1	ABSENT	0	0	1.000000
blaFOX-2	1	0	0	1	BALANCED_ONLY	0	1	1	2	0	1.000000	ABSENT	0	0	BALANCED	1	1	ABSENT	0	0	1.000000
blaFOX-9	1	1	0	0	LIMITED_SUPPORT	0	0	1	1	1	1.000000	ABSENT	0	0	I_ENRICHED	0	1	ABSENT	0	0	1.000000
blaGES-1	1	0	0	1	BALANCED_ONLY	0	1	1	2	0	1.000000	ABSENT	0	0	BALANCED	1	1	ABSENT	0	0	1.000000
blaGES-20	1	1	0	0	LIMITED_SUPPORT	0	0	1	1	1	1.000000	ABSENT	0	0	ABSENT	0	0	I_ENRICHED	0	1	1.000000
blaGES-5	1	1	0	0	LIMITED_SUPPORT	0	0	5	5	5	0.062500	ABSENT	0	0	I_ENRICHED	0	5	ABSENT	0	0	0.219340
blaIMP-16	3	3	0	0	I_ENRICHED_ALL_3	0	0	8	8	8	0.007812	I_ENRICHED	0	1	I_ENRICHED	0	4	I_ENRICHED	0	3	0.072656
blaIMP-28	1	1	0	0	LIMITED_SUPPORT	0	0	1	1	1	1.000000	ABSENT	0	0	ABSENT	0	0	I_ENRICHED	0	1	1.000000
blaIMP-33	2	2	0	0	I_ENRICHED_2PLUS_NO_E	0	0	7	7	7	0.015625	ABSENT	0	0	I_ENRICHED	0	2	I_ENRICHED	0	5	0.100216
blaIMP-5	1	0	0	1	BALANCED_ONLY	0	2	2	4	0	1.000000	ABSENT	0	0	ABSENT	0	0	BALANCED	2	2	1.000000
blaIMP-54	1	1	0	0	LIMITED_SUPPORT	0	0	1	1	1	1.000000	ABSENT	0	0	I_ENRICHED	0	1	ABSENT	0	0	1.000000
blaKLUC-2	1	1	0	0	LIMITED_SUPPORT	0	0	1	1	1	1.000000	ABSENT	0	0	I_ENRICHED	0	1	ABSENT	0	0	1.000000
blaLCR-1	1	1	0	0	LIMITED_SUPPORT	0	0	1	1	1	1.000000	ABSENT	0	0	I_ENRICHED	0	1	ABSENT	0	0	1.000000
blaMOX-6	1	0	0	1	BALANCED_ONLY	1	0	0	0	0	1.000000	ABSENT	0	0	BALANCED	0	0	ABSENT	0	0	1.000000
blaNPS	1	1	0	0	LIMITED_SUPPORT	0	0	1	1	1	1.000000	ABSENT	0	0	I_ENRICHED	0	1	ABSENT	0	0	1.000000
blaOXA-1	1	0	1	0	LIMITED_SUPPORT	0	1	0	1	-1	1.000000	ABSENT	0	0	E_ENRICHED	1	0	ABSENT	0	0	1.000000
blaOXA-10	3	3	0	0	I_ENRICHED_ALL_3	2	0	11	11	11	0.000977	I_ENRICHED	0	1	I_ENRICHED	0	6	I_ENRICHED	0	4	0.015137
blaOXA-101	2	2	0	0	I_ENRICHED_2PLUS_NO_E	0	0	5	5	5	0.062500	ABSENT	0	0	I_ENRICHED	0	4	I_ENRICHED	0	1	0.219340
blaOXA-119	2	2	0	0	I_ENRICHED_2PLUS_NO_E	0	0	6	6	6	0.031250	ABSENT	0	0	I_ENRICHED	0	4	I_ENRICHED	0	2	0.145313
blaOXA-129	1	1	0	0	LIMITED_SUPPORT	0	0	6	6	6	0.031250	ABSENT	0	0	I_ENRICHED	0	6	ABSENT	0	0	0.145313
blaOXA-13	1	0	1	0	LIMITED_SUPPORT	0	1	0	1	-1	1.000000	ABSENT	0	0	E_ENRICHED	1	0	ABSENT	0	0	1.000000
blaOXA-2	2	2	0	0	I_ENRICHED_2PLUS_NO_E	1	0	7	7	7	0.015625	ABSENT	0	0	I_ENRICHED	0	6	I_ENRICHED	0	1	0.100216
blaOXA-20	2	2	0	0	I_ENRICHED_2PLUS_NO_E	0	0	11	11	11	0.000977	ABSENT	0	0	I_ENRICHED	0	7	I_ENRICHED	0	4	0.015137
blaOXA-205	2	2	0	0	I_ENRICHED_2PLUS_NO_E	0	0	12	12	12	0.000488	ABSENT	0	0	I_ENRICHED	0	6	I_ENRICHED	0	6	0.009082
blaOXA-21	1	0	0	1	BALANCED_ONLY	1	0	0	0	0	1.000000	ABSENT	0	0	BALANCED	0	0	ABSENT	0	0	1.000000
blaOXA-211	1	1	0	0	LIMITED_SUPPORT	1	0	3	3	3	0.250000	ABSENT	0	0	I_ENRICHED	0	3	ABSENT	0	0	0.540698
blaOXA-212	1	1	0	0	LIMITED_SUPPORT	0	0	2	2	2	0.500000	ABSENT	0	0	I_ENRICHED	0	2	ABSENT	0	0	0.894231
blaOXA-256	1	1	0	0	LIMITED_SUPPORT	1	0	2	2	2	0.500000	ABSENT	0	0	ABSENT	0	0	I_ENRICHED	0	2	0.894231
blaOXA-280	1	1	0	0	LIMITED_SUPPORT	1	0	2	2	2	0.500000	ABSENT	0	0	I_ENRICHED	0	2	ABSENT	0	0	0.894231
blaOXA-281	1	0	1	0	LIMITED_SUPPORT	0	1	0	1	-1	1.000000	ABSENT	0	0	E_ENRICHED	1	0	ABSENT	0	0	1.000000
blaOXA-296	1	1	0	0	LIMITED_SUPPORT	1	0	5	5	5	0.062500	ABSENT	0	0	I_ENRICHED	0	5	ABSENT	0	0	0.219340
blaOXA-299	1	1	0	0	LIMITED_SUPPORT	0	0	1	1	1	1.000000	ABSENT	0	0	I_ENRICHED	0	1	ABSENT	0	0	1.000000
blaOXA-333	1	1	0	0	LIMITED_SUPPORT	2	0	3	3	3	0.250000	ABSENT	0	0	I_ENRICHED	0	3	ABSENT	0	0	0.540698
blaOXA-347	1	1	0	0	LIMITED_SUPPORT	0	0	3	3	3	0.250000	ABSENT	0	0	I_ENRICHED	0	3	ABSENT	0	0	0.540698
blaOXA-373	1	1	0	0	LIMITED_SUPPORT	0	0	4	4	4	0.125000	ABSENT	0	0	I_ENRICHED	0	4	ABSENT	0	0	0.310000
blaOXA-392	1	1	0	0	LIMITED_SUPPORT	0	0	1	1	1	1.000000	ABSENT	0	0	I_ENRICHED	0	1	ABSENT	0	0	1.000000
blaOXA-4	3	3	0	0	I_ENRICHED_ALL_3	1	0	18	18	18	0.000008	I_ENRICHED	0	1	I_ENRICHED	0	10	I_ENRICHED	0	7	0.001419
blaOXA-427	1	1	0	0	LIMITED_SUPPORT	2	0	4	4	4	0.125000	ABSENT	0	0	I_ENRICHED	0	4	ABSENT	0	0	0.310000
blaOXA-46	2	2	0	0	I_ENRICHED_2PLUS_NO_E	0	0	2	2	2	0.500000	ABSENT	0	0	I_ENRICHED	0	1	I_ENRICHED	0	1	0.894231
blaOXA-464	1	0	0	1	BALANCED_ONLY	1	0	0	0	0	1.000000	ABSENT	0	0	BALANCED	0	0	ABSENT	0	0	1.000000
blaOXA-5	1	1	0	0	LIMITED_SUPPORT	0	0	1	1	1	1.000000	ABSENT	0	0	I_ENRICHED	0	1	ABSENT	0	0	1.000000
blaOXA-58	2	2	0	0	I_ENRICHED_2PLUS_NO_E	0	1	4	5	3	0.375000	I_ENRICHED	0	1	I_ENRICHED	1	3	ABSENT	0	0	0.801724
blaOXA-72	1	1	0	0	LIMITED_SUPPORT	0	0	1	1	1	1.000000	ABSENT	0	0	I_ENRICHED	0	1	ABSENT	0	0	1.000000
blaOXA-9	1	1	0	0	LIMITED_SUPPORT	0	0	4	4	4	0.125000	ABSENT	0	0	I_ENRICHED	0	4	ABSENT	0	0	0.310000
blaPAU-1	1	1	0	0	LIMITED_SUPPORT	0	0	3	3	3	0.250000	ABSENT	0	0	I_ENRICHED	0	3	ABSENT	0	0	0.540698
blaPER-4	1	0	0	1	BALANCED_ONLY	1	0	0	0	0	1.000000	ABSENT	0	0	BALANCED	0	0	ABSENT	0	0	1.000000
blaPLA1a	1	1	0	0	LIMITED_SUPPORT	0	0	1	1	1	1.000000	ABSENT	0	0	I_ENRICHED	0	1	ABSENT	0	0	1.000000
blaSHV-12	1	0	0	1	BALANCED_ONLY	1	0	0	0	0	1.000000	ABSENT	0	0	BALANCED	0	0	ABSENT	0	0	1.000000
blaSHV-129	1	1	0	0	LIMITED_SUPPORT	0	0	1	1	1	1.000000	ABSENT	0	0	I_ENRICHED	0	1	ABSENT	0	0	1.000000
blaTEM-104	1	1	0	0	LIMITED_SUPPORT	0	0	1	1	1	1.000000	ABSENT	0	0	I_ENRICHED	0	1	ABSENT	0	0	1.000000
blaTEM-116	1	1	0	0	LIMITED_SUPPORT	0	0	1	1	1	1.000000	I_ENRICHED	0	1	ABSENT	0	0	ABSENT	0	0	1.000000
blaTEM-122	1	1	0	0	LIMITED_SUPPORT	0	0	2	2	2	0.500000	ABSENT	0	0	I_ENRICHED	0	2	ABSENT	0	0	0.894231
blaTEM-1B	1	1	0	0	LIMITED_SUPPORT	1	0	1	1	1	1.000000	ABSENT	0	0	I_ENRICHED	0	1	ABSENT	0	0	1.000000
blaTER-2	1	1	0	0	LIMITED_SUPPORT	0	0	1	1	1	1.000000	ABSENT	0	0	I_ENRICHED	0	1	ABSENT	0	0	1.000000
blaVEB-1	1	1	0	0	LIMITED_SUPPORT	1	0	2	2	2	0.500000	ABSENT	0	0	I_ENRICHED	0	2	ABSENT	0	0	0.894231
blaVEB-3	1	1	0	0	LIMITED_SUPPORT	1	0	2	2	2	0.500000	ABSENT	0	0	I_ENRICHED	0	2	ABSENT	0	0	0.894231
cat	1	1	0	0	LIMITED_SUPPORT	1	0	5	5	5	0.062500	ABSENT	0	0	I_ENRICHED	0	5	ABSENT	0	0	0.219340
cat(pC194)	1	1	0	0	LIMITED_SUPPORT	0	0	1	1	1	1.000000	ABSENT	0	0	I_ENRICHED	0	1	ABSENT	0	0	1.000000
catB2	1	1	0	0	LIMITED_SUPPORT	1	0	1	1	1	1.000000	ABSENT	0	0	I_ENRICHED	0	1	ABSENT	0	0	1.000000
catB3	1	1	0	0	LIMITED_SUPPORT	1	0	4	4	4	0.125000	ABSENT	0	0	I_ENRICHED	0	4	ABSENT	0	0	0.310000
catB8	1	1	0	0	LIMITED_SUPPORT	1	0	1	1	1	1.000000	ABSENT	0	0	I_ENRICHED	0	1	ABSENT	0	0	1.000000
catP	1	1	0	0	LIMITED_SUPPORT	0	0	4	4	4	0.125000	ABSENT	0	0	I_ENRICHED	0	4	ABSENT	0	0	0.310000
catQ	1	1	0	0	LIMITED_SUPPORT	0	0	4	4	4	0.125000	ABSENT	0	0	I_ENRICHED	0	4	ABSENT	0	0	0.310000
catS	1	1	0	0	LIMITED_SUPPORT	0	0	5	5	5	0.062500	ABSENT	0	0	I_ENRICHED	0	5	ABSENT	0	0	0.219340
cfxA	1	1	0	0	LIMITED_SUPPORT	0	0	1	1	1	1.000000	ABSENT	0	0	ABSENT	0	0	I_ENRICHED	0	1	1.000000
cfxA3	2	2	0	0	I_ENRICHED_2PLUS_NO_E	1	0	8	8	8	0.007812	ABSENT	0	0	I_ENRICHED	0	6	I_ENRICHED	0	2	0.072656
cfxA5	1	1	0	0	LIMITED_SUPPORT	0	0	1	1	1	1.000000	ABSENT	0	0	ABSENT	0	0	I_ENRICHED	0	1	1.000000
cfxA6	2	2	0	0	I_ENRICHED_2PLUS_NO_E	1	0	7	7	7	0.015625	ABSENT	0	0	I_ENRICHED	0	6	I_ENRICHED	0	1	0.100216
cml	1	1	0	0	LIMITED_SUPPORT	0	0	1	1	1	1.000000	ABSENT	0	0	I_ENRICHED	0	1	ABSENT	0	0	1.000000
cmx	1	1	0	0	LIMITED_SUPPORT	0	0	1	1	1	1.000000	ABSENT	0	0	I_ENRICHED	0	1	ABSENT	0	0	1.000000
cphA1	1	0	1	0	LIMITED_SUPPORT	0	1	0	1	-1	1.000000	ABSENT	0	0	E_ENRICHED	1	0	ABSENT	0	0	1.000000
cphA4	1	0	0	1	BALANCED_ONLY	1	0	0	0	0	1.000000	ABSENT	0	0	BALANCED	0	0	ABSENT	0	0	1.000000
dfrA1	1	1	0	0	LIMITED_SUPPORT	1	1	2	3	1	1.000000	ABSENT	0	0	I_ENRICHED	1	2	ABSENT	0	0	1.000000
dfrA12	1	1	0	0	LIMITED_SUPPORT	0	0	3	3	3	0.250000	ABSENT	0	0	I_ENRICHED	0	3	ABSENT	0	0	0.540698
dfrA14	1	1	0	0	LIMITED_SUPPORT	1	0	5	5	5	0.062500	ABSENT	0	0	I_ENRICHED	0	5	ABSENT	0	0	0.219340
dfrA15	1	0	1	0	LIMITED_SUPPORT	0	1	0	1	-1	1.000000	ABSENT	0	0	E_ENRICHED	1	0	ABSENT	0	0	1.000000
dfrA27	1	0	1	0	LIMITED_SUPPORT	0	1	0	1	-1	1.000000	ABSENT	0	0	E_ENRICHED	1	0	ABSENT	0	0	1.000000
dfrA3	1	1	0	0	LIMITED_SUPPORT	0	0	1	1	1	1.000000	ABSENT	0	0	I_ENRICHED	0	1	ABSENT	0	0	1.000000
dfrA5	1	0	1	0	LIMITED_SUPPORT	0	1	0	1	-1	1.000000	ABSENT	0	0	E_ENRICHED	1	0	ABSENT	0	0	1.000000
dfrA7	1	0	0	1	BALANCED_ONLY	1	0	0	0	0	1.000000	ABSENT	0	0	BALANCED	0	0	ABSENT	0	0	1.000000
dfrB1	1	1	0	0	LIMITED_SUPPORT	1	0	4	4	4	0.125000	ABSENT	0	0	I_ENRICHED	0	4	ABSENT	0	0	0.310000
dfrB4	1	0	0	1	BALANCED_ONLY	1	0	0	0	0	1.000000	ABSENT	0	0	BALANCED	0	0	ABSENT	0	0	1.000000
ere(A)	1	1	0	0	LIMITED_SUPPORT	0	0	4	4	4	0.125000	ABSENT	0	0	I_ENRICHED	0	4	ABSENT	0	0	0.310000
ere(D)	1	1	0	0	LIMITED_SUPPORT	1	0	4	4	4	0.125000	ABSENT	0	0	I_ENRICHED	0	4	ABSENT	0	0	0.310000
erm(47)	1	1	0	0	LIMITED_SUPPORT	0	0	4	4	4	0.125000	ABSENT	0	0	I_ENRICHED	0	4	ABSENT	0	0	0.310000
erm(50)	1	1	0	0	LIMITED_SUPPORT	0	0	1	1	1	1.000000	ABSENT	0	0	I_ENRICHED	0	1	ABSENT	0	0	1.000000
erm(A)	1	1	0	0	LIMITED_SUPPORT	0	0	2	2	2	0.500000	ABSENT	0	0	I_ENRICHED	0	2	ABSENT	0	0	0.894231
erm(B)	2	2	0	0	I_ENRICHED_2PLUS_NO_E	2	0	12	12	12	0.000488	ABSENT	0	0	I_ENRICHED	0	7	I_ENRICHED	0	5	0.009082
erm(F)	3	3	0	0	I_ENRICHED_ALL_3	4	0	13	13	13	0.000244	I_ENRICHED	0	1	I_ENRICHED	0	5	I_ENRICHED	0	7	0.005676
erm(G)	1	1	0	0	LIMITED_SUPPORT	1	0	5	5	5	0.062500	ABSENT	0	0	I_ENRICHED	0	5	ABSENT	0	0	0.219340
erm(Q)	1	1	0	0	LIMITED_SUPPORT	0	0	1	1	1	1.000000	ABSENT	0	0	I_ENRICHED	0	1	ABSENT	0	0	1.000000
erm(X)	1	1	0	0	LIMITED_SUPPORT	0	0	4	4	4	0.125000	ABSENT	0	0	I_ENRICHED	0	4	ABSENT	0	0	0.310000
fosA	1	1	0	0	LIMITED_SUPPORT	0	0	2	2	2	0.500000	ABSENT	0	0	I_ENRICHED	0	2	ABSENT	0	0	0.894231
lnu(B)	1	1	0	0	LIMITED_SUPPORT	0	0	6	6	6	0.031250	ABSENT	0	0	I_ENRICHED	0	6	ABSENT	0	0	0.145313
lnu(C)	1	1	0	0	LIMITED_SUPPORT	0	0	7	7	7	0.015625	ABSENT	0	0	I_ENRICHED	0	7	ABSENT	0	0	0.100216
lnu(G)	1	1	0	0	LIMITED_SUPPORT	0	0	3	3	3	0.250000	ABSENT	0	0	I_ENRICHED	0	3	ABSENT	0	0	0.540698
lsa(E)	1	1	0	0	LIMITED_SUPPORT	0	0	6	6	6	0.031250	ABSENT	0	0	I_ENRICHED	0	6	ABSENT	0	0	0.145313
mcr-3.17	1	0	0	1	BALANCED_ONLY	1	0	0	0	0	1.000000	ABSENT	0	0	BALANCED	0	0	ABSENT	0	0	1.000000
mcr-3.19	1	0	1	0	LIMITED_SUPPORT	0	1	0	1	-1	1.000000	ABSENT	0	0	E_ENRICHED	1	0	ABSENT	0	0	1.000000
mcr-3.33	1	1	0	0	LIMITED_SUPPORT	0	0	1	1	1	1.000000	ABSENT	0	0	I_ENRICHED	0	1	ABSENT	0	0	1.000000
mcr-9.1	1	1	0	0	LIMITED_SUPPORT	0	0	1	1	1	1.000000	ABSENT	0	0	I_ENRICHED	0	1	ABSENT	0	0	1.000000
mef(A)	1	1	0	0	LIMITED_SUPPORT	0	0	6	6	6	0.031250	ABSENT	0	0	I_ENRICHED	0	6	ABSENT	0	0	0.145313
mef(B)	2	2	0	0	I_ENRICHED_2PLUS_NO_E	0	0	4	4	4	0.125000	ABSENT	0	0	I_ENRICHED	0	3	I_ENRICHED	0	1	0.310000
mef(C)	2	2	0	0	I_ENRICHED_2PLUS_NO_E	3	0	6	6	6	0.031250	ABSENT	0	0	I_ENRICHED	0	4	I_ENRICHED	0	2	0.145313
mph(A)	2	2	0	0	I_ENRICHED_2PLUS_NO_E	2	0	8	8	8	0.007812	ABSENT	0	0	I_ENRICHED	0	5	I_ENRICHED	0	3	0.072656
mph(E)	3	3	0	0	I_ENRICHED_ALL_3	8	0	13	13	13	0.000244	I_ENRICHED	0	1	I_ENRICHED	0	7	I_ENRICHED	0	5	0.005676
mph(G)	2	2	0	0	I_ENRICHED_2PLUS_NO_E	3	0	7	7	7	0.015625	ABSENT	0	0	I_ENRICHED	0	4	I_ENRICHED	0	3	0.100216
mph(N)	2	1	1	0	MIXED_DIRECTION	1	1	1	2	0	1.000000	ABSENT	0	0	I_ENRICHED	0	1	E_ENRICHED	1	0	1.000000
msr(D)	1	1	0	0	LIMITED_SUPPORT	1	0	5	5	5	0.062500	ABSENT	0	0	I_ENRICHED	0	5	ABSENT	0	0	0.219340
msr(E)	3	3	0	0	I_ENRICHED_ALL_3	8	0	13	13	13	0.000244	I_ENRICHED	0	2	I_ENRICHED	0	7	I_ENRICHED	0	4	0.005676
nimA	1	1	0	0	LIMITED_SUPPORT	0	0	3	3	3	0.250000	ABSENT	0	0	I_ENRICHED	0	3	ABSENT	0	0	0.540698
nimD	1	1	0	0	LIMITED_SUPPORT	0	0	2	2	2	0.500000	ABSENT	0	0	I_ENRICHED	0	2	ABSENT	0	0	0.894231
qnrB19	1	0	0	1	BALANCED_ONLY	1	0	0	0	0	1.000000	ABSENT	0	0	BALANCED	0	0	ABSENT	0	0	1.000000
qnrD1	1	0	0	1	BALANCED_ONLY	1	0	0	0	0	1.000000	ABSENT	0	0	BALANCED	0	0	ABSENT	0	0	1.000000
qnrS10	1	1	0	0	LIMITED_SUPPORT	0	0	1	1	1	1.000000	ABSENT	0	0	I_ENRICHED	0	1	ABSENT	0	0	1.000000
qnrS2	2	2	0	0	I_ENRICHED_2PLUS_NO_E	3	0	7	7	7	0.015625	ABSENT	0	0	I_ENRICHED	0	4	I_ENRICHED	0	3	0.100216
qnrVC1	1	1	0	0	LIMITED_SUPPORT	0	0	1	1	1	1.000000	ABSENT	0	0	I_ENRICHED	0	1	ABSENT	0	0	1.000000
qnrVC4	1	1	0	0	LIMITED_SUPPORT	2	0	4	4	4	0.125000	ABSENT	0	0	I_ENRICHED	0	4	ABSENT	0	0	0.310000
str	1	1	0	0	LIMITED_SUPPORT	0	0	2	2	2	0.500000	ABSENT	0	0	I_ENRICHED	0	2	ABSENT	0	0	0.894231
sul1	3	3	0	0	I_ENRICHED_ALL_3	7	0	14	14	14	0.000122	I_ENRICHED	0	2	I_ENRICHED	0	8	I_ENRICHED	0	4	0.005676
sul2	2	2	0	0	I_ENRICHED_2PLUS_NO_E	3	0	9	9	9	0.003906	ABSENT	0	0	I_ENRICHED	0	6	I_ENRICHED	0	3	0.045410
tet(32)	1	1	0	0	LIMITED_SUPPORT	0	0	4	4	4	0.125000	ABSENT	0	0	I_ENRICHED	0	4	ABSENT	0	0	0.310000
tet(36)	1	1	0	0	LIMITED_SUPPORT	0	0	1	1	1	1.000000	ABSENT	0	0	I_ENRICHED	0	1	ABSENT	0	0	1.000000
tet(39)	3	3	0	0	I_ENRICHED_ALL_3	2	0	10	10	10	0.001953	I_ENRICHED	0	1	I_ENRICHED	0	5	I_ENRICHED	0	4	0.025949
tet(40)	1	1	0	0	LIMITED_SUPPORT	0	0	5	5	5	0.062500	ABSENT	0	0	I_ENRICHED	0	5	ABSENT	0	0	0.219340
tet(44)	1	1	0	0	LIMITED_SUPPORT	0	0	4	4	4	0.125000	ABSENT	0	0	I_ENRICHED	0	4	ABSENT	0	0	0.310000
tet(A)	1	1	0	0	LIMITED_SUPPORT	1	0	5	5	5	0.062500	ABSENT	0	0	I_ENRICHED	0	5	ABSENT	0	0	0.219340
tet(C)	2	1	0	1	LIMITED_SUPPORT	2	0	6	6	6	0.031250	ABSENT	0	0	I_ENRICHED	0	6	BALANCED	0	0	0.145313
tet(E)	1	1	0	0	LIMITED_SUPPORT	2	0	1	1	1	1.000000	ABSENT	0	0	I_ENRICHED	0	1	ABSENT	0	0	1.000000
tet(G)	1	1	0	0	LIMITED_SUPPORT	0	0	1	1	1	1.000000	ABSENT	0	0	I_ENRICHED	0	1	ABSENT	0	0	1.000000
tet(M)	1	1	0	0	LIMITED_SUPPORT	0	0	5	5	5	0.062500	ABSENT	0	0	I_ENRICHED	0	5	ABSENT	0	0	0.219340
tet(O)	2	2	0	0	I_ENRICHED_2PLUS_NO_E	1	0	7	7	7	0.015625	ABSENT	0	0	I_ENRICHED	0	6	I_ENRICHED	0	1	0.100216
tet(Q)	3	3	0	0	I_ENRICHED_ALL_3	1	0	14	14	14	0.000122	I_ENRICHED	0	1	I_ENRICHED	0	6	I_ENRICHED	0	7	0.005676
tet(S)	1	1	0	0	LIMITED_SUPPORT	0	0	1	1	1	1.000000	ABSENT	0	0	I_ENRICHED	0	1	ABSENT	0	0	1.000000
tet(W)	1	1	0	0	LIMITED_SUPPORT	1	0	6	6	6	0.031250	ABSENT	0	0	I_ENRICHED	0	6	ABSENT	0	0	0.145313
tet(X)	2	2	0	0	I_ENRICHED_2PLUS_NO_E	4	0	7	7	7	0.015625	ABSENT	0	0	I_ENRICHED	0	3	I_ENRICHED	0	4	0.100216
tetB(P)	1	1	0	0	LIMITED_SUPPORT	0	0	1	1	1	1.000000	ABSENT	0	0	I_ENRICHED	0	1	ABSENT	0	0	1.000000
tmexC3	1	1	0	0	LIMITED_SUPPORT	0	0	1	1	1	1.000000	ABSENT	0	0	I_ENRICHED	0	1	ABSENT	0	0	1.000000
tmexD3	1	1	0	0	LIMITED_SUPPORT	0	0	1	1	1	1.000000	ABSENT	0	0	I_ENRICHED	0	1	ABSENT	0	0	1.000000
